student_id,age,gender,education_level,stream,board,aptitude_logical,aptitude_verbal,aptitude_numerical,aptitude_spatial,personality_openness,personality_conscientiousness,personality_extraversion,personality_agreeableness,personality_neuroticism,interest_realistic,interest_investigative,interest_artistic,interest_social,interest_enterprising,interest_conventional,career_outcome
STU270140,16,M,class_10,commerce,cbse,45.89,70.57,57.18,76.3,5.0,2.91,4.55,4.32,2.36,2.46,3.45,4.29,2.13,3.72,2.01,Film Director
STU260066,15,M,class_10,undecided,cbse,69.69,77.11,35.0,46.97,1.64,3.81,1.24,4.85,2.85,3.22,1.71,4.45,4.66,3.12,1.0,Journalist
STU060099,15,M,class_10,science_pcm,icse,84.25,55.71,63.33,81.41,3.76,3.51,3.22,2.28,2.64,5.0,3.35,3.43,2.44,4.72,3.42,Mechanical Engineer
STU330064,22,M,undergraduate,vocational,cbse,71.53,74.23,80.95,87.25,2.91,2.26,4.35,4.26,1.1,3.6,3.32,2.95,3.06,4.58,3.49,Chef / Culinary Arts
STU010080,22,O,undergraduate,undecided,cbse,71.45,54.45,71.3,76.7,2.06,3.92,1.8,3.04,2.2,3.48,4.69,4.5,2.7,2.25,2.63,Software Engineer
STU170081,17,F,class_12,commerce,state,86.8,55.0,43.12,67.74,2.87,2.7,4.86,3.64,4.2,1.2,4.39,4.29,2.13,3.77,3.77,Digital Marketing Manager
STU240090,21,F,undergraduate,arts,icse,51.82,58.81,65.37,89.48,4.57,4.15,3.36,3.73,4.5,2.0,1.56,4.41,4.15,2.84,2.32,Architect
STU170099,18,M,undergraduate,commerce,ib,85.16,87.1,70.59,79.67,2.8,4.26,4.49,3.7,1.76,3.6,3.96,2.73,4.18,4.93,3.29,Digital Marketing Manager
STU310094,16,F,class_10,science_pcm,cbse,92.49,83.74,91.49,79.64,2.24,4.33,3.47,4.06,1.49,2.22,5.0,2.2,4.55,3.91,2.23,Environmental Scientist
STU290103,20,F,undergraduate,arts,state,85.03,70.0,86.41,89.19,3.72,4.65,3.02,4.58,1.66,4.42,3.69,4.1,4.41,3.72,2.41,IAS Officer
STU060015,17,F,class_12,science_pcm,ib,82.92,39.88,54.64,95.38,2.58,3.26,3.02,3.5,3.31,4.28,2.91,3.7,3.35,1.79,2.95,Mechanical Engineer
STU010034,17,F,class_12,science_pcm,cbse,83.93,55.34,84.66,76.09,4.97,3.1,3.61,4.22,2.03,3.91,3.63,3.59,1.83,3.21,2.98,Software Engineer
STU160124,18,M,class_12,science_pcm,cbse,71.98,82.33,68.0,100.0,4.41,3.75,2.02,4.69,2.14,1.94,2.44,3.96,4.9,3.6,2.3,Management Consultant
STU200121,19,F,undergraduate,undecided,cbse,69.17,81.19,69.24,57.3,3.29,3.3,2.51,4.19,1.94,2.78,2.96,2.14,3.06,4.32,3.33,Corporate Lawyer
STU120124,18,M,class_12,arts,state,89.45,74.75,78.5,82.76,3.75,4.3,4.36,4.53,3.47,2.42,2.81,3.16,4.45,2.98,1.6,Clinical Psychologist
STU050084,18,M,class_12,science_pcm,icse,76.87,81.68,72.56,52.0,3.77,4.53,3.0,4.22,3.45,4.65,4.74,2.43,3.01,3.68,3.8,Cloud Architect
STU260030,17,F,class_12,arts,cbse,45.78,42.93,43.73,61.02,4.93,3.33,4.34,5.0,3.14,2.08,3.8,4.73,3.81,2.76,1.65,Journalist
STU020105,17,F,class_12,science_pcb,cbse,80.15,71.5,81.17,82.87,3.37,3.88,2.9,3.05,1.78,3.85,3.68,1.89,1.44,2.97,3.37,Data Scientist
STU190023,16,M,class_11,science_pcm,state,77.6,89.49,84.02,76.84,4.1,4.18,2.75,3.79,3.9,3.38,3.64,2.22,4.9,4.01,2.45,Entrepreneur
STU260006,16,F,class_11,arts,icse,43.46,97.62,55.47,81.95,3.96,4.48,3.98,1.44,2.71,1.19,1.48,4.47,3.62,2.1,3.31,Journalist
STU310036,21,M,undergraduate,undecided,cbse,73.54,71.55,80.88,92.57,4.36,4.33,4.47,4.36,1.89,3.04,4.44,1.4,4.13,3.62,2.66,Environmental Scientist
STU250134,18,M,class_12,arts,state,77.57,72.95,40.49,71.52,4.02,2.75,1.0,3.92,3.62,1.2,3.09,4.82,3.43,4.1,2.01,Fashion Designer
STU120128,15,F,class_10,vocational,state,60.11,78.68,93.6,72.28,4.34,3.69,4.0,4.3,3.9,2.27,4.14,1.29,4.78,2.3,3.32,Clinical Psychologist
STU340134,18,M,undergraduate,science_pcm,cbse,59.27,55.65,71.65,73.97,2.93,3.04,2.95,2.61,3.37,3.86,2.77,1.58,1.68,4.47,4.38,Airline Pilot
STU250054,20,M,undergraduate,arts,cbse,68.01,54.88,61.35,88.68,4.07,4.7,3.9,4.53,3.05,4.83,1.4,3.8,2.3,1.0,2.7,Fashion Designer
STU310059,18,F,undergraduate,science_pcb,state,88.84,80.27,72.78,73.61,3.41,4.63,3.87,4.01,1.4,2.27,3.96,1.3,4.1,3.87,2.1,Environmental Scientist
STU040048,17,O,class_11,science_pcm,state,70.63,60.85,72.84,60.34,3.28,4.68,2.91,4.18,1.4,4.25,4.23,2.0,1.33,3.25,2.13,Cybersecurity Analyst
STU340045,18,M,undergraduate,science_pcm,cbse,85.22,40.64,47.83,78.11,3.81,3.36,2.81,3.06,3.6,3.71,2.41,2.8,3.05,4.25,2.68,Airline Pilot
STU070097,16,F,class_11,science_pcm,cbse,66.64,64.49,58.87,90.68,2.81,4.2,3.42,4.22,3.61,4.37,3.42,3.6,3.28,2.17,2.39,Civil Engineer
STU250143,18,F,class_12,arts,state,49.52,74.56,46.69,80.45,4.13,2.63,3.44,2.88,1.4,2.76,2.35,4.31,4.01,4.31,1.74,Fashion Designer
STU020091,20,M,undergraduate,science_pcb,state,88.47,76.87,72.15,52.0,4.47,4.44,1.8,3.46,3.14,2.7,3.67,3.02,1.3,3.75,1.99,Data Scientist
STU310048,15,F,class_9,science_pcm,ib,75.39,81.89,92.42,85.93,4.03,4.4,3.87,4.54,1.7,4.5,3.99,2.24,4.26,4.85,3.56,Environmental Scientist
STU150082,17,F,class_12,vocational,icse,87.77,71.18,86.45,32.17,4.16,2.27,3.8,3.76,2.23,2.17,2.6,2.12,2.07,2.42,3.41,Investment Banker
STU030034,17,F,class_11,vocational,state,66.52,76.55,86.71,61.76,4.58,3.25,3.61,2.65,2.02,4.03,3.74,2.29,2.81,2.53,3.31,AI/ML Engineer
STU200046,17,F,class_11,arts,cbse,80.04,79.6,77.98,76.77,3.26,4.1,4.09,2.26,2.77,3.49,4.23,2.15,3.18,3.39,2.78,Corporate Lawyer
STU200093,17,F,class_11,arts,cbse,78.39,61.39,64.35,79.04,3.33,4.99,4.17,3.58,1.89,2.22,2.6,2.04,4.79,3.81,3.3,Corporate Lawyer
STU090073,18,M,class_12,science_pcb,cbse,60.92,83.57,80.83,72.58,3.16,3.4,4.19,4.55,2.97,4.03,3.68,1.2,3.61,2.56,3.88,Dentist
STU260113,18,M,class_12,arts,cbse,79.64,69.49,61.17,64.72,3.91,1.53,3.72,3.0,3.93,1.74,1.89,1.79,3.74,4.15,2.02,Journalist
STU130120,15,M,class_10,science_pcb,state,53.18,62.92,55.26,66.54,3.12,4.14,4.0,4.74,2.3,3.08,4.19,3.43,4.73,1.75,3.72,Physiotherapist
STU040106,17,M,class_12,science_pcm,cbse,87.38,64.34,86.64,64.95,4.58,2.3,2.92,5.0,3.34,3.2,4.57,1.73,1.65,2.82,2.36,Cybersecurity Analyst
STU140016,17,M,class_11,commerce,state,87.25,69.07,96.74,54.02,3.01,4.62,3.43,2.22,2.78,1.58,4.29,2.68,2.87,3.09,4.05,Chartered Accountant
STU050025,17,F,class_12,undecided,state,84.18,69.66,92.08,78.49,4.51,4.22,2.7,3.78,3.67,4.26,3.81,3.22,2.82,2.29,3.94,Cloud Architect
STU210128,15,M,class_10,commerce,cbse,82.38,74.9,28.46,63.51,1.21,3.7,2.61,2.2,1.92,3.15,1.6,3.06,3.96,4.32,4.9,Civil Lawyer
STU040042,17,M,class_12,vocational,cbse,79.62,51.78,67.89,74.3,4.32,3.32,3.36,3.05,1.35,3.51,4.06,2.97,3.09,3.52,1.94,Cybersecurity Analyst
STU010024,17,F,class_12,undecided,cbse,94.59,73.91,68.41,90.0,3.42,3.4,2.24,4.3,2.8,1.59,4.46,1.87,3.83,3.54,3.14,Software Engineer
STU320143,16,O,class_11,commerce,cbse,66.42,55.97,76.7,64.93,2.94,4.24,4.56,2.44,2.62,1.6,4.7,3.01,2.42,4.8,3.12,Sports Manager
STU040052,18,M,class_12,arts,cbse,38.7,64.74,81.04,67.22,4.9,3.81,3.11,3.86,2.4,4.74,4.09,3.33,4.81,1.67,2.11,Cybersecurity Analyst
STU100056,19,F,undergraduate,science_pcm,cbse,66.56,71.64,81.9,61.12,3.15,4.17,3.71,3.88,2.95,4.02,4.57,1.79,3.73,3.8,1.88,Pharmacist
STU130122,18,O,undergraduate,science_pcb,state,68.76,76.46,66.75,78.91,2.5,4.25,2.7,4.4,2.86,3.23,4.94,3.55,4.12,2.38,3.21,Physiotherapist
STU020090,17,O,class_11,science_pcm,cbse,74.36,58.56,70.08,77.9,3.49,3.12,2.29,4.07,2.95,4.21,3.13,3.42,3.15,2.35,2.36,Data Scientist
STU310142,16,F,class_11,science_pcm,state,71.94,81.26,71.41,78.25,4.47,4.37,4.71,3.89,2.49,3.89,1.46,2.65,4.49,3.52,1.0,Environmental Scientist
STU270112,22,F,undergraduate,arts,state,42.0,96.87,43.57,99.0,4.24,4.67,2.86,4.8,4.5,3.5,2.9,1.89,4.4,4.3,2.51,Film Director
STU140149,16,F,class_11,arts,cbse,85.51,76.09,95.36,41.46,3.8,4.76,3.07,3.74,3.93,2.3,2.68,4.39,2.61,1.82,4.57,Chartered Accountant
STU150127,18,M,class_12,undecided,cbse,68.44,62.55,81.54,51.79,2.57,4.38,3.73,2.88,2.11,2.26,2.71,1.53,3.07,4.05,3.4,Investment Banker
STU130071,15,F,class_9,science_pcb,cbse,89.14,66.3,90.17,71.88,2.86,3.4,2.2,3.57,1.41,1.11,4.3,1.67,2.93,2.97,2.26,Physiotherapist
STU090139,18,F,undergraduate,science_pcb,cbse,92.0,80.02,52.05,59.81,3.48,4.38,4.26,3.7,1.47,3.09,4.22,2.74,4.45,1.96,3.52,Dentist
STU230024,18,M,class_12,arts,cbse,42.51,85.53,35.75,62.68,4.0,4.21,4.09,4.09,1.95,1.76,2.95,3.8,3.99,3.65,3.36,Graphic Designer
STU160145,18,F,class_12,commerce,cbse,84.32,55.0,62.4,71.95,2.92,4.46,4.69,3.13,4.08,2.33,2.97,2.63,4.45,5.0,3.02,Management Consultant
STU170015,18,F,class_12,commerce,ib,74.54,65.83,71.43,81.01,2.8,1.66,4.96,3.16,1.65,1.2,3.21,2.4,2.66,4.33,1.0,Digital Marketing Manager
STU310039,17,F,class_11,science_pcm,state,70.79,84.38,99.0,72.36,3.33,4.22,4.07,4.24,2.63,2.0,5.0,2.86,4.11,4.56,2.23,Environmental Scientist
STU030130,22,F,undergraduate,science_pcm,cbse,73.18,41.77,76.71,63.02,3.38,3.48,3.59,3.37,3.62,4.41,4.6,1.69,1.92,3.56,4.2,AI/ML Engineer
STU290055,16,M,class_11,commerce,icse,96.89,90.97,76.63,100.0,3.16,4.67,3.84,3.66,2.57,2.51,3.42,2.77,4.05,1.8,4.21,IAS Officer
STU250105,22,M,undergraduate,arts,cbse,53.1,12.08,50.77,65.41,3.72,2.61,2.59,2.88,2.12,2.59,2.69,3.98,4.17,3.34,2.0,Fashion Designer
STU280047,16,F,class_10,commerce,icse,54.21,92.18,42.49,80.88,4.71,3.52,3.65,3.66,1.95,3.01,4.3,4.24,3.84,3.68,2.96,Content Writer
STU030123,18,M,undergraduate,undecided,state,89.7,68.8,85.38,91.36,4.5,4.71,3.5,3.18,3.35,3.3,4.39,2.18,2.11,3.87,3.79,AI/ML Engineer
STU250128,16,M,class_11,arts,cbse,82.97,80.17,25.34,89.77,4.78,3.29,3.88,3.88,2.5,2.57,1.71,4.14,4.72,2.74,3.2,Fashion Designer
STU060054,21,F,undergraduate,science_pcm,cbse,51.68,62.2,75.23,92.18,2.68,4.9,4.41,3.29,1.78,3.24,2.88,1.94,2.52,2.39,2.31,Mechanical Engineer
STU280119,17,M,class_12,arts,cbse,67.21,90.91,38.64,45.68,4.54,3.16,4.13,4.83,2.98,2.88,2.29,4.88,1.73,4.39,2.71,Content Writer
STU120102,16,F,class_10,undecided,icse,61.51,90.65,74.85,69.35,3.93,4.47,2.76,3.7,1.57,2.31,4.96,3.07,3.53,1.73,2.65,Clinical Psychologist
STU130014,20,O,undergraduate,science_pcb,state,66.05,93.44,77.44,58.61,3.14,4.46,3.21,4.39,3.61,3.65,4.82,1.94,4.25,3.49,3.45,Physiotherapist
STU140128,15,F,class_10,science_pcm,cbse,81.44,54.18,100.0,56.75,3.84,3.5,2.66,3.55,2.49,3.8,3.63,1.0,1.36,3.65,4.06,Chartered Accountant
STU110055,16,F,class_11,science_pcm,state,71.75,78.23,75.53,64.15,4.6,3.4,3.48,3.52,2.44,2.66,4.7,1.77,3.8,2.47,4.74,Biomedical Engineer
STU290038,17,M,class_11,science_pcb,state,88.07,96.09,74.95,70.0,3.35,1.34,4.42,3.76,3.56,2.44,3.99,3.58,4.7,3.91,3.58,IAS Officer
STU100068,18,M,class_12,science_pcb,cbse,58.3,38.34,86.26,47.03,3.55,3.89,4.38,4.35,1.48,2.36,2.31,3.48,4.16,1.67,3.37,Pharmacist
STU200067,17,M,class_11,undecided,cbse,39.78,100.0,54.33,78.69,2.7,3.89,4.35,2.67,3.79,2.91,4.9,1.6,4.16,1.0,4.7,Corporate Lawyer
STU250031,15,F,class_10,arts,cbse,77.46,88.26,64.93,66.25,3.7,2.3,2.4,3.92,4.5,3.89,2.72,4.38,4.06,2.29,2.38,Fashion Designer
STU270102,14,F,class_9,arts,icse,80.12,73.61,57.18,84.61,4.82,4.34,3.95,3.33,2.42,3.93,1.85,4.75,3.82,4.78,2.22,Film Director
STU200102,21,F,undergraduate,undecided,cbse,65.32,85.27,46.7,42.18,5.0,3.69,3.26,4.56,2.78,3.5,3.49,2.56,3.4,4.41,4.25,Corporate Lawyer
STU140104,14,F,class_9,science_pcm,icse,92.18,51.35,95.55,42.33,3.1,4.75,3.48,2.38,2.15,3.3,4.56,3.0,2.25,3.41,3.54,Chartered Accountant
STU130080,22,M,undergraduate,commerce,state,74.82,58.81,77.92,45.98,2.6,2.09,4.5,4.89,3.23,3.05,4.8,2.3,4.31,2.77,4.3,Physiotherapist
STU260053,19,M,undergraduate,arts,state,71.69,80.2,59.97,75.39,4.58,4.8,3.89,1.99,2.84,3.32,3.77,4.78,4.58,4.43,1.0,Journalist
STU050134,17,M,class_11,science_pcm,cbse,75.29,77.31,73.5,79.75,4.34,3.33,2.41,2.53,2.79,4.17,4.35,2.44,2.5,2.9,3.62,Cloud Architect
STU070028,16,M,class_10,science_pcm,cbse,70.37,43.26,72.01,91.85,2.58,4.69,3.3,2.59,3.25,4.62,4.18,1.53,2.79,4.23,4.3,Civil Engineer
STU210133,17,F,class_11,commerce,icse,69.79,91.99,74.45,44.66,4.01,4.0,3.98,3.14,3.18,3.33,3.02,3.45,4.09,2.49,3.84,Civil Lawyer
STU010066,16,M,class_11,science_pcm,state,72.99,58.85,73.39,77.69,3.25,3.6,2.12,3.19,3.64,3.8,4.61,1.4,2.87,2.79,4.07,Software Engineer
STU210098,16,M,class_11,commerce,cbse,76.77,68.05,68.42,45.88,3.05,3.89,4.18,2.0,2.37,2.51,4.19,3.79,2.84,4.69,3.3,Civil Lawyer
STU190148,22,F,undergraduate,science_pcm,cbse,23.48,66.61,84.42,73.27,3.11,5.0,3.9,4.26,3.16,2.59,2.55,3.44,2.78,3.66,3.02,Entrepreneur
STU160068,21,F,undergraduate,arts,ib,74.91,55.64,79.44,79.07,3.95,4.2,4.18,4.5,3.97,3.54,4.16,1.85,2.36,4.83,4.08,Management Consultant
STU090123,18,F,class_12,science_pcb,state,58.58,74.32,70.77,48.3,3.59,4.33,4.37,4.17,3.74,3.28,4.83,2.54,3.79,2.85,3.86,Dentist
STU110033,22,F,undergraduate,science_pcm,cbse,69.47,82.66,68.83,50.62,4.04,3.85,3.46,2.82,1.25,3.94,4.2,2.6,3.53,2.17,2.06,Biomedical Engineer
STU070053,21,M,undergraduate,vocational,cbse,81.1,88.85,74.07,60.0,4.23,3.69,5.0,4.28,3.95,3.73,4.5,3.98,2.72,4.6,2.5,Civil Engineer
STU300004,17,M,class_12,arts,icse,81.42,68.65,73.8,78.56,2.65,4.21,2.55,3.79,3.17,4.43,3.85,2.69,1.79,4.6,3.4,Defence Officer (Indian Armed Forces)
STU270144,21,M,undergraduate,undecided,state,54.05,48.0,47.5,84.5,4.73,3.62,2.4,4.03,3.27,1.63,3.6,3.8,2.86,4.8,2.01,Film Director
STU250067,18,F,undergraduate,undecided,state,57.31,96.0,69.11,71.04,4.52,4.43,4.26,4.08,3.2,3.26,3.53,4.16,2.53,4.56,1.87,Fashion Designer
STU080119,21,F,undergraduate,science_pcb,icse,92.0,76.18,74.77,76.86,3.16,3.75,2.58,3.65,3.9,2.34,4.53,1.13,2.57,1.49,3.74,Doctor (MBBS)
STU030117,20,F,undergraduate,science_pcm,icse,80.21,74.5,81.92,84.88,3.58,3.68,2.18,3.94,1.65,3.68,1.22,2.31,1.78,3.52,2.17,AI/ML Engineer
STU120083,18,O,class_12,science_pcb,cbse,58.45,67.33,80.64,51.38,4.46,3.65,3.9,3.6,2.79,3.9,4.77,2.44,4.18,1.73,2.83,Clinical Psychologist
STU220032,17,F,class_12,undecided,cbse,84.02,61.73,69.53,37.01,5.0,2.3,4.6,3.39,4.21,2.09,4.1,4.89,1.0,4.66,2.9,UX/UI Designer
STU150083,17,F,class_11,science_pcm,cbse,87.29,80.63,91.22,54.6,3.11,4.12,3.68,4.01,3.24,2.5,3.09,1.63,3.71,4.69,4.07,Investment Banker
STU110133,17,F,class_11,undecided,cbse,67.02,58.0,67.18,66.7,2.6,2.03,2.43,3.95,3.59,1.96,1.53,2.16,3.84,1.2,1.6,Biomedical Engineer
STU230128,17,F,class_11,commerce,cbse,42.0,63.74,64.76,83.82,3.97,3.23,3.13,4.52,1.84,2.67,1.4,4.36,3.8,4.48,3.24,Graphic Designer
STU010085,17,F,class_11,undecided,icse,24.5,82.0,79.29,86.59,5.0,3.56,2.13,3.5,3.7,4.76,3.75,1.91,2.34,1.88,2.8,Software Engineer
STU140110,17,F,class_11,commerce,state,87.52,65.61,89.14,39.9,2.22,3.94,3.36,4.4,3.36,1.4,2.67,3.11,2.05,4.22,3.78,Chartered Accountant
STU310034,18,M,class_12,science_pcm,icse,81.09,76.35,83.89,93.85,4.63,4.39,4.45,4.11,3.8,4.18,3.28,2.38,4.75,4.23,2.71,Environmental Scientist
STU100083,17,M,class_11,science_pcb,icse,63.81,74.49,62.0,68.3,3.38,4.19,2.81,3.71,3.12,3.44,4.72,2.4,4.31,1.45,2.03,Pharmacist
STU330071,19,M,undergraduate,vocational,state,67.72,54.81,45.0,88.89,2.28,3.05,4.35,3.97,2.6,3.56,2.96,4.32,1.92,2.92,3.9,Chef / Culinary Arts
STU320005,15,M,class_9,commerce,icse,75.64,63.72,77.31,45.61,3.68,4.58,3.92,3.07,2.24,2.76,2.0,3.66,2.69,4.18,2.69,Sports Manager
STU080134,17,M,class_12,vocational,state,58.42,89.47,95.65,47.81,4.4,4.12,2.62,2.36,3.82,1.8,4.42,1.29,4.43,1.99,2.25,Doctor (MBBS)
STU180026,15,F,class_9,science_pcm,icse,70.01,59.15,71.93,65.87,4.23,4.66,4.51,1.83,4.2,3.25,4.53,3.21,3.06,3.85,4.0,Product Manager
STU230101,18,M,undergraduate,undecided,cbse,68.41,55.29,62.7,76.54,4.55,4.7,4.61,2.46,4.09,1.27,3.44,3.93,5.0,1.7,2.59,Graphic Designer
STU300012,17,F,class_12,science_pcm,cbse,66.45,61.49,61.04,76.26,2.71,3.82,4.7,4.51,1.1,3.79,3.13,1.94,2.24,1.5,4.05,Defence Officer (Indian Armed Forces)
STU190123,16,M,class_10,commerce,cbse,27.23,91.3,82.78,62.95,3.43,2.08,3.2,2.2,1.34,3.54,4.3,1.7,2.22,4.05,3.88,Entrepreneur
STU030094,17,M,class_11,science_pcm,state,76.71,59.14,84.63,60.44,4.22,3.87,2.86,1.35,3.44,3.84,4.03,3.1,2.99,1.83,2.75,AI/ML Engineer
STU010107,17,F,class_12,science_pcm,state,37.66,77.04,76.81,57.43,4.27,3.99,2.23,3.44,1.88,3.59,5.0,3.41,1.32,2.7,2.03,Software Engineer
STU190006,16,M,class_11,commerce,cbse,18.42,95.0,58.75,76.44,4.64,4.79,3.96,3.02,2.05,2.52,2.0,3.13,2.94,4.43,1.3,Entrepreneur
STU220012,20,O,undergraduate,commerce,state,65.77,64.49,74.65,81.21,4.73,4.56,4.64,2.28,1.51,2.93,1.71,4.27,1.0,1.1,1.87,UX/UI Designer
STU140118,20,M,undergraduate,commerce,cbse,66.13,50.0,93.86,57.75,2.54,3.67,4.46,4.4,3.17,2.72,4.14,2.59,3.3,3.0,4.15,Chartered Accountant
STU220137,21,F,undergraduate,undecided,state,43.88,70.55,78.0,90.29,4.0,1.2,4.81,3.7,3.58,2.49,2.28,4.7,4.18,4.4,2.67,UX/UI Designer
STU150004,21,F,undergraduate,arts,cbse,72.97,68.08,80.95,61.11,3.41,4.49,3.8,3.16,2.08,2.89,2.81,1.47,3.85,4.15,4.01,Investment Banker
STU130041,18,M,class_12,science_pcm,state,80.7,55.8,75.73,79.46,4.32,4.85,4.11,5.0,2.09,3.07,4.81,2.81,3.76,3.72,2.47,Physiotherapist
STU340144,18,M,undergraduate,undecided,state,78.51,38.57,80.41,94.07,2.56,4.42,4.32,2.5,2.57,4.66,4.32,3.31,3.91,4.43,4.72,Airline Pilot
STU170128,15,M,class_10,arts,cbse,83.98,73.86,62.48,64.36,3.06,4.63,3.84,4.8,2.57,3.59,3.74,2.11,2.38,1.54,2.66,Digital Marketing Manager
STU230144,18,M,undergraduate,undecided,icse,65.36,59.97,68.15,96.13,4.14,4.61,2.7,4.38,2.43,3.27,3.69,3.86,5.0,2.18,2.12,Graphic Designer
STU090145,21,M,undergraduate,science_pcb,icse,63.74,45.56,67.14,25.31,3.22,4.22,2.2,4.99,1.24,1.43,3.88,1.91,4.42,3.71,4.3,Dentist
STU270068,15,M,class_10,undecided,cbse,42.84,73.43,64.81,70.09,5.0,3.42,3.49,2.26,4.45,2.52,3.37,4.65,4.45,4.55,4.38,Film Director
STU100070,16,F,class_10,science_pcm,state,92.0,75.0,86.32,80.87,3.76,4.82,2.2,2.64,2.25,2.39,4.91,3.05,3.4,1.49,3.69,Pharmacist
STU100134,22,F,undergraduate,science_pcb,ib,92.0,87.94,73.23,45.0,3.94,4.6,3.91,4.5,1.22,2.9,1.0,2.53,5.0,2.49,2.13,Pharmacist
STU040019,16,M,class_10,science_pcm,state,84.49,46.62,83.61,72.12,3.81,4.2,2.28,2.48,3.01,4.44,4.44,3.61,3.33,2.01,3.05,Cybersecurity Analyst
STU010009,15,M,class_9,vocational,cbse,74.04,66.63,87.26,74.75,3.53,4.69,2.71,4.32,3.7,5.0,3.51,1.48,3.63,3.12,3.77,Software Engineer
STU120017,18,M,class_12,arts,icse,74.86,85.87,79.22,68.06,4.54,4.08,2.69,4.18,1.59,3.01,4.05,3.05,3.4,1.81,3.31,Clinical Psychologist
STU060140,15,M,class_10,science_pcm,icse,72.36,27.46,61.29,60.0,3.71,3.36,3.06,3.44,1.52,5.0,2.12,2.22,3.52,1.9,2.49,Mechanical Engineer
STU290040,16,F,class_11,commerce,state,70.0,88.49,72.05,96.48,4.03,4.72,3.76,4.12,2.47,3.29,3.27,1.95,4.88,3.5,3.46,IAS Officer
STU160131,17,M,class_12,science_pcm,cbse,63.73,79.3,91.56,51.73,3.06,4.56,4.65,3.83,4.2,2.42,2.92,2.31,4.76,4.01,4.51,Management Consultant
STU020008,15,M,class_10,science_pcm,cbse,74.65,82.0,83.67,86.0,4.67,4.63,3.65,2.2,1.32,4.75,3.97,3.45,2.57,3.5,2.73,Data Scientist
STU220136,16,F,class_11,undecided,ib,78.89,48.49,59.64,70.65,4.28,4.03,4.65,2.62,3.39,3.95,2.88,4.43,4.19,3.31,2.07,UX/UI Designer
STU160070,18,M,class_12,arts,cbse,60.0,72.79,55.58,61.25,1.48,3.51,4.15,3.32,2.94,2.57,3.85,2.51,3.93,4.18,2.64,Management Consultant
STU100142,19,M,undergraduate,science_pcb,cbse,67.35,71.97,72.25,45.0,1.35,4.87,2.32,4.23,3.03,2.73,4.5,3.29,3.9,3.39,3.35,Pharmacist
STU240039,18,M,undergraduate,vocational,cbse,44.37,96.0,69.89,89.93,4.54,4.02,3.62,2.36,2.84,2.45,3.76,4.32,3.28,3.23,3.01,Architect
STU150065,16,F,class_11,undecided,state,78.38,77.77,79.5,64.9,3.92,3.64,3.77,2.57,1.43,2.09,2.6,1.69,2.19,3.28,4.74,Investment Banker
STU050082,18,F,class_12,science_pcm,cbse,75.59,67.11,72.93,52.0,4.42,3.1,2.03,3.46,2.04,2.87,3.75,3.64,1.74,3.36,3.17,Cloud Architect
STU320144,22,M,undergraduate,commerce,cbse,58.06,89.28,69.75,57.12,3.88,4.37,4.82,2.39,2.55,3.32,3.24,3.34,4.21,4.15,4.16,Sports Manager
STU150016,17,M,class_11,commerce,icse,72.74,63.71,87.29,48.83,3.73,4.23,3.86,3.47,3.03,2.68,4.01,2.83,1.4,4.33,4.95,Investment Banker
STU280090,17,F,class_11,commerce,state,42.0,81.41,44.03,64.55,4.39,2.6,3.53,3.35,1.4,1.09,3.66,3.21,3.91,1.81,2.34,Content Writer
STU310128,18,M,class_12,science_pcb,state,85.4,83.59,90.43,85.17,4.55,4.73,5.0,3.93,2.75,2.31,4.25,3.7,4.8,3.66,3.39,Environmental Scientist
STU190016,22,F,undergraduate,commerce,state,76.61,95.0,61.55,48.97,3.0,3.47,4.63,3.67,1.53,2.06,4.28,1.73,3.92,3.17,2.8,Entrepreneur
STU180049,16,F,class_10,commerce,icse,72.13,64.66,59.05,50.51,3.67,3.16,3.55,2.95,1.47,1.97,3.5,2.95,3.37,4.89,2.2,Product Manager
STU290060,14,M,class_9,commerce,icse,82.48,91.21,94.32,93.48,3.0,4.02,4.71,3.29,3.5,4.18,2.99,4.1,4.5,4.2,4.36,IAS Officer
STU110002,21,M,undergraduate,science_pcm,cbse,69.08,79.96,90.52,60.24,2.96,5.0,3.41,4.94,2.43,1.81,5.0,2.93,3.78,2.75,3.96,Biomedical Engineer
STU180093,15,O,class_9,commerce,cbse,68.7,72.02,78.83,74.99,4.52,4.59,3.47,4.02,2.55,1.26,3.63,2.64,1.99,4.85,3.29,Product Manager
STU190090,16,F,class_10,arts,icse,100.0,62.08,86.38,40.0,2.29,4.93,4.08,2.79,1.2,2.12,2.82,3.63,2.85,2.6,2.22,Entrepreneur
STU010030,14,M,class_9,commerce,cbse,75.47,61.35,77.08,82.18,4.09,3.24,3.99,3.74,2.18,4.91,3.95,2.99,3.13,1.0,3.09,Software Engineer
STU150039,16,F,class_10,commerce,cbse,80.38,77.52,91.35,53.22,4.43,3.92,4.68,2.29,3.51,2.01,3.41,3.5,2.49,3.02,3.98,Investment Banker
STU260128,15,M,class_9,commerce,icse,65.04,76.92,69.38,69.64,5.0,3.57,4.78,4.79,2.51,2.13,2.02,3.98,3.53,2.13,2.77,Journalist
STU190089,16,F,class_10,undecided,cbse,62.73,75.89,84.21,52.85,3.87,2.03,4.04,3.8,3.43,2.99,2.41,2.0,2.91,4.09,2.0,Entrepreneur
STU260081,15,M,class_9,arts,state,57.52,87.96,39.71,59.5,3.56,4.18,4.14,3.17,1.79,4.68,3.34,4.48,3.69,2.71,3.32,Journalist
STU140023,18,F,class_12,commerce,state,94.01,62.02,75.21,76.93,4.08,4.01,2.55,3.86,2.13,1.94,2.96,2.89,3.37,4.34,3.81,Chartered Accountant
STU280084,17,F,class_12,arts,cbse,55.88,80.64,31.05,57.8,4.22,4.8,4.9,3.5,2.49,3.4,2.48,4.23,4.47,2.26,1.93,Content Writer
STU100075,16,F,class_10,science_pcb,cbse,78.69,71.84,91.27,47.21,4.73,5.0,3.69,4.19,3.67,3.68,3.98,1.93,3.4,1.24,1.6,Pharmacist
STU220140,18,M,class_12,arts,icse,42.05,80.0,51.27,91.83,5.0,4.34,2.73,3.34,2.13,1.37,2.69,4.94,3.88,2.3,2.59,UX/UI Designer
STU130094,22,F,undergraduate,science_pcm,ib,57.69,61.54,90.63,76.69,4.31,1.13,4.5,4.33,1.81,2.86,3.99,1.44,5.0,2.81,2.76,Physiotherapist
STU260024,22,M,undergraduate,arts,cbse,87.72,83.93,57.99,76.49,3.39,4.4,3.85,4.87,2.74,2.03,2.86,4.23,4.17,2.6,2.05,Journalist
STU210135,14,F,class_9,arts,cbse,70.11,94.54,51.28,57.07,4.15,4.75,4.18,3.81,1.3,2.24,3.49,2.24,4.7,4.82,2.51,Civil Lawyer
STU020079,22,M,undergraduate,science_pcm,state,91.19,65.15,73.03,64.7,4.88,3.94,3.65,3.07,3.73,3.71,4.06,2.59,1.6,2.02,2.37,Data Scientist
STU020099,18,M,undergraduate,science_pcm,icse,84.82,69.84,80.56,68.78,4.73,4.71,3.28,3.04,2.58,3.45,4.67,2.07,2.27,3.0,1.89,Data Scientist
STU160080,19,F,undergraduate,science_pcm,state,81.79,63.99,85.5,62.91,2.8,5.0,3.98,4.4,1.74,2.23,3.76,2.94,2.23,1.19,3.6,Management Consultant
STU020002,17,M,class_12,science_pcm,cbse,73.08,50.15,69.74,78.87,4.17,2.06,2.52,3.84,1.83,4.08,4.75,3.11,3.35,2.47,2.56,Data Scientist
STU310098,20,F,undergraduate,science_pcb,state,34.67,79.81,72.97,74.44,3.2,4.2,3.43,4.2,1.94,3.68,4.24,2.33,4.64,4.68,4.38,Environmental Scientist
STU340147,16,M,class_11,science_pcm,cbse,71.19,78.0,56.61,94.53,2.59,4.03,3.83,1.36,1.4,4.14,3.5,4.48,4.4,1.75,3.93,Airline Pilot
STU050056,14,M,class_9,undecided,cbse,94.91,57.94,92.26,74.79,3.35,4.74,3.81,2.81,2.23,3.8,4.26,3.55,3.76,3.81,3.23,Cloud Architect
STU060107,15,M,class_10,science_pcm,icse,50.69,35.43,70.72,42.82,4.58,3.46,3.91,2.1,1.78,4.93,3.34,3.49,3.03,2.35,4.37,Mechanical Engineer
STU020078,16,F,class_10,science_pcm,cbse,89.69,62.65,83.67,73.27,4.76,4.71,3.57,2.67,2.9,3.69,4.44,3.22,2.57,3.6,2.18,Data Scientist
STU310100,16,M,class_10,science_pcb,cbse,80.95,99.0,86.88,90.32,4.92,4.89,4.19,3.78,2.42,4.01,4.69,4.33,4.39,3.69,2.88,Environmental Scientist
STU100089,16,F,class_11,science_pcb,state,55.79,58.0,53.65,85.0,3.51,3.43,3.81,3.96,2.16,1.98,3.58,1.2,4.4,2.73,1.7,Pharmacist
STU230087,19,M,undergraduate,undecided,cbse,56.86,54.42,76.53,62.0,4.48,3.86,4.36,2.5,3.73,2.77,2.07,4.08,3.66,1.7,1.85,Graphic Designer
STU020030,14,F,class_9,science_pcm,state,74.04,79.77,85.34,66.58,4.8,3.25,3.22,3.18,3.16,4.14,5.0,2.53,1.85,3.13,3.56,Data Scientist
STU290065,15,M,class_9,science_pcm,cbse,86.5,70.04,74.55,76.46,4.02,4.28,3.8,3.87,1.81,4.75,5.0,3.43,4.94,4.03,3.18,IAS Officer
STU160018,16,M,class_11,commerce,cbse,94.0,69.53,81.71,74.53,3.5,4.68,3.53,2.21,1.27,3.33,4.7,1.91,3.74,4.51,3.52,Management Consultant
STU290021,15,F,class_10,arts,cbse,87.52,69.34,87.59,91.13,3.0,4.17,4.56,4.59,1.48,3.49,5.0,3.48,4.83,5.0,3.48,IAS Officer
STU340075,14,M,class_9,science_pcm,cbse,82.66,40.96,79.22,60.0,3.08,4.27,3.91,2.73,2.61,4.98,3.55,3.8,2.29,3.98,4.33,Airline Pilot
STU040112,20,M,undergraduate,science_pcm,icse,74.82,69.57,92.11,83.85,3.91,3.48,1.96,2.76,3.55,3.43,3.83,1.99,2.82,3.07,1.73,Cybersecurity Analyst
STU330009,16,M,class_10,vocational,cbse,78.87,77.72,49.64,86.65,2.0,3.71,2.38,4.24,1.67,5.0,4.1,2.22,2.32,2.65,2.34,Chef / Culinary Arts
STU040023,19,M,undergraduate,science_pcm,state,83.45,45.59,86.31,17.56,4.66,3.41,2.75,2.2,2.74,1.74,3.98,1.4,3.47,2.27,2.76,Cybersecurity Analyst
STU020019,15,M,class_9,science_pcm,state,53.06,56.52,55.29,52.0,3.66,4.31,1.8,2.55,2.95,3.32,4.23,2.23,3.59,2.7,5.0,Data Scientist
STU090096,22,F,undergraduate,undecided,icse,86.47,65.6,70.07,64.49,4.03,3.53,4.96,3.84,2.33,3.49,3.94,1.78,4.62,1.58,4.04,Dentist
STU300102,17,O,class_12,arts,icse,71.62,61.7,83.09,64.48,3.78,3.26,4.6,2.94,3.23,4.74,2.59,3.52,3.46,2.87,4.24,Defence Officer (Indian Armed Forces)
STU060027,15,M,class_10,science_pcm,cbse,55.04,61.99,50.24,69.39,2.95,4.17,3.49,3.51,3.53,4.07,4.5,4.2,1.3,2.86,4.8,Mechanical Engineer
STU180042,17,F,class_12,science_pcm,cbse,73.01,67.77,64.83,75.03,3.44,3.91,5.0,3.67,4.18,1.91,3.19,2.72,4.05,5.0,3.61,Product Manager
STU040104,16,F,class_10,commerce,cbse,97.0,73.46,90.97,72.59,4.36,4.44,3.9,2.82,2.39,3.57,4.57,2.47,2.25,2.39,2.29,Cybersecurity Analyst
STU070111,16,M,class_11,science_pcm,cbse,70.25,42.21,100.0,90.64,2.18,4.08,2.0,4.4,3.51,4.32,3.04,1.76,4.49,4.6,2.89,Civil Engineer
STU340002,17,M,class_11,science_pcm,cbse,53.19,46.52,73.09,73.28,3.01,3.35,3.64,4.15,2.14,4.91,3.85,1.76,2.79,1.99,2.82,Airline Pilot
STU120053,18,M,class_12,arts,ib,56.94,91.42,61.27,84.92,3.78,4.38,2.37,4.94,4.67,3.09,4.71,1.45,1.92,1.51,1.74,Clinical Psychologist
STU260078,17,M,class_11,arts,state,51.65,95.74,64.75,53.04,4.82,4.04,4.84,3.23,2.34,1.68,3.45,4.65,3.72,2.19,1.16,Journalist
STU040037,15,F,class_10,science_pcm,ib,86.13,81.45,84.84,57.71,4.29,1.0,2.85,3.94,2.69,3.71,1.58,2.2,2.01,2.92,2.42,Cybersecurity Analyst
STU340126,17,M,class_12,undecided,cbse,72.99,57.78,45.0,86.91,2.95,3.11,3.62,3.71,1.1,5.0,4.33,1.54,3.32,4.38,3.8,Airline Pilot
STU020147,20,M,undergraduate,commerce,state,81.05,77.66,76.17,75.55,3.81,4.19,2.06,3.42,2.5,5.0,4.87,2.87,2.67,2.75,3.07,Data Scientist
STU090010,18,F,undergraduate,undecided,cbse,72.66,67.72,78.11,54.62,3.14,4.62,3.08,1.47,1.59,2.08,2.37,1.1,4.36,1.2,1.6,Dentist
STU320081,16,M,class_10,arts,cbse,76.29,89.17,60.24,40.0,3.27,4.1,3.2,3.98,3.37,5.0,2.0,2.27,3.42,4.14,2.92,Sports Manager
STU300047,16,F,class_10,arts,cbse,64.23,42.94,45.0,74.83,3.36,4.16,3.39,3.2,3.93,4.56,2.37,3.54,2.62,4.03,2.62,Defence Officer (Indian Armed Forces)
STU160102,17,M,class_12,commerce,icse,69.23,79.29,87.49,86.0,4.45,4.26,4.24,2.42,3.16,3.11,4.07,1.92,4.71,3.97,4.21,Management Consultant
STU340133,17,M,class_12,commerce,state,73.55,50.81,66.55,84.21,3.44,4.13,3.84,3.9,3.5,3.77,3.99,3.39,1.59,4.05,2.07,Airline Pilot
STU080080,17,M,class_12,undecided,cbse,67.47,94.4,83.46,57.3,3.92,4.15,2.8,3.5,1.3,2.44,3.68,1.6,4.55,3.21,3.36,Doctor (MBBS)
STU020050,18,F,undergraduate,science_pcm,state,76.16,32.1,73.4,75.4,4.07,4.65,3.44,2.86,1.84,4.85,3.97,2.18,3.35,4.0,5.0,Data Scientist
STU130016,21,M,undergraduate,vocational,state,79.27,72.43,67.13,60.13,3.59,4.49,2.38,4.41,2.03,1.8,4.25,2.12,4.41,1.89,3.69,Physiotherapist
STU020130,18,M,class_12,science_pcm,icse,86.73,52.5,91.88,80.95,3.79,4.19,3.54,3.44,2.37,4.37,4.21,2.14,4.52,3.1,2.06,Data Scientist
STU070135,17,F,class_12,science_pcm,cbse,76.56,52.2,90.0,87.26,2.0,3.47,2.35,2.65,2.16,4.91,4.18,1.0,1.59,3.87,2.86,Civil Engineer
STU060144,15,F,class_9,science_pcm,cbse,64.4,35.0,50.63,65.34,2.28,2.44,3.57,3.82,2.45,4.79,4.21,3.9,2.72,4.07,3.22,Mechanical Engineer
STU100099,16,F,class_10,science_pcb,state,78.87,68.55,76.96,73.03,1.44,3.66,2.51,4.57,2.65,3.6,3.77,1.91,4.8,2.69,2.58,Pharmacist
STU050106,20,F,undergraduate,vocational,ib,68.0,76.51,65.39,66.56,3.55,3.97,3.14,4.53,2.41,3.37,1.41,2.73,1.86,2.58,5.0,Cloud Architect
STU100087,14,M,class_9,science_pcb,cbse,89.48,70.62,77.79,62.83,2.77,4.07,2.57,4.14,1.37,3.87,4.13,2.78,5.0,1.83,1.83,Pharmacist
STU180043,17,F,class_12,science_pcm,cbse,38.57,70.97,64.37,63.28,4.56,1.44,4.58,2.86,4.17,3.18,2.08,1.78,4.45,1.8,4.0,Product Manager
STU300088,21,M,undergraduate,commerce,state,81.7,51.8,59.14,86.66,2.52,4.03,4.06,3.17,2.28,4.75,3.32,3.96,2.09,2.7,2.49,Defence Officer (Indian Armed Forces)
STU130070,18,F,class_12,science_pcb,cbse,92.0,78.08,66.66,58.99,3.3,5.0,3.78,3.83,2.9,4.09,4.85,2.82,1.54,3.13,3.74,Physiotherapist
STU230020,22,M,undergraduate,commerce,cbse,69.12,74.97,64.71,94.65,4.47,4.55,4.47,4.65,4.36,4.2,3.39,4.42,3.03,4.19,1.64,Graphic Designer
STU100042,16,F,class_11,undecided,cbse,92.0,60.4,51.43,80.96,2.76,3.4,2.51,4.74,2.55,3.68,4.74,2.93,2.92,5.0,3.83,Pharmacist
STU210103,17,M,class_12,arts,icse,66.3,100.0,57.05,42.81,3.92,3.56,4.8,1.92,3.31,2.53,4.4,2.24,3.69,4.62,5.0,Civil Lawyer
STU090124,14,F,class_9,science_pcb,cbse,72.75,65.73,72.48,82.01,3.64,3.7,4.27,1.72,2.0,3.03,3.62,1.37,3.4,3.17,3.35,Dentist
STU160081,17,F,class_12,science_pcm,icse,91.96,55.0,62.06,43.54,2.8,4.7,4.07,4.42,3.85,1.8,3.26,3.07,3.84,4.34,3.94,Management Consultant
STU080068,18,F,class_12,vocational,cbse,59.52,89.48,96.62,84.87,4.6,4.69,2.9,4.53,3.14,4.55,4.91,3.7,4.05,3.73,3.16,Doctor (MBBS)
STU080148,18,F,undergraduate,science_pcb,state,58.28,65.69,84.78,54.91,3.73,3.93,3.76,4.54,2.51,2.33,3.0,2.6,5.0,1.53,3.31,Doctor (MBBS)
STU270043,19,M,undergraduate,arts,state,77.42,49.05,59.85,74.54,4.13,3.93,2.71,3.05,2.46,2.55,2.09,4.85,2.68,1.7,2.8,Film Director
STU180054,15,M,class_10,arts,state,41.34,90.52,74.59,74.8,3.73,3.68,3.94,4.52,3.57,3.0,3.77,2.98,2.33,3.76,3.88,Product Manager
STU110117,17,M,class_12,science_pcm,cbse,70.12,99.16,85.31,71.77,3.51,3.74,3.87,4.47,2.27,2.17,4.05,3.28,4.93,3.48,3.4,Biomedical Engineer
STU030074,17,M,class_12,science_pcm,icse,90.26,81.0,55.57,64.02,2.63,4.37,3.63,2.21,2.23,4.73,4.29,2.73,1.3,1.95,4.2,AI/ML Engineer
STU290148,18,M,class_12,arts,cbse,100.0,77.53,98.68,83.79,3.07,4.34,3.43,3.12,1.84,4.26,3.33,2.26,1.0,4.65,3.58,IAS Officer
STU030016,21,M,undergraduate,science_pcm,state,82.86,76.59,82.54,64.08,4.69,4.5,1.25,3.57,1.59,4.66,4.04,2.89,3.45,2.81,2.49,AI/ML Engineer
STU190127,17,F,class_12,science_pcm,cbse,85.43,73.76,54.0,57.45,3.15,4.8,3.55,4.26,3.82,2.13,2.14,4.1,4.22,4.52,3.99,Entrepreneur
STU320120,16,M,class_11,arts,icse,69.07,57.48,86.34,76.87,4.12,3.24,1.17,3.25,2.11,2.62,2.86,3.73,3.13,4.49,2.88,Sports Manager
STU010081,18,F,undergraduate,science_pcm,state,91.55,54.53,72.27,85.7,3.46,3.58,3.58,3.8,1.4,3.23,4.92,3.63,1.6,1.6,1.9,Software Engineer
STU310007,16,F,class_11,arts,icse,80.15,86.24,76.97,98.0,4.0,4.86,3.64,3.5,2.72,4.79,3.88,4.07,4.59,4.32,2.45,Environmental Scientist
STU290023,15,O,class_9,undecided,cbse,84.75,51.72,96.88,72.76,4.72,4.59,3.81,3.71,3.43,3.52,4.57,1.85,4.0,4.12,3.38,IAS Officer
STU310121,16,F,class_11,science_pcm,cbse,94.88,83.43,83.37,76.85,3.83,4.46,3.23,4.39,3.59,2.56,4.54,1.3,4.61,1.39,1.76,Environmental Scientist
STU310001,18,M,undergraduate,science_pcm,cbse,78.95,52.76,95.79,43.82,4.89,4.07,4.5,4.39,1.81,3.91,2.8,1.3,4.82,4.98,3.43,Environmental Scientist
STU100122,20,M,undergraduate,science_pcm,state,81.55,58.9,85.39,76.67,4.39,4.27,2.84,4.76,2.4,3.27,4.88,3.4,3.4,1.97,3.47,Pharmacist
STU090069,18,F,undergraduate,science_pcb,state,92.0,49.18,92.12,55.82,2.5,4.46,3.56,3.5,2.58,2.03,3.5,2.67,5.0,1.2,3.92,Dentist
STU160128,16,F,class_10,science_pcb,cbse,83.02,81.58,48.78,41.17,1.35,3.74,4.31,2.39,2.34,1.66,4.7,2.25,3.09,4.04,2.16,Management Consultant
STU180078,17,M,class_12,commerce,state,74.65,72.66,83.85,70.69,4.09,4.21,3.71,4.47,3.35,1.99,4.57,1.06,4.34,3.64,4.9,Product Manager
STU130074,17,M,class_11,vocational,cbse,92.0,93.7,49.79,58.73,2.87,4.39,3.76,4.2,2.44,1.8,4.34,2.51,3.69,3.22,4.23,Physiotherapist
STU200075,22,M,undergraduate,commerce,icse,73.71,86.87,97.03,63.07,4.2,4.95,2.61,4.69,3.39,2.91,4.4,1.8,3.25,3.71,4.63,Corporate Lawyer
STU220017,18,F,undergraduate,undecided,cbse,84.0,80.0,44.32,61.33,4.17,2.9,4.11,2.85,4.39,4.2,2.9,4.93,3.0,1.7,1.46,UX/UI Designer
STU150001,15,M,class_9,commerce,cbse,64.53,70.49,80.52,68.86,4.25,4.73,3.38,2.23,1.36,3.49,4.61,2.0,2.36,3.98,3.54,Investment Banker
STU210064,16,F,class_11,commerce,cbse,73.34,90.81,38.75,77.4,4.05,3.96,3.51,4.7,3.74,1.1,4.27,2.21,4.44,4.22,4.41,Civil Lawyer
STU230103,16,F,class_11,arts,icse,66.17,61.53,41.02,34.0,3.98,4.7,3.64,4.46,2.29,1.83,2.41,1.38,3.24,4.54,1.0,Graphic Designer
STU120087,15,F,class_10,undecided,state,75.01,79.99,79.37,43.47,3.86,3.4,4.46,4.92,1.59,2.74,4.77,2.61,3.05,3.06,1.31,Clinical Psychologist
STU230071,18,M,class_12,commerce,cbse,73.25,96.0,78.0,73.79,4.91,2.3,3.03,3.61,3.13,2.42,1.43,4.61,4.02,3.33,2.95,Graphic Designer
STU040056,16,F,class_10,vocational,cbse,80.42,66.51,83.39,90.0,4.31,3.1,4.1,2.2,1.3,5.0,4.71,2.87,2.04,1.6,4.57,Cybersecurity Analyst
STU270028,17,M,class_11,undecided,state,52.9,59.12,40.55,99.0,3.8,3.71,4.63,4.5,3.73,2.06,3.16,4.19,2.32,1.7,1.0,Film Director
STU200091,18,M,class_12,arts,state,76.73,56.29,30.2,46.65,3.14,5.0,2.99,4.43,2.74,2.68,4.48,3.23,3.32,4.67,3.07,Corporate Lawyer
STU320138,22,F,undergraduate,science_pcm,cbse,68.48,71.5,62.35,73.49,4.15,4.43,3.57,4.6,2.07,3.26,4.13,2.97,3.52,3.49,2.72,Sports Manager
STU040137,14,M,class_9,science_pcm,icse,72.4,82.0,80.1,77.32,4.72,4.54,2.63,3.76,2.09,4.64,4.14,2.93,2.69,2.41,2.31,Cybersecurity Analyst
STU280146,18,F,class_12,commerce,cbse,65.42,96.19,60.21,72.44,4.74,3.93,3.86,3.34,1.45,1.76,3.36,3.38,4.2,3.14,2.88,Content Writer
STU170127,21,M,undergraduate,science_pcm,icse,73.98,95.0,92.0,45.21,1.49,3.65,3.58,4.47,4.0,1.2,4.7,4.11,4.34,4.91,4.7,Digital Marketing Manager
STU340120,17,M,class_12,science_pcm,cbse,88.0,37.78,45.76,79.88,3.14,3.13,3.45,3.84,2.25,1.86,4.49,2.67,3.91,2.09,2.65,Airline Pilot
STU150058,18,M,undergraduate,commerce,icse,63.24,54.07,93.25,54.88,3.48,4.44,2.48,2.26,1.5,3.06,3.13,1.68,3.43,3.3,3.09,Investment Banker
STU180074,19,M,undergraduate,commerce,cbse,78.29,36.24,68.19,72.03,3.57,4.32,1.3,4.06,1.72,1.79,3.98,2.17,2.43,5.0,3.8,Product Manager
STU080126,21,M,undergraduate,science_pcb,state,86.72,47.67,86.23,83.75,3.97,4.38,2.27,5.0,3.16,3.37,3.76,1.83,4.82,1.2,1.6,Doctor (MBBS)
STU070130,17,F,class_12,science_pcm,cbse,65.52,56.66,65.39,79.12,2.88,4.87,4.24,2.88,1.69,4.75,3.74,2.45,3.34,3.85,2.38,Civil Engineer
STU200090,16,F,class_10,arts,cbse,83.37,96.84,73.65,39.41,3.19,5.0,3.19,4.7,3.1,1.83,3.57,2.85,4.9,1.45,4.31,Corporate Lawyer
STU230079,19,F,undergraduate,arts,cbse,78.84,88.2,53.88,93.97,4.12,3.32,2.55,4.13,1.56,1.71,4.0,4.78,4.31,4.7,2.32,Graphic Designer
STU110091,14,F,class_9,science_pcb,cbse,72.18,61.77,95.0,45.0,3.9,4.46,3.54,4.22,1.71,2.57,4.14,2.01,3.48,1.46,2.18,Biomedical Engineer
STU230115,18,F,class_12,arts,cbse,68.99,96.0,52.85,70.31,5.0,3.09,2.62,3.42,3.68,4.12,2.04,4.51,3.77,2.23,1.37,Graphic Designer
STU040036,22,O,undergraduate,science_pcm,ib,97.0,45.25,98.0,44.6,3.05,4.08,4.1,3.8,2.79,3.14,4.41,1.18,1.77,2.57,3.65,Cybersecurity Analyst
STU330124,16,F,class_10,vocational,icse,54.1,72.35,59.57,95.43,3.21,3.57,2.16,3.01,3.73,3.59,2.95,3.06,2.23,2.0,2.81,Chef / Culinary Arts
STU280037,15,M,class_9,undecided,cbse,59.54,73.19,80.0,62.71,3.64,3.21,1.77,3.79,2.0,2.32,2.22,4.34,4.96,3.85,1.03,Content Writer
STU010089,21,F,undergraduate,science_pcm,cbse,92.41,66.82,73.34,72.94,4.67,4.89,2.56,2.33,1.63,3.97,4.39,3.04,3.58,2.72,3.85,Software Engineer
STU120048,17,O,class_11,science_pcb,state,71.16,63.15,72.35,54.73,2.76,3.82,2.86,4.43,3.81,3.14,3.82,3.46,4.25,1.26,1.33,Clinical Psychologist
STU330058,17,F,class_11,arts,state,68.65,49.58,50.24,64.76,3.61,4.61,3.1,3.02,2.42,4.29,2.95,4.26,1.2,1.79,3.39,Chef / Culinary Arts
STU050054,18,M,undergraduate,science_pcm,state,68.0,37.99,80.39,72.28,4.33,4.48,4.1,4.3,1.65,4.01,4.02,1.41,2.97,1.76,1.84,Cloud Architect
STU290017,19,M,undergraduate,science_pcm,state,77.45,70.0,83.07,90.63,4.65,4.34,4.31,4.09,2.52,4.38,5.0,1.45,4.68,4.24,3.97,IAS Officer
STU260150,20,F,undergraduate,arts,cbse,57.75,53.76,35.86,85.0,4.19,3.53,4.11,3.68,2.53,2.15,1.4,4.49,3.81,2.51,3.1,Journalist
STU150043,15,M,class_10,commerce,icse,63.0,63.91,72.0,40.0,3.08,4.15,3.54,3.03,1.3,2.54,2.4,2.33,2.74,3.63,4.02,Investment Banker
STU080100,22,M,undergraduate,science_pcb,icse,84.98,77.58,82.86,68.34,1.2,3.64,3.22,4.6,5.0,2.33,4.04,2.34,4.71,1.94,2.65,Doctor (MBBS)
STU250079,17,F,class_11,arts,cbse,44.14,96.0,40.69,43.89,4.4,3.04,3.82,3.55,1.0,3.65,2.82,3.83,3.36,3.6,2.05,Fashion Designer
STU010145,15,M,class_10,science_pcm,state,64.27,73.25,71.66,65.61,5.0,4.23,3.41,2.36,1.3,3.57,3.85,3.03,3.8,2.47,1.97,Software Engineer
STU050071,22,F,undergraduate,commerce,state,93.66,55.4,86.0,78.12,4.63,3.46,2.91,3.43,2.0,2.7,4.16,3.17,4.87,2.89,3.7,Cloud Architect
STU240060,16,O,class_10,arts,cbse,61.57,76.85,40.09,68.9,4.82,4.23,4.34,2.36,3.53,2.73,3.49,3.98,4.3,2.69,1.76,Architect
STU340028,15,F,class_9,science_pcm,cbse,48.0,78.0,67.94,98.0,2.52,4.18,3.17,4.4,4.19,3.81,4.1,1.93,3.88,3.73,1.0,Airline Pilot
STU180047,15,F,class_10,commerce,cbse,84.49,68.83,86.94,64.33,1.96,3.94,4.79,3.72,1.72,2.57,3.26,1.4,2.2,4.73,3.76,Product Manager
STU150046,18,M,undergraduate,undecided,state,77.83,63.9,80.35,70.59,4.29,4.35,3.88,2.38,2.76,2.07,3.45,2.54,2.67,3.22,4.36,Investment Banker
STU150119,16,F,class_11,commerce,cbse,71.58,50.0,87.7,52.19,3.44,4.23,1.89,2.93,1.51,2.77,2.37,4.08,2.17,4.48,4.31,Investment Banker
STU100021,17,M,class_12,science_pcm,state,71.51,90.87,68.15,61.61,2.74,4.43,3.21,4.55,1.12,2.31,4.43,2.6,3.82,3.58,2.65,Pharmacist
STU320052,15,M,class_9,commerce,cbse,94.0,73.02,68.06,64.2,3.14,3.57,3.83,2.46,2.95,3.35,3.68,2.87,3.24,1.69,4.09,Sports Manager
STU100119,16,M,class_10,science_pcm,cbse,55.0,76.36,69.1,60.81,3.05,4.24,3.51,5.0,2.88,1.0,4.67,2.73,3.4,3.8,3.7,Pharmacist
STU190111,17,F,class_12,science_pcm,icse,76.33,69.01,88.13,54.64,3.66,2.69,4.83,3.04,1.96,1.33,4.7,3.91,3.44,3.4,1.95,Entrepreneur
STU250103,17,M,class_12,undecided,cbse,73.14,96.0,45.99,73.27,3.7,3.43,4.03,4.18,1.26,3.56,2.41,4.14,4.14,2.34,1.0,Fashion Designer
STU280055,15,F,class_10,science_pcm,cbse,50.28,87.48,79.55,63.24,3.41,2.97,5.0,4.18,3.91,2.36,2.12,3.2,3.69,2.1,2.41,Content Writer
STU220077,20,F,undergraduate,commerce,cbse,42.0,51.5,56.05,97.26,4.85,3.52,3.71,4.16,4.06,2.36,2.23,4.32,4.65,1.99,2.98,UX/UI Designer
STU290139,19,M,undergraduate,commerce,state,89.1,78.64,85.02,94.81,3.0,4.53,4.17,4.25,1.36,2.0,4.44,2.48,5.0,4.63,4.1,IAS Officer
STU280049,20,F,undergraduate,commerce,cbse,86.0,85.45,63.09,61.63,3.79,3.28,2.8,3.22,4.37,1.88,1.4,4.14,3.67,4.36,3.11,Content Writer
STU170088,20,M,undergraduate,commerce,cbse,73.26,94.35,54.0,65.22,4.9,4.98,3.83,3.04,1.59,3.22,4.72,3.46,2.94,4.99,2.96,Digital Marketing Manager
STU010101,18,M,undergraduate,science_pcm,cbse,54.92,46.72,72.76,90.0,3.18,4.51,2.41,4.23,3.17,3.14,4.28,1.67,3.34,2.49,2.39,Software Engineer
STU200078,17,M,class_12,arts,state,74.86,90.12,46.12,64.52,3.97,4.59,4.8,2.72,2.33,2.41,3.0,3.24,4.66,4.81,2.28,Corporate Lawyer
STU050132,17,M,class_11,science_pcm,cbse,79.52,77.72,85.58,82.07,3.19,3.78,2.61,2.35,2.13,3.05,2.23,4.39,3.47,4.0,3.2,Cloud Architect
STU250016,22,F,undergraduate,commerce,cbse,55.94,76.24,78.0,83.41,5.0,4.67,2.88,3.65,4.05,2.56,3.34,4.88,2.3,2.46,3.5,Fashion Designer
STU310078,17,M,class_12,arts,cbse,80.74,72.03,89.53,91.42,3.0,4.97,3.18,5.0,3.8,4.27,4.72,4.3,4.67,4.6,3.72,Environmental Scientist
STU340017,16,M,class_11,commerce,state,54.71,63.18,58.83,76.65,3.69,4.54,3.45,2.77,2.71,3.79,3.08,4.07,2.79,1.5,2.68,Airline Pilot
STU060002,21,F,undergraduate,science_pcm,state,30.99,64.15,80.89,67.79,3.12,4.1,3.61,2.95,3.78,5.0,2.34,2.02,2.15,2.81,4.36,Mechanical Engineer
STU300023,22,F,undergraduate,arts,state,63.81,37.73,70.25,76.05,3.74,4.15,2.58,4.18,2.75,4.01,2.83,2.72,4.28,4.5,3.73,Defence Officer (Indian Armed Forces)
STU170074,18,F,class_12,commerce,cbse,83.28,93.5,65.74,74.9,4.9,4.36,4.13,4.27,2.13,2.65,2.0,2.73,3.77,4.26,4.11,Digital Marketing Manager
STU180107,21,M,undergraduate,undecided,state,86.28,69.69,69.52,40.0,3.66,3.73,3.67,2.73,3.78,3.8,4.25,4.3,3.09,3.93,4.02,Product Manager
STU290146,16,M,class_10,science_pcm,icse,88.63,79.38,97.15,82.02,3.44,4.33,4.25,1.52,3.35,2.13,3.58,2.8,4.31,3.63,3.57,IAS Officer
STU080046,22,F,undergraduate,science_pcb,state,82.7,68.06,86.09,53.86,3.35,4.96,2.65,3.91,2.35,3.14,1.88,3.44,4.51,1.59,3.22,Doctor (MBBS)
STU060132,16,M,class_10,science_pcm,icse,77.22,59.84,73.07,65.59,4.23,4.46,4.53,3.6,3.91,4.02,3.79,3.11,1.74,4.25,1.87,Mechanical Engineer
STU080035,20,F,undergraduate,science_pcb,cbse,92.0,100.0,96.4,52.0,4.6,4.46,2.21,4.93,3.86,3.34,4.53,4.07,4.34,2.78,3.4,Doctor (MBBS)
STU290097,18,F,class_12,arts,cbse,90.14,84.36,78.4,86.95,4.17,4.0,3.3,4.26,1.34,3.03,4.62,3.86,4.06,4.83,3.82,IAS Officer
STU120005,20,F,undergraduate,arts,cbse,53.95,84.07,75.01,67.03,2.5,4.34,2.43,4.68,1.2,3.06,3.5,2.88,3.85,3.02,4.0,Clinical Psychologist
STU230142,16,M,class_10,arts,cbse,82.49,83.89,35.0,90.12,4.1,3.98,4.15,4.03,2.49,2.56,1.85,4.63,4.33,4.75,3.06,Graphic Designer
STU110110,17,F,class_11,science_pcb,cbse,82.61,63.69,63.5,64.78,4.29,1.58,4.13,4.95,2.65,3.35,3.7,1.88,4.74,2.24,2.14,Biomedical Engineer
STU120016,18,O,class_12,arts,cbse,64.07,72.9,90.25,76.34,2.65,3.93,2.2,4.5,3.46,2.76,4.42,2.93,4.66,3.38,2.14,Clinical Psychologist
STU340043,17,O,class_11,science_pcm,state,85.02,63.49,59.74,82.62,2.22,1.26,2.48,3.5,2.56,3.02,2.79,4.16,1.62,2.64,4.46,Airline Pilot
STU260097,17,F,class_12,arts,icse,83.82,87.04,56.9,72.65,4.55,3.55,4.53,4.51,4.6,3.98,2.82,5.0,4.96,2.1,2.73,Journalist
STU300075,20,M,undergraduate,arts,icse,59.55,43.06,58.69,91.74,2.99,4.57,3.09,2.13,2.67,3.86,3.16,2.64,2.83,4.6,3.9,Defence Officer (Indian Armed Forces)
STU100133,18,O,class_12,science_pcm,cbse,77.54,71.83,72.76,61.09,3.17,4.49,3.57,3.58,2.22,2.42,3.64,1.74,4.59,2.45,2.04,Pharmacist
STU090141,18,M,undergraduate,science_pcb,icse,71.84,75.82,68.82,47.77,1.33,4.8,2.68,3.93,3.22,3.63,4.15,2.09,3.96,2.27,4.3,Dentist
STU050147,18,F,class_12,science_pcm,icse,91.41,54.57,81.67,69.25,1.6,3.1,2.04,2.33,2.33,4.34,5.0,2.69,2.0,3.97,3.12,Cloud Architect
STU220105,18,M,undergraduate,science_pcm,cbse,84.0,80.0,69.12,86.31,4.22,2.81,2.6,2.61,1.4,3.37,2.93,4.76,3.58,3.37,3.2,UX/UI Designer
STU220010,17,M,class_12,science_pcm,cbse,44.13,67.33,70.82,99.01,4.84,4.24,4.75,4.8,4.5,1.9,1.96,4.32,3.8,2.59,2.4,UX/UI Designer
STU080125,19,F,undergraduate,science_pcb,state,92.0,95.88,92.51,74.44,3.09,3.59,2.34,4.99,2.44,2.78,2.68,1.0,3.75,1.58,2.66,Doctor (MBBS)
STU200053,14,M,class_9,arts,cbse,82.65,68.0,62.78,66.27,4.51,4.0,4.25,2.73,2.3,2.28,3.73,2.11,4.65,4.72,2.26,Corporate Lawyer
STU270139,20,M,undergraduate,vocational,state,48.61,14.75,22.43,92.51,4.39,2.36,4.68,4.52,2.29,2.12,1.4,4.0,2.3,3.83,2.08,Film Director
STU290136,17,M,class_12,commerce,cbse,83.15,84.89,70.0,88.35,3.79,4.12,5.0,3.33,2.0,3.1,4.53,3.27,4.56,4.02,2.54,IAS Officer
STU310020,20,M,undergraduate,science_pcm,cbse,85.32,85.49,89.41,79.25,4.26,4.44,4.55,4.91,3.09,2.35,3.58,5.0,4.66,3.53,2.47,Environmental Scientist
STU020148,18,M,undergraduate,science_pcm,state,68.0,45.61,73.02,62.82,3.99,3.3,2.05,3.87,2.16,3.94,4.15,3.5,1.3,3.8,3.85,Data Scientist
STU120056,22,F,undergraduate,undecided,cbse,62.8,58.0,67.75,45.0,3.17,4.32,2.57,3.87,3.31,1.82,4.57,3.95,4.41,1.58,1.6,Clinical Psychologist
STU260021,16,F,class_10,arts,state,74.11,77.19,44.59,43.44,4.55,3.02,4.54,3.69,1.92,2.54,2.4,3.7,3.59,4.71,1.39,Journalist
STU120020,16,M,class_10,science_pcb,state,76.09,64.43,68.73,45.0,4.31,4.72,3.52,4.62,3.19,2.13,4.38,1.34,4.2,1.64,3.43,Clinical Psychologist
STU100136,18,F,undergraduate,science_pcb,state,61.27,59.83,84.63,54.8,2.65,5.0,2.91,4.26,1.34,3.1,3.93,3.03,4.55,1.0,2.35,Pharmacist
STU340125,18,F,class_12,science_pcm,state,15.79,35.0,62.15,76.07,4.25,2.63,3.44,3.92,2.39,4.35,2.74,3.99,2.01,4.79,2.28,Airline Pilot
STU020081,16,M,class_10,commerce,cbse,80.79,54.36,81.54,82.78,3.87,3.11,3.95,2.72,2.85,3.82,3.97,3.9,1.34,3.94,3.46,Data Scientist
STU040022,17,M,class_12,science_pcm,ib,85.17,59.83,86.37,78.31,4.42,4.8,2.94,2.72,1.72,5.0,4.62,1.8,3.78,1.9,3.13,Cybersecurity Analyst
STU230061,18,F,undergraduate,arts,state,59.18,69.37,54.34,99.0,4.96,3.95,1.49,2.45,4.04,4.2,1.4,4.07,2.57,3.25,2.22,Graphic Designer
STU250133,21,F,undergraduate,arts,state,42.0,52.42,72.86,90.33,3.83,3.22,2.4,4.69,2.61,2.11,1.8,4.07,4.19,2.79,3.26,Fashion Designer
STU060016,22,F,undergraduate,undecided,cbse,53.32,61.11,54.48,76.92,3.75,4.23,3.01,4.53,4.2,3.86,3.82,1.88,4.36,2.1,2.26,Mechanical Engineer
STU060062,20,M,undergraduate,science_pcm,cbse,34.84,60.64,77.69,84.96,3.05,4.16,3.23,3.95,3.53,4.96,2.56,2.01,2.7,3.66,3.4,Mechanical Engineer
STU090021,18,M,class_12,science_pcb,icse,79.57,70.78,67.34,79.93,3.85,3.5,3.37,4.36,3.19,1.8,4.24,1.83,3.52,3.66,3.59,Dentist
STU170122,17,F,class_11,arts,icse,94.0,90.46,92.0,86.0,3.21,3.22,4.41,4.1,4.4,2.24,4.6,1.73,2.66,3.54,3.36,Digital Marketing Manager
STU330021,15,F,class_9,vocational,cbse,57.1,38.35,95.7,68.4,2.23,3.6,2.67,3.46,2.71,4.67,4.34,2.41,4.76,3.15,2.73,Chef / Culinary Arts
STU100064,21,O,undergraduate,science_pcb,ib,62.34,65.31,59.02,62.87,3.92,4.78,3.38,4.69,1.92,3.81,3.69,1.33,4.12,3.44,2.19,Pharmacist
STU200066,18,F,class_12,commerce,cbse,76.9,80.0,47.27,53.1,2.18,3.61,2.94,3.38,3.84,2.9,3.43,2.53,4.41,4.56,3.55,Corporate Lawyer
STU200038,21,F,undergraduate,arts,state,65.54,22.29,45.0,55.3,4.09,4.2,2.99,3.82,4.22,3.5,4.31,3.33,4.88,3.38,1.9,Corporate Lawyer
STU090054,21,F,undergraduate,commerce,cbse,84.4,56.28,62.0,68.13,2.89,3.56,2.76,4.62,2.36,2.9,4.92,2.73,3.61,2.8,2.94,Dentist
STU140145,17,M,class_12,science_pcm,cbse,79.14,50.0,75.0,49.12,3.02,3.82,3.69,2.27,2.95,2.0,3.74,3.5,2.56,4.01,3.72,Chartered Accountant
STU050122,18,O,undergraduate,vocational,icse,77.05,72.27,84.58,61.72,3.85,3.87,2.5,3.69,2.86,2.92,4.34,1.82,3.32,2.61,4.17,Cloud Architect
STU080007,20,F,undergraduate,science_pcb,cbse,66.8,28.66,81.46,56.62,4.07,5.0,3.94,4.43,2.06,2.47,4.29,3.13,4.27,3.58,3.16,Doctor (MBBS)
STU160121,18,M,class_12,science_pcm,ib,79.37,64.5,67.04,75.13,2.73,4.43,4.32,3.29,3.45,1.35,1.91,4.19,3.27,4.11,3.3,Management Consultant
STU180039,19,F,undergraduate,science_pcm,icse,76.54,55.75,70.84,40.0,3.54,4.01,2.68,2.79,3.23,3.9,3.8,3.72,4.4,3.73,2.74,Product Manager
STU260036,16,M,class_10,science_pcm,state,82.32,92.94,68.79,85.0,2.81,3.09,4.78,3.67,3.82,1.0,4.0,3.94,4.43,4.77,1.09,Journalist
STU230082,18,F,class_12,arts,state,87.56,90.15,47.09,88.54,4.94,3.94,2.64,4.39,2.88,2.79,2.69,4.44,3.5,4.88,3.36,Graphic Designer
STU060130,17,M,class_11,science_pcm,cbse,59.88,61.82,55.01,98.0,3.14,3.98,2.0,2.1,2.39,4.6,2.26,1.13,1.27,2.89,1.85,Mechanical Engineer
STU150095,19,M,undergraduate,commerce,cbse,81.16,70.0,96.08,53.1,3.3,4.48,2.21,2.44,1.74,3.73,3.24,2.71,2.45,2.8,4.93,Investment Banker
STU330018,18,M,class_12,science_pcm,state,88.0,77.5,83.69,75.78,2.93,4.72,2.0,2.77,1.7,4.3,3.41,1.3,1.23,2.47,4.8,Chef / Culinary Arts
STU180005,17,O,class_11,science_pcm,icse,84.23,60.47,77.43,57.97,3.15,4.57,4.56,3.39,2.3,1.5,2.43,2.26,3.06,4.64,2.27,Product Manager
STU160139,14,M,class_9,commerce,state,91.12,71.5,96.24,52.28,2.8,3.17,4.65,3.68,2.69,2.25,3.51,2.54,3.98,3.72,3.85,Management Consultant
STU210108,18,F,class_12,commerce,cbse,86.86,100.0,49.94,68.55,3.8,4.27,3.72,3.88,3.18,1.9,4.4,2.29,3.15,4.38,2.4,Civil Lawyer
STU110015,22,F,undergraduate,science_pcb,cbse,92.0,77.94,82.5,67.29,2.5,4.64,3.0,4.82,3.15,3.85,4.6,1.42,3.4,3.24,1.77,Biomedical Engineer
STU050058,19,M,undergraduate,science_pcm,ib,91.09,95.59,92.5,48.99,3.0,3.7,2.28,4.3,3.43,3.34,4.81,2.6,2.84,2.5,1.89,Cloud Architect
STU280086,16,M,class_10,arts,cbse,54.56,97.44,38.73,71.04,3.52,4.53,3.55,3.64,2.89,1.68,1.99,3.9,3.7,3.74,3.63,Content Writer
STU070139,21,M,undergraduate,science_pcm,cbse,60.07,65.73,81.04,91.6,3.71,3.64,4.14,2.04,3.23,4.38,4.5,1.3,1.2,3.72,3.6,Civil Engineer
STU260052,19,F,undergraduate,arts,icse,43.36,77.14,57.73,40.0,3.95,4.02,3.94,3.19,2.28,3.4,4.1,4.5,5.0,1.05,1.74,Journalist
STU260076,17,F,class_11,commerce,cbse,89.34,81.56,51.6,62.88,4.42,3.86,4.0,3.93,3.06,1.7,2.16,4.38,4.47,3.25,3.49,Journalist
STU250014,15,F,class_10,arts,cbse,71.25,58.43,42.49,80.3,1.45,4.51,2.71,2.75,3.3,2.03,2.43,4.72,3.09,2.14,1.23,Fashion Designer
STU200136,17,M,class_11,arts,cbse,87.85,97.4,71.24,76.98,3.86,3.86,4.32,2.0,2.08,2.15,5.0,3.39,3.03,4.66,3.37,Corporate Lawyer
STU010150,18,M,class_12,science_pcm,cbse,83.58,68.59,72.26,63.93,3.86,4.01,2.8,3.8,1.36,4.07,4.49,1.51,1.84,1.75,2.98,Software Engineer
STU230148,15,M,class_9,arts,state,69.23,94.07,64.02,78.23,4.51,3.7,3.81,3.48,4.5,1.51,2.48,3.8,1.74,2.36,2.28,Graphic Designer
STU160084,16,M,class_11,commerce,state,85.52,68.64,88.36,45.89,3.89,3.61,5.0,3.06,4.06,2.87,4.27,2.11,3.75,2.18,4.7,Management Consultant
STU180150,21,F,undergraduate,science_pcm,cbse,73.65,57.06,84.62,50.4,4.25,3.71,3.43,3.94,1.72,1.49,4.7,1.69,3.61,4.61,3.02,Product Manager
STU100013,18,F,class_12,science_pcb,cbse,77.54,92.27,72.93,53.08,3.59,5.0,4.04,4.61,2.19,2.22,4.56,2.03,3.98,2.55,2.11,Pharmacist
STU120103,15,F,class_10,commerce,icse,66.41,58.0,94.11,79.35,3.88,4.67,3.7,3.87,3.5,2.43,4.15,3.49,4.47,1.42,2.6,Clinical Psychologist
STU110034,22,M,undergraduate,undecided,ib,91.94,84.95,80.46,49.29,3.89,5.0,3.65,4.34,3.45,2.09,4.29,1.52,3.76,2.68,1.6,Biomedical Engineer
STU070027,16,F,class_10,science_pcm,state,63.17,58.2,74.07,90.94,4.89,4.6,3.2,4.15,1.1,4.51,2.56,1.85,3.24,3.01,3.81,Civil Engineer
STU260029,14,F,class_9,commerce,cbse,77.43,86.01,56.51,83.47,4.47,3.85,4.38,4.24,1.49,3.05,1.73,3.57,4.39,3.65,2.75,Journalist
STU230119,16,M,class_10,undecided,ib,71.58,56.32,35.0,68.19,3.74,3.59,2.4,2.9,4.1,4.03,2.88,4.61,5.0,3.15,1.27,Graphic Designer
STU010013,16,M,class_11,science_pcm,cbse,93.08,52.98,86.6,52.0,3.16,4.22,4.1,2.8,1.36,4.84,3.89,2.9,3.19,3.39,3.04,Software Engineer
STU010094,18,M,class_12,science_pcm,cbse,91.93,53.81,89.5,53.52,3.32,4.48,4.25,1.8,1.3,3.67,4.21,1.67,2.33,4.0,4.71,Software Engineer
STU250094,17,F,class_11,arts,cbse,64.66,79.84,57.4,83.2,4.4,4.52,4.39,3.15,3.23,1.98,3.01,4.31,3.42,2.54,2.03,Fashion Designer
STU110113,21,M,undergraduate,science_pcb,cbse,78.78,70.46,86.97,75.71,4.15,3.88,2.66,4.28,1.2,1.97,4.99,1.94,4.62,2.55,3.12,Biomedical Engineer
STU240079,18,F,class_12,arts,cbse,44.51,48.49,51.64,82.01,3.93,2.91,2.46,2.51,4.5,1.87,2.41,3.84,4.72,4.03,2.68,Architect
STU260099,17,F,class_11,arts,state,83.21,56.05,38.86,80.13,3.85,2.82,4.35,2.26,4.05,2.31,2.9,3.71,4.4,3.0,1.89,Journalist
STU080132,18,F,class_12,science_pcb,cbse,65.66,85.81,84.75,61.98,3.35,3.9,3.6,3.5,3.9,2.23,4.86,3.47,3.89,1.83,1.87,Doctor (MBBS)
STU040089,16,F,class_10,science_pcm,state,78.44,63.83,48.14,80.78,4.74,3.85,3.88,3.77,3.29,1.1,4.08,1.6,2.23,3.3,3.62,Cybersecurity Analyst
STU140055,16,M,class_11,commerce,cbse,92.01,59.52,44.89,44.68,3.16,3.5,3.13,4.4,4.1,2.21,3.01,2.59,2.57,3.37,4.1,Chartered Accountant
STU290135,16,M,class_11,science_pcm,cbse,76.31,79.79,73.97,82.33,3.81,4.88,4.4,4.19,1.96,4.3,2.8,2.79,4.85,4.72,4.19,IAS Officer
STU160015,21,M,undergraduate,science_pcm,ib,76.84,74.49,54.0,63.58,3.87,4.52,4.04,2.92,3.87,2.56,4.17,3.88,2.56,4.34,1.64,Management Consultant
STU170019,17,F,class_12,undecided,state,60.39,88.35,78.83,75.18,3.76,4.44,4.99,3.44,4.2,1.7,3.78,2.24,2.85,3.89,3.42,Digital Marketing Manager
STU170104,17,M,class_11,arts,icse,79.94,55.0,71.27,50.18,4.59,3.45,3.27,2.2,2.43,2.78,3.57,1.66,4.03,3.54,4.55,Digital Marketing Manager
STU080066,17,M,class_12,undecided,cbse,57.75,71.65,96.54,48.81,4.46,5.0,2.8,3.78,3.44,3.76,4.53,2.84,4.01,4.34,2.15,Doctor (MBBS)
STU150069,21,M,undergraduate,commerce,state,64.23,64.01,73.1,62.54,4.07,2.01,5.0,2.73,1.58,2.03,2.91,2.73,1.74,4.04,4.7,Investment Banker
STU200051,15,F,class_10,arts,state,94.82,86.11,76.5,37.38,3.73,3.79,3.76,3.45,3.96,2.14,4.13,3.58,2.92,4.8,3.73,Corporate Lawyer
STU080138,16,M,class_10,science_pcb,cbse,92.0,100.0,80.11,50.47,4.01,4.53,2.54,4.02,2.43,3.86,1.54,2.22,1.87,4.61,2.78,Doctor (MBBS)
STU180095,16,M,class_10,science_pcm,state,74.77,95.0,54.0,86.0,3.8,1.16,3.96,2.87,3.91,1.37,3.52,3.09,4.4,4.92,4.06,Product Manager
STU100105,16,F,class_11,science_pcb,icse,92.0,58.0,81.08,70.17,4.6,4.03,2.61,3.5,1.33,3.41,4.97,1.89,4.19,1.2,4.3,Pharmacist
STU210085,17,M,class_12,arts,cbse,73.59,84.64,51.18,82.0,3.47,4.06,3.59,2.51,1.34,1.72,2.77,2.84,3.65,4.32,3.87,Civil Lawyer
STU180115,18,M,class_12,commerce,state,71.62,72.47,68.75,73.49,4.3,4.85,3.39,4.67,2.15,2.73,3.55,3.4,1.62,4.04,2.84,Product Manager
STU060056,17,M,class_11,vocational,cbse,52.45,61.47,56.32,87.62,2.0,3.69,2.25,3.19,2.56,4.11,2.99,1.3,2.19,3.03,2.07,Mechanical Engineer
STU320091,21,F,undergraduate,science_pcm,state,78.21,69.46,77.67,77.04,4.0,4.26,2.91,2.23,2.46,3.62,3.95,1.2,3.36,2.75,3.32,Sports Manager
STU110044,18,F,class_12,science_pcm,cbse,62.12,70.12,65.07,54.01,3.92,1.79,3.0,4.02,2.84,3.68,1.9,2.87,4.6,2.11,4.04,Biomedical Engineer
STU310044,15,F,class_10,undecided,ib,99.0,60.62,87.08,95.14,3.0,4.16,4.24,3.53,3.8,3.15,1.0,2.2,4.33,4.07,4.67,Environmental Scientist
STU110051,21,F,undergraduate,undecided,cbse,55.0,62.27,88.73,78.79,3.69,3.74,3.34,4.27,2.04,2.93,4.18,1.2,1.41,2.01,2.45,Biomedical Engineer
STU290054,17,F,class_12,science_pcm,cbse,70.0,91.91,87.18,74.83,4.39,2.6,4.44,4.73,3.15,3.35,4.6,2.66,4.18,3.52,2.68,IAS Officer
STU220055,16,M,class_11,arts,state,73.92,50.0,66.0,88.48,4.15,3.65,2.69,4.77,3.3,2.89,3.15,4.23,4.15,4.19,2.85,UX/UI Designer
STU110084,17,M,class_12,science_pcm,state,80.42,72.56,98.73,70.51,3.47,3.97,2.69,2.15,1.94,3.75,3.59,1.76,4.93,2.46,4.3,Biomedical Engineer
STU330081,22,F,undergraduate,commerce,icse,79.97,78.0,54.27,98.0,3.01,3.0,4.1,4.28,3.35,4.78,4.01,4.41,4.33,3.6,4.69,Chef / Culinary Arts
STU030111,16,M,class_10,science_pcm,cbse,79.19,67.0,76.61,35.6,3.15,3.29,2.52,4.16,2.61,3.48,3.95,3.3,2.27,3.89,2.89,AI/ML Engineer
STU140046,14,M,class_9,commerce,icse,78.67,76.1,100.0,80.0,3.65,4.09,4.39,4.36,2.9,2.8,3.25,1.62,3.03,4.95,3.66,Chartered Accountant
STU090016,14,F,class_9,undecided,cbse,59.38,62.88,80.22,69.87,4.2,4.13,2.82,1.73,1.23,3.53,4.78,3.33,4.34,4.43,3.08,Dentist
STU110035,15,M,class_10,science_pcb,icse,68.36,93.61,86.06,66.27,2.61,4.82,1.82,4.45,3.05,2.62,3.62,2.45,4.87,3.33,2.19,Biomedical Engineer
STU010133,18,M,class_12,science_pcm,cbse,91.35,54.02,82.0,89.84,3.08,3.57,2.79,3.62,2.42,4.05,3.87,3.44,1.66,2.9,3.28,Software Engineer
STU180081,17,F,class_12,commerce,state,94.0,47.83,65.1,60.47,2.91,3.71,4.09,3.58,3.59,2.42,3.25,2.08,3.24,4.7,2.0,Product Manager
STU130038,18,F,class_12,undecided,ib,85.22,71.13,79.7,50.58,3.59,4.39,3.86,4.8,3.08,2.63,3.73,2.38,3.79,1.89,1.61,Physiotherapist
STU260035,17,M,class_12,arts,ib,58.91,81.64,82.66,77.81,4.26,3.3,2.77,4.98,3.75,2.89,1.96,4.0,4.1,4.2,2.78,Journalist
STU300112,16,F,class_11,commerce,state,48.09,100.0,63.71,69.43,3.06,3.2,2.94,3.59,1.95,4.07,3.51,3.04,4.39,2.89,2.89,Defence Officer (Indian Armed Forces)
STU050092,22,F,undergraduate,commerce,cbse,93.09,65.91,78.25,67.0,4.06,1.73,3.04,3.78,2.86,4.35,1.36,1.81,1.3,2.36,3.65,Cloud Architect
STU170100,18,M,undergraduate,commerce,cbse,66.46,69.55,87.74,45.57,3.42,5.0,4.31,4.2,3.47,2.53,3.79,1.67,3.51,3.9,4.41,Digital Marketing Manager
STU320139,17,M,class_11,arts,state,85.53,62.94,54.0,79.21,3.55,4.92,4.09,3.44,3.35,1.52,3.44,2.96,1.69,3.81,2.0,Sports Manager
STU260111,18,M,undergraduate,commerce,icse,58.88,95.84,57.89,77.32,3.5,3.7,4.52,3.21,3.32,2.54,1.43,2.53,4.69,3.46,2.41,Journalist
STU320037,22,M,undergraduate,undecided,state,91.23,64.56,31.25,49.66,3.17,4.16,3.98,3.65,2.9,3.42,3.19,2.51,2.66,3.94,2.84,Sports Manager
STU180105,18,F,undergraduate,undecided,cbse,86.22,83.16,57.12,72.27,2.97,4.33,2.93,3.95,3.33,1.87,3.52,4.3,2.2,4.67,4.39,Product Manager
STU020138,18,F,undergraduate,commerce,icse,76.62,62.05,95.63,60.38,4.68,4.01,4.69,2.31,2.32,4.74,4.61,2.24,1.66,3.06,1.7,Data Scientist
STU270045,15,F,class_9,arts,cbse,46.01,69.49,63.63,93.06,2.09,3.25,3.17,2.72,3.96,3.72,1.4,5.0,3.74,1.7,2.6,Film Director
STU220109,17,M,class_12,undecided,cbse,79.99,71.32,58.46,71.07,4.69,4.71,2.92,2.35,3.15,1.42,1.44,4.35,3.51,4.8,2.56,UX/UI Designer
STU320116,18,F,undergraduate,commerce,state,70.8,58.55,82.06,40.18,3.19,3.96,1.31,2.58,1.57,3.4,2.32,1.2,3.86,4.07,2.41,Sports Manager
STU250090,18,F,class_12,arts,ib,84.0,80.91,69.08,88.53,5.0,3.36,2.81,4.46,2.64,2.48,2.01,4.5,3.81,3.05,1.73,Fashion Designer
STU130078,21,F,undergraduate,science_pcb,state,55.53,69.41,86.03,63.14,1.0,4.32,2.74,3.77,2.28,2.03,5.0,3.34,4.74,2.89,2.94,Physiotherapist
STU080006,17,F,class_11,science_pcb,state,55.9,91.85,78.54,62.2,3.44,4.5,2.92,3.86,1.32,3.71,4.05,1.78,4.41,3.01,2.41,Doctor (MBBS)
STU200057,16,F,class_11,arts,icse,86.3,70.13,89.55,35.0,4.22,3.3,3.72,4.45,2.18,1.53,4.15,3.17,4.09,3.35,3.47,Corporate Lawyer
STU310136,16,M,class_10,science_pcm,cbse,94.24,82.4,92.36,85.3,3.66,4.0,4.6,3.61,1.73,3.22,4.35,4.69,4.43,4.83,4.31,Environmental Scientist
STU320026,17,M,class_12,commerce,icse,78.1,64.31,78.35,51.16,2.8,4.7,3.48,4.31,3.96,1.92,5.0,1.57,2.47,3.97,2.0,Sports Manager
STU200072,15,M,class_9,arts,ib,84.96,86.7,49.06,75.57,3.11,3.86,3.53,3.3,1.8,2.65,4.84,3.03,2.8,1.97,4.25,Corporate Lawyer
STU190055,15,M,class_10,commerce,cbse,75.21,81.16,68.97,40.0,3.16,3.1,4.21,2.81,2.12,3.45,2.2,1.27,4.47,3.52,2.8,Entrepreneur
STU210041,18,M,undergraduate,science_pcb,icse,100.0,7.17,86.63,30.86,4.26,3.96,3.47,3.73,3.63,1.45,2.6,2.17,4.9,3.77,2.83,Civil Lawyer
STU060014,16,F,class_11,science_pcm,cbse,57.95,64.55,67.25,90.85,2.49,4.05,4.54,3.61,3.58,4.79,4.32,2.73,1.7,3.52,4.8,Mechanical Engineer
STU170132,22,M,undergraduate,commerce,cbse,79.34,92.95,77.46,76.21,3.27,3.1,4.85,3.57,2.74,3.8,3.04,2.9,3.58,4.17,4.68,Digital Marketing Manager
STU250027,15,F,class_9,arts,state,82.23,58.79,74.83,68.52,4.68,2.69,1.05,1.95,4.1,2.07,1.77,4.36,3.44,4.43,1.92,Fashion Designer
STU110058,20,F,undergraduate,undecided,icse,99.32,85.32,95.0,77.88,4.52,4.3,4.43,4.36,3.91,4.2,4.33,3.52,4.41,2.8,3.52,Biomedical Engineer
STU220099,17,F,class_11,undecided,cbse,74.83,71.08,63.84,77.61,4.97,3.83,4.85,4.01,3.1,1.99,2.92,4.05,4.88,2.53,1.68,UX/UI Designer
STU040016,14,M,class_9,science_pcm,cbse,68.71,75.77,66.92,86.38,3.43,3.8,3.88,4.11,2.29,2.69,4.7,3.08,3.25,2.47,3.84,Cybersecurity Analyst
STU010110,18,M,class_12,undecided,state,75.28,73.66,94.88,87.49,3.0,3.94,1.81,2.65,2.56,3.63,3.65,3.33,4.23,3.35,3.86,Software Engineer
STU080024,18,F,class_12,science_pcb,state,79.95,84.37,68.01,42.19,2.65,4.14,3.88,4.22,1.7,2.76,3.79,3.16,4.14,3.66,2.83,Doctor (MBBS)
STU050143,16,F,class_10,science_pcm,cbse,66.5,62.23,73.69,82.93,4.28,4.53,2.85,1.84,3.39,4.69,3.85,1.77,3.37,3.5,4.64,Cloud Architect
STU150020,16,F,class_10,commerce,state,75.33,50.0,37.39,48.7,3.21,5.0,2.87,2.31,1.43,1.9,3.07,2.67,2.2,3.75,4.96,Investment Banker
STU240105,17,M,class_11,vocational,cbse,71.34,85.86,57.06,77.14,4.84,3.1,4.27,3.75,4.1,2.38,2.52,3.96,4.54,3.49,3.02,Architect
STU040140,18,F,class_12,science_pcm,icse,88.07,58.06,81.79,78.59,3.41,3.61,3.59,3.34,2.65,2.89,4.31,3.16,2.33,1.0,2.39,Cybersecurity Analyst
STU310113,14,F,class_9,science_pcm,state,78.83,81.13,94.38,85.48,4.84,4.07,1.43,4.18,1.52,3.14,3.26,1.3,4.5,4.04,4.03,Environmental Scientist
STU310073,17,F,class_11,science_pcm,cbse,76.65,90.37,90.63,98.0,3.13,4.43,4.47,2.94,2.9,3.71,3.8,2.26,4.86,3.5,2.39,Environmental Scientist
STU030127,15,M,class_9,science_pcm,cbse,75.8,47.46,86.23,73.04,3.72,4.56,1.58,2.2,2.26,2.7,4.86,2.53,2.55,2.58,2.58,AI/ML Engineer
STU150078,22,F,undergraduate,commerce,state,4.13,79.44,98.11,85.99,4.43,4.45,3.31,2.51,3.4,1.4,3.87,4.03,2.96,3.99,4.45,Investment Banker
STU090061,14,M,class_9,science_pcb,cbse,76.42,75.41,70.28,55.88,4.17,4.66,4.12,3.74,3.63,3.42,4.55,1.2,4.19,1.69,1.97,Dentist
STU070016,22,O,undergraduate,vocational,state,72.36,63.04,70.55,75.34,2.0,4.09,2.98,2.1,2.3,5.0,4.45,3.12,1.3,1.5,3.89,Civil Engineer
STU240101,22,M,undergraduate,arts,state,61.01,42.44,77.96,68.65,3.98,3.03,3.74,3.57,3.7,1.51,3.44,4.47,3.5,2.19,2.26,Architect
STU290057,14,F,class_9,arts,cbse,96.3,90.31,57.97,79.38,4.27,4.71,3.45,4.47,3.8,4.5,3.01,3.39,1.0,5.0,2.1,IAS Officer
STU240092,18,M,class_12,science_pcm,cbse,84.0,82.81,50.0,81.76,4.4,2.44,3.57,2.51,2.91,1.89,1.66,4.6,3.16,2.57,3.45,Architect
STU080095,16,F,class_11,science_pcb,state,62.72,85.05,91.07,61.29,3.78,4.14,4.06,5.0,2.96,2.89,1.81,1.42,5.0,2.4,2.12,Doctor (MBBS)
STU130082,17,M,class_12,vocational,icse,90.7,83.59,91.15,53.87,3.66,3.58,2.55,4.42,3.79,3.72,4.66,3.22,4.36,2.11,2.35,Physiotherapist
STU110148,17,F,class_11,vocational,state,86.08,96.93,65.62,75.14,3.92,2.38,4.2,4.84,2.78,1.99,4.27,2.04,3.89,3.09,1.6,Biomedical Engineer
STU210096,17,F,class_12,commerce,cbse,82.07,70.78,83.37,50.76,2.7,3.3,3.83,4.34,2.69,2.43,3.12,1.26,3.2,3.79,4.31,Civil Lawyer
STU200135,18,F,class_12,vocational,state,75.91,86.21,81.89,58.8,4.37,3.97,3.17,5.0,3.46,2.85,4.9,2.3,4.9,4.97,4.11,Corporate Lawyer
STU230073,16,F,class_11,undecided,cbse,74.79,53.99,78.0,78.91,4.33,1.0,4.35,4.37,2.0,1.41,1.92,1.6,3.86,2.33,2.31,Graphic Designer
STU240070,17,M,class_12,arts,state,74.74,65.94,35.0,78.33,4.9,3.13,3.28,3.75,3.19,2.3,4.0,4.8,1.37,4.08,1.67,Architect
STU090093,19,M,undergraduate,science_pcm,cbse,63.41,66.25,79.52,60.72,2.8,4.8,2.64,3.7,1.75,1.8,3.93,2.77,2.25,3.71,3.61,Dentist
STU070103,15,M,class_9,science_pcm,cbse,77.37,70.26,77.96,45.4,3.73,3.46,3.55,3.28,4.0,1.94,2.21,2.52,3.7,2.9,4.62,Civil Engineer
STU160002,19,F,undergraduate,commerce,cbse,90.95,58.49,77.17,77.04,4.64,4.73,4.11,4.57,2.57,1.79,3.03,2.0,4.86,3.96,4.59,Management Consultant
STU220110,15,M,class_10,science_pcm,icse,54.03,55.61,38.34,88.73,4.84,3.1,2.98,3.62,4.43,2.19,3.77,4.0,3.0,3.53,3.47,UX/UI Designer
STU300024,21,F,undergraduate,commerce,ib,49.17,78.0,45.0,66.22,2.5,4.9,2.74,3.55,1.61,4.4,3.69,1.83,3.85,3.48,4.62,Defence Officer (Indian Armed Forces)
STU140142,16,M,class_11,commerce,state,87.93,61.48,100.0,61.58,4.5,3.9,3.73,3.48,4.1,1.53,2.62,2.82,2.37,4.16,5.0,Chartered Accountant
STU200123,14,F,class_9,commerce,icse,63.75,99.71,44.81,75.69,2.83,3.67,4.18,2.61,1.7,1.74,3.25,3.99,3.69,2.11,4.9,Corporate Lawyer
STU110046,17,F,class_11,science_pcb,cbse,63.36,60.68,82.03,85.0,1.16,4.16,2.3,3.8,2.6,2.35,4.0,3.7,4.44,3.08,1.65,Biomedical Engineer
STU080047,22,F,undergraduate,science_pcb,state,86.98,79.9,79.82,55.51,3.12,4.37,4.38,4.49,4.76,2.32,4.04,1.73,4.54,4.96,3.03,Doctor (MBBS)
STU260039,19,M,undergraduate,arts,state,65.8,82.85,76.65,62.92,4.34,4.8,3.77,3.86,2.87,2.29,3.19,4.49,4.42,4.43,3.2,Journalist
STU290067,17,F,class_11,science_pcm,state,89.84,94.45,100.0,87.85,4.56,5.0,3.29,3.21,1.07,4.29,2.91,2.48,2.17,2.58,4.09,IAS Officer
STU180001,18,M,undergraduate,science_pcm,state,45.23,74.13,92.0,40.0,3.26,4.57,3.2,2.2,1.62,3.07,2.81,1.5,2.2,4.75,4.29,Product Manager
STU090025,16,M,class_10,science_pcb,cbse,67.42,74.32,62.0,38.16,2.59,3.92,3.73,4.08,3.75,2.45,4.85,1.78,3.57,1.48,3.29,Dentist
STU280035,14,M,class_9,science_pcm,icse,60.0,79.69,35.0,69.2,3.35,3.32,3.68,4.37,2.36,1.84,3.38,4.14,3.94,4.8,1.74,Content Writer
STU230078,14,F,class_9,science_pcm,cbse,42.0,89.97,35.62,100.0,3.74,4.56,2.4,4.22,2.22,2.73,2.36,4.42,2.82,4.8,1.73,Graphic Designer
STU030115,17,F,class_11,science_pcm,icse,71.59,61.58,86.74,52.0,4.49,3.71,1.97,4.3,3.4,1.0,4.54,1.84,3.56,2.84,1.34,AI/ML Engineer
STU200025,22,F,undergraduate,commerce,cbse,70.07,88.31,80.71,72.2,3.62,4.53,3.82,2.92,2.91,1.84,3.67,3.08,4.41,3.17,3.68,Corporate Lawyer
STU110037,17,M,class_11,science_pcb,ib,77.01,67.71,81.61,46.9,3.09,3.57,4.24,5.0,2.09,2.37,3.98,2.38,4.35,2.54,3.11,Biomedical Engineer
STU100048,16,M,class_11,science_pcb,cbse,75.86,88.19,78.75,74.96,3.66,4.88,4.29,3.94,3.38,3.56,3.52,3.7,4.57,2.97,4.0,Pharmacist
STU210003,17,M,class_12,commerce,state,95.8,83.43,45.9,45.62,3.92,3.3,3.33,3.98,3.36,1.55,4.41,4.75,4.1,3.69,4.28,Civil Lawyer
STU040150,18,M,undergraduate,vocational,icse,73.09,56.64,69.55,86.91,4.52,3.24,3.54,2.82,1.72,2.51,4.6,2.7,2.67,2.72,1.99,Cybersecurity Analyst
STU180097,17,F,class_11,commerce,cbse,75.26,95.0,54.7,65.56,3.99,4.12,2.07,4.56,3.15,1.59,4.32,1.92,3.83,4.75,4.7,Product Manager
STU030138,15,F,class_10,science_pcm,icse,83.0,80.45,67.88,57.51,4.51,4.54,2.41,2.06,3.22,3.46,4.63,3.1,2.59,2.79,2.46,AI/ML Engineer
STU300069,21,M,undergraduate,science_pcm,cbse,68.32,57.41,89.4,68.2,3.11,3.0,2.12,3.48,1.1,4.41,2.93,1.82,3.78,2.45,3.79,Defence Officer (Indian Armed Forces)
STU280076,14,M,class_9,commerce,state,71.02,70.21,63.69,72.57,3.72,3.37,4.72,5.0,3.82,2.72,1.66,3.93,5.0,3.79,2.06,Content Writer
STU300105,17,F,class_12,vocational,cbse,48.35,69.63,70.01,60.0,4.06,3.98,3.11,3.59,2.94,4.63,2.08,3.97,3.52,2.23,1.84,Defence Officer (Indian Armed Forces)
STU020141,18,M,class_12,science_pcm,state,73.06,47.63,88.26,90.0,4.79,3.23,2.25,3.87,3.26,3.39,4.99,1.97,3.39,1.9,4.42,Data Scientist
STU040095,16,O,class_10,commerce,state,45.12,66.49,78.69,52.0,2.68,3.55,2.2,2.68,1.3,3.77,4.66,3.25,2.35,3.16,3.89,Cybersecurity Analyst
STU290100,16,M,class_11,science_pcm,state,93.36,73.17,98.18,96.02,3.15,4.0,3.17,3.61,3.48,3.83,4.77,1.48,4.29,3.96,3.88,IAS Officer
STU020103,18,F,class_12,science_pcm,cbse,72.75,64.38,77.96,74.33,4.56,4.19,5.0,4.79,1.5,2.7,3.9,2.26,1.35,3.32,2.76,Data Scientist
STU060082,17,F,class_11,science_pcm,ib,69.01,58.6,49.36,83.4,2.31,3.44,3.57,4.09,2.32,4.69,1.52,3.71,3.29,1.67,1.82,Mechanical Engineer
STU290089,17,F,class_11,commerce,state,91.9,79.96,60.64,77.86,3.66,4.19,4.72,4.58,3.33,1.35,3.16,1.71,4.32,4.76,3.68,IAS Officer
STU030051,17,O,class_12,science_pcm,state,89.54,69.94,72.64,58.87,4.2,3.77,2.41,4.3,2.06,4.74,4.16,3.33,1.72,1.81,2.91,AI/ML Engineer
STU290120,22,M,undergraduate,commerce,icse,96.92,89.63,91.67,78.29,3.84,4.47,5.0,3.81,1.82,2.65,3.3,3.85,4.63,4.75,4.58,IAS Officer
STU030047,17,M,class_12,science_pcm,icse,85.89,50.86,84.29,70.51,4.49,3.02,3.11,3.81,2.11,5.0,4.44,2.04,3.7,3.59,2.43,AI/ML Engineer
STU120045,19,M,undergraduate,science_pcb,cbse,89.15,43.13,64.05,72.28,3.33,4.09,2.74,4.92,3.18,2.91,5.0,1.46,4.48,1.4,2.47,Clinical Psychologist
STU140043,18,M,class_12,commerce,cbse,89.55,62.82,92.96,36.97,3.22,4.49,2.79,3.38,1.91,2.65,2.72,1.0,2.5,1.5,4.76,Chartered Accountant
STU040008,18,F,class_12,vocational,state,91.54,81.1,72.43,56.8,3.98,4.37,2.79,3.08,2.2,3.53,3.67,2.9,2.48,2.23,2.7,Cybersecurity Analyst
STU320131,16,M,class_10,science_pcm,cbse,69.9,90.8,69.37,44.49,4.48,4.24,3.89,4.54,2.7,3.03,4.65,1.96,2.76,4.66,2.54,Sports Manager
STU040081,15,F,class_9,vocational,state,55.82,67.22,83.75,90.0,3.64,2.05,2.24,2.42,2.5,2.71,4.67,2.77,1.5,2.32,2.86,Cybersecurity Analyst
STU010091,16,M,class_11,undecided,cbse,79.5,66.33,73.06,84.87,4.18,4.8,2.39,1.12,2.13,3.0,4.56,2.63,1.87,2.34,2.18,Software Engineer
STU120026,16,M,class_10,arts,cbse,88.14,92.46,95.0,76.34,2.94,5.0,3.89,4.73,4.38,1.8,3.93,4.09,3.73,4.36,3.43,Clinical Psychologist
STU290109,17,F,class_12,commerce,state,85.13,94.1,93.8,74.3,3.83,4.3,3.6,4.88,1.99,3.9,4.3,3.06,4.62,4.13,2.52,IAS Officer
STU340139,22,F,undergraduate,commerce,cbse,66.93,53.06,65.65,85.15,2.75,4.53,3.77,4.58,1.1,3.69,2.39,3.37,3.07,2.94,3.58,Airline Pilot
STU170008,18,M,class_12,undecided,cbse,70.74,80.54,54.0,66.4,2.86,4.03,3.39,4.26,2.76,2.65,3.17,2.12,4.22,3.89,3.9,Digital Marketing Manager
STU220066,17,F,class_11,arts,cbse,80.69,79.64,55.77,98.18,4.74,4.7,2.61,3.99,2.09,2.62,2.88,4.32,4.52,2.43,1.53,UX/UI Designer
STU010027,18,M,class_12,science_pcm,cbse,96.96,46.17,97.03,84.05,3.53,3.99,2.69,4.02,1.33,4.68,4.2,1.63,1.78,2.31,2.83,Software Engineer
STU110089,16,M,class_10,science_pcb,state,89.55,94.45,71.7,63.81,3.81,3.76,3.91,4.33,1.0,3.04,2.41,2.23,4.76,2.55,3.87,Biomedical Engineer
STU210008,17,F,class_11,arts,state,92.24,76.51,70.73,51.13,3.83,4.44,3.22,3.74,2.67,4.23,4.24,2.32,4.35,3.61,4.2,Civil Lawyer
STU050125,17,M,class_11,science_pcm,cbse,68.0,52.76,70.92,56.56,4.32,4.29,3.07,2.29,2.35,3.91,4.21,3.51,2.02,3.69,2.54,Cloud Architect
STU220111,17,F,class_11,arts,cbse,68.88,68.45,69.2,72.14,4.53,4.54,4.0,4.42,4.5,1.9,2.45,4.26,4.69,2.88,3.5,UX/UI Designer
STU020032,17,F,class_12,undecided,cbse,84.95,84.21,74.95,68.11,4.46,3.1,2.29,3.25,2.12,3.57,3.31,3.27,1.77,3.24,2.96,Data Scientist
STU160010,20,O,undergraduate,commerce,cbse,70.69,55.0,58.27,46.82,3.55,5.0,3.36,4.8,1.91,2.22,3.11,2.56,3.43,1.17,2.83,Management Consultant
STU180085,16,F,class_11,undecided,cbse,85.73,68.81,66.9,80.61,3.44,4.87,4.1,4.3,1.86,2.41,3.11,4.18,4.05,4.57,3.48,Product Manager
STU190007,14,M,class_9,undecided,cbse,78.52,86.34,92.0,43.35,3.52,4.34,3.36,4.54,2.55,1.45,3.56,1.45,3.25,3.49,4.09,Entrepreneur
STU260058,18,M,class_12,arts,icse,42.0,92.57,45.73,58.41,4.37,4.12,4.5,4.71,3.65,3.24,2.27,3.57,3.53,2.61,2.73,Journalist
STU250091,16,M,class_11,vocational,cbse,49.62,54.73,51.42,71.07,4.1,3.39,3.37,3.88,3.51,2.76,2.28,4.45,4.35,1.81,1.1,Fashion Designer
STU130009,21,M,undergraduate,science_pcb,icse,83.79,67.59,75.88,71.4,4.6,4.71,3.9,3.69,1.46,1.8,1.74,2.98,3.67,3.28,4.76,Physiotherapist
STU150055,15,M,class_10,science_pcm,icse,65.47,57.88,34.62,59.55,4.13,4.12,3.1,3.69,2.8,2.98,3.52,2.4,3.47,4.16,4.01,Investment Banker
STU060038,17,F,class_12,science_pcm,cbse,72.26,59.27,71.35,87.47,4.5,4.29,2.94,2.55,1.89,1.0,1.83,4.03,2.65,4.22,3.47,Mechanical Engineer
STU240029,15,M,class_10,arts,cbse,44.49,63.94,63.65,80.69,4.62,2.75,4.69,4.18,2.76,4.14,2.5,4.82,4.66,4.03,3.5,Architect
STU060128,16,M,class_11,science_pcm,state,58.42,59.75,54.82,28.01,2.24,4.59,3.03,2.49,2.84,4.0,2.54,1.84,3.4,3.95,4.56,Mechanical Engineer
STU300051,15,O,class_10,science_pcm,cbse,53.31,52.66,73.39,74.77,2.76,4.47,4.08,2.1,3.15,4.21,3.27,3.03,4.15,2.77,3.66,Defence Officer (Indian Armed Forces)
STU250150,20,F,undergraduate,arts,ib,70.25,92.62,64.41,96.39,4.39,2.55,2.72,2.2,2.76,1.96,2.09,4.94,4.45,2.19,2.91,Fashion Designer
STU320094,19,M,undergraduate,science_pcm,cbse,75.81,88.02,87.76,80.02,3.89,4.13,4.81,4.8,4.5,2.77,3.63,3.85,2.57,4.19,3.75,Sports Manager
STU160043,17,M,class_12,science_pcm,cbse,65.83,65.72,87.16,53.06,3.29,3.51,4.73,3.62,1.82,3.05,2.47,2.66,4.74,3.42,4.06,Management Consultant
STU250071,17,F,class_12,science_pcb,icse,51.47,92.6,51.56,86.43,4.01,3.83,3.58,2.2,4.37,3.2,3.14,4.18,4.03,4.4,1.18,Fashion Designer
STU010070,15,F,class_10,undecided,state,74.99,73.21,76.77,77.8,3.0,3.27,2.75,4.3,1.54,4.77,3.5,1.98,3.3,3.57,3.28,Software Engineer
STU340061,15,M,class_9,arts,icse,70.85,63.86,45.0,67.45,3.55,4.83,2.7,4.76,2.46,3.81,4.3,1.37,2.0,2.96,2.9,Airline Pilot
STU310138,17,F,class_11,science_pcb,icse,95.88,76.09,91.84,88.04,4.88,1.92,3.29,3.4,3.62,2.88,4.67,2.86,3.27,3.57,4.39,Environmental Scientist
STU170007,18,M,undergraduate,commerce,cbse,61.36,93.58,64.82,70.81,3.33,4.02,4.36,3.78,3.4,3.48,2.0,1.2,2.55,4.79,3.63,Digital Marketing Manager
STU290018,22,F,undergraduate,commerce,state,95.48,76.5,72.28,71.44,3.8,5.0,1.21,3.92,1.0,2.15,4.59,1.29,4.0,4.64,3.62,IAS Officer
STU330055,16,M,class_11,undecided,cbse,52.61,65.2,62.17,78.64,3.82,3.89,4.07,3.35,1.57,4.62,2.04,1.3,3.27,2.74,2.05,Chef / Culinary Arts
STU150139,18,F,class_12,commerce,ib,78.74,75.92,88.06,42.36,3.7,4.81,2.88,2.47,1.37,1.66,4.54,2.07,2.58,2.89,3.69,Investment Banker
STU030088,19,M,undergraduate,science_pcm,cbse,76.11,64.13,100.0,54.06,4.63,3.1,2.56,1.85,2.16,3.47,4.85,1.4,1.56,4.54,3.46,AI/ML Engineer
STU090001,19,M,undergraduate,science_pcb,icse,79.11,68.66,90.48,59.38,2.02,4.71,2.5,3.54,2.73,3.9,5.0,2.16,4.0,1.77,2.84,Dentist
STU140072,15,M,class_10,commerce,cbse,82.85,51.24,90.61,86.56,2.28,4.26,3.97,3.1,1.52,2.02,2.9,3.58,2.49,1.0,4.29,Chartered Accountant
STU180061,17,F,class_11,arts,cbse,94.0,59.73,84.22,95.93,3.16,4.48,3.93,4.71,3.9,2.46,3.42,2.03,4.28,4.7,4.02,Product Manager
STU220141,15,F,class_9,arts,cbse,51.03,58.24,61.65,70.0,5.0,3.35,2.74,3.59,2.62,3.25,2.22,3.8,2.2,2.78,1.69,UX/UI Designer
STU260032,17,F,class_11,arts,cbse,71.19,81.88,71.58,45.29,3.76,3.46,3.5,3.16,3.9,1.78,3.69,4.75,3.69,3.76,2.79,Journalist
STU260010,16,F,class_11,commerce,cbse,72.8,85.29,64.5,75.5,4.11,3.89,4.54,4.57,2.94,1.41,1.0,4.26,3.71,3.22,2.29,Journalist
STU020072,22,M,undergraduate,science_pcm,state,80.16,45.0,71.51,90.0,4.4,4.67,3.83,3.18,2.65,4.17,3.64,2.38,2.06,1.75,3.9,Data Scientist
STU320036,16,F,class_11,arts,cbse,60.0,61.39,80.95,40.36,3.16,3.14,4.41,3.55,1.23,1.38,2.59,2.04,2.59,3.52,4.45,Sports Manager
STU050078,18,M,undergraduate,science_pcm,cbse,74.95,28.34,68.4,76.98,3.51,3.87,4.06,3.74,2.64,3.82,4.25,2.06,1.86,1.67,2.77,Cloud Architect
STU050043,15,F,class_10,science_pcm,state,68.0,50.93,81.41,78.25,3.28,4.11,1.84,3.59,1.86,2.84,3.85,3.84,1.56,3.6,1.71,Cloud Architect
STU190066,18,F,class_12,vocational,icse,81.77,71.23,75.13,72.55,2.81,3.97,4.5,4.05,3.17,1.6,4.01,1.05,2.31,3.56,4.15,Entrepreneur
STU050027,16,F,class_10,vocational,cbse,35.52,69.65,71.92,88.95,4.9,4.33,2.34,3.6,1.88,4.3,5.0,3.13,3.8,1.99,2.46,Cloud Architect
STU200024,19,M,undergraduate,vocational,state,73.41,77.04,54.43,82.0,3.87,4.02,1.9,4.63,3.99,2.04,3.91,2.36,4.15,5.0,4.9,Corporate Lawyer
STU170048,18,M,class_12,undecided,icse,63.14,85.22,62.07,86.0,3.08,3.88,3.77,4.46,1.2,3.8,4.55,2.19,3.34,4.35,2.56,Digital Marketing Manager
STU170119,17,M,class_12,commerce,state,87.29,91.3,62.23,67.86,4.66,4.63,4.04,1.62,4.43,1.2,3.95,2.82,2.52,4.44,2.46,Digital Marketing Manager
STU280036,18,M,undergraduate,arts,icse,56.03,97.89,35.0,50.94,3.63,3.09,4.51,4.2,4.44,2.65,1.6,3.2,3.5,4.41,2.96,Content Writer
STU020028,17,O,class_11,commerce,cbse,75.17,55.51,74.89,63.14,3.04,4.63,2.01,3.81,2.05,3.82,4.49,1.86,1.68,4.69,2.68,Data Scientist
STU070102,21,M,undergraduate,science_pcm,state,56.04,70.79,90.0,95.21,3.94,4.25,2.8,3.9,3.82,1.55,4.23,1.0,3.52,4.27,4.22,Civil Engineer
STU170003,18,F,class_12,undecided,state,77.94,64.78,71.7,54.49,3.92,3.73,3.45,4.21,4.2,1.78,2.63,2.21,3.01,3.69,2.68,Digital Marketing Manager
STU050135,14,F,class_9,undecided,state,72.83,82.0,66.22,85.68,4.46,1.74,3.06,4.15,3.39,4.72,4.46,3.5,1.32,2.82,1.82,Cloud Architect
STU170037,18,F,class_12,science_pcm,cbse,91.75,83.5,69.18,79.98,2.93,4.27,3.44,4.44,3.0,3.15,4.7,3.21,4.32,3.67,3.43,Digital Marketing Manager
STU170041,18,F,class_12,arts,cbse,92.77,89.54,77.71,80.46,4.36,4.14,4.89,2.28,1.75,4.44,3.3,1.29,2.2,4.1,2.0,Digital Marketing Manager
STU230113,18,M,class_12,arts,state,54.97,88.85,84.7,75.74,4.44,2.33,3.94,4.28,2.01,1.2,1.57,4.47,4.81,1.79,2.54,Graphic Designer
STU170116,15,F,class_9,arts,cbse,72.77,55.0,78.06,81.06,4.42,4.47,4.77,4.6,3.36,2.15,2.76,2.25,4.04,1.75,4.26,Digital Marketing Manager
STU160140,19,M,undergraduate,science_pcm,cbse,95.22,60.66,71.38,54.85,3.04,4.0,3.51,2.94,4.2,2.27,3.13,3.93,2.39,3.96,2.0,Management Consultant
STU230136,22,M,undergraduate,arts,cbse,64.41,43.25,68.79,70.11,3.15,2.11,4.88,3.51,4.5,5.0,3.13,3.93,3.8,4.51,1.05,Graphic Designer
STU290132,16,M,class_10,commerce,state,74.3,86.16,46.55,76.98,3.28,1.73,4.57,1.73,3.04,2.49,4.45,3.03,4.3,4.6,2.73,IAS Officer
STU280067,17,M,class_11,arts,state,42.0,86.05,46.39,47.09,3.71,4.02,4.59,4.1,2.54,1.63,2.77,3.94,3.7,3.68,2.3,Content Writer
STU070012,21,M,undergraduate,science_pcm,cbse,76.67,38.0,45.0,79.6,2.69,4.9,2.81,3.91,2.62,4.58,4.42,3.07,2.35,1.8,3.06,Civil Engineer
STU250135,17,M,class_12,arts,cbse,84.0,72.47,51.4,76.25,4.63,4.01,3.41,4.8,2.5,2.34,1.62,4.19,2.77,3.31,2.96,Fashion Designer
STU090045,21,F,undergraduate,science_pcb,ib,89.94,58.84,75.41,65.86,3.87,3.89,3.42,2.38,2.67,3.99,4.68,2.35,3.4,2.84,4.03,Dentist
STU060079,18,F,undergraduate,undecided,ib,67.77,46.55,86.01,84.58,3.3,3.6,3.0,3.33,1.87,4.07,2.03,2.54,3.79,4.23,1.8,Mechanical Engineer
STU210037,17,F,class_12,science_pcm,state,83.21,81.68,71.87,59.57,4.19,4.85,2.98,2.0,3.37,3.0,2.65,2.64,3.93,4.54,4.63,Civil Lawyer
STU040128,17,M,class_12,science_pcm,state,83.61,81.26,73.44,74.77,4.83,3.58,2.29,3.1,2.33,3.71,3.64,3.07,2.86,3.51,3.91,Cybersecurity Analyst
STU150126,15,M,class_10,science_pcm,icse,77.43,65.06,74.66,80.0,2.26,4.44,4.58,2.1,2.62,2.45,4.8,2.73,2.56,3.65,3.87,Investment Banker
STU190049,22,O,undergraduate,arts,icse,72.49,86.28,54.0,51.74,4.06,3.74,3.41,2.33,3.89,3.14,2.93,3.23,2.91,4.6,4.04,Entrepreneur
STU100034,20,M,undergraduate,undecided,cbse,73.96,78.9,85.97,52.32,4.04,2.48,2.72,3.91,3.26,3.43,4.46,3.32,4.57,3.35,3.9,Pharmacist
STU230038,17,F,class_12,arts,state,78.03,78.27,67.36,99.0,4.73,2.46,2.45,2.2,3.99,1.24,3.49,5.0,3.15,4.32,4.5,Graphic Designer
STU020070,16,F,class_11,science_pcm,state,76.52,57.76,86.84,85.44,3.93,3.38,3.64,2.83,2.89,3.66,2.11,2.69,2.98,1.72,4.25,Data Scientist
STU320062,16,M,class_11,commerce,icse,50.09,78.85,71.38,81.42,4.23,3.54,4.86,3.0,2.92,2.52,4.07,1.2,2.85,4.48,3.97,Sports Manager
STU330028,18,F,class_12,arts,state,64.7,47.45,72.47,78.31,2.31,4.11,2.05,4.67,1.35,3.5,2.86,3.56,2.56,1.7,2.14,Chef / Culinary Arts
STU160065,22,F,undergraduate,science_pcm,cbse,78.46,82.69,87.69,48.08,3.78,4.96,4.53,1.12,1.4,3.38,3.38,1.82,2.2,4.03,2.25,Management Consultant
STU250032,18,F,class_12,arts,state,47.29,54.43,96.18,73.24,4.05,3.32,1.2,2.62,3.54,1.78,1.53,1.79,3.52,4.18,1.42,Fashion Designer
STU010044,17,M,class_11,commerce,cbse,11.02,81.74,44.54,68.44,4.34,3.1,2.45,2.75,3.7,3.11,1.94,2.23,3.64,4.0,3.1,Software Engineer
STU020061,18,M,class_12,science_pcm,icse,78.57,56.4,81.11,75.12,4.29,4.41,4.1,2.34,3.12,4.12,4.11,3.53,2.31,3.15,1.7,Data Scientist
STU280095,18,M,class_12,arts,ib,82.88,99.91,69.8,60.46,4.78,2.91,3.59,4.77,1.93,2.82,1.58,3.99,4.91,3.83,4.48,Content Writer
STU030055,17,F,class_12,science_pcm,state,87.78,47.13,96.22,60.51,4.14,4.36,1.87,4.3,2.48,2.87,4.53,3.47,3.02,3.76,2.89,AI/ML Engineer
STU080008,17,M,class_11,science_pcm,icse,84.16,86.55,72.35,56.38,4.6,4.25,2.51,4.99,1.76,1.0,3.9,2.98,4.81,3.13,4.3,Doctor (MBBS)
STU040135,21,M,undergraduate,science_pcm,cbse,71.22,45.76,85.5,57.29,3.0,4.8,3.89,2.38,3.25,4.86,4.32,1.47,2.5,3.9,1.7,Cybersecurity Analyst
STU330013,20,F,undergraduate,commerce,cbse,67.86,51.26,45.0,86.0,3.71,3.73,3.97,2.74,3.89,3.56,4.19,1.64,2.6,3.67,2.59,Chef / Culinary Arts
STU260121,14,F,class_9,arts,cbse,82.23,85.45,44.61,74.63,3.77,3.06,4.12,2.0,3.84,3.32,1.41,4.73,4.35,3.47,1.86,Journalist
STU030068,15,F,class_10,science_pcm,cbse,92.35,73.8,70.38,76.9,3.99,4.35,3.46,2.98,3.32,3.89,4.13,3.76,1.93,3.18,2.28,AI/ML Engineer
STU090036,22,M,undergraduate,science_pcb,state,82.38,97.0,83.17,62.21,4.55,4.29,4.25,3.84,1.54,2.47,3.65,2.3,4.3,2.13,2.5,Dentist
STU260130,17,M,class_12,arts,cbse,52.82,82.93,44.55,62.53,4.54,3.69,3.97,3.0,3.64,2.57,3.86,4.34,4.12,2.65,2.26,Journalist
STU110135,15,M,class_9,science_pcm,state,64.91,64.13,74.12,61.92,4.6,3.54,3.83,4.3,2.98,2.71,3.46,1.94,4.25,1.91,2.95,Biomedical Engineer
STU010136,17,F,class_12,science_pcm,icse,88.0,70.74,42.72,71.42,4.91,3.55,2.13,2.83,3.33,4.47,4.74,2.28,1.45,3.91,1.7,Software Engineer
STU300061,16,F,class_10,commerce,state,51.01,44.51,56.82,72.38,3.27,4.46,3.12,3.77,2.17,3.5,2.58,2.33,2.35,4.05,2.59,Defence Officer (Indian Armed Forces)
STU010048,18,F,class_12,science_pcm,cbse,99.35,49.87,60.48,73.43,3.41,1.0,3.48,3.36,3.7,3.54,4.29,3.61,4.31,2.43,2.33,Software Engineer
STU310135,16,M,class_10,science_pcb,cbse,78.33,82.36,83.15,87.78,1.18,4.91,4.51,2.33,2.25,2.17,4.62,3.84,4.07,3.85,4.11,Environmental Scientist
STU200111,15,M,class_9,arts,icse,64.48,86.15,52.63,87.68,2.06,4.16,3.13,2.97,4.75,1.83,2.84,3.48,5.0,4.03,3.69,Corporate Lawyer
STU330145,21,M,undergraduate,commerce,state,77.95,35.0,66.25,60.0,2.6,3.6,3.31,4.4,2.74,3.99,2.8,2.16,4.27,3.99,1.95,Chef / Culinary Arts
STU260133,18,F,undergraduate,arts,cbse,55.72,78.04,35.94,39.67,3.92,4.8,3.56,3.89,3.16,1.83,3.75,4.79,3.6,3.03,4.08,Journalist
STU310008,16,F,class_10,undecided,state,70.87,76.06,99.0,77.81,4.43,4.25,4.23,4.46,2.42,3.8,4.53,3.41,4.2,4.32,2.29,Environmental Scientist
STU220149,18,F,class_12,science_pcm,cbse,84.0,54.35,72.14,73.71,4.32,4.3,4.03,2.6,2.36,1.32,3.31,2.02,4.81,3.76,5.0,UX/UI Designer
STU270138,16,M,class_11,commerce,cbse,83.33,52.57,57.78,69.68,3.51,4.39,2.89,4.8,2.05,3.39,3.85,4.53,2.67,3.51,1.87,Film Director
STU010062,15,M,class_10,undecided,cbse,84.44,82.0,75.76,66.45,4.58,4.8,3.88,3.59,3.7,5.0,4.37,1.9,1.5,3.64,4.53,Software Engineer
STU170123,20,M,undergraduate,undecided,icse,76.98,80.53,79.74,67.62,3.02,4.09,4.07,3.76,2.46,3.12,4.13,4.3,4.67,4.91,2.38,Digital Marketing Manager
STU150047,21,O,undergraduate,commerce,cbse,90.22,78.34,74.58,62.92,1.89,3.74,2.89,3.16,1.3,3.32,3.04,1.28,2.34,3.94,4.61,Investment Banker
STU010096,15,F,class_10,science_pcm,state,70.87,54.45,89.01,86.56,3.2,4.18,4.4,3.74,3.84,4.46,4.95,3.04,2.15,1.94,2.58,Software Engineer
STU040029,16,F,class_11,science_pcm,icse,79.26,56.95,95.73,87.64,4.04,4.03,2.19,3.72,2.05,4.35,4.96,2.37,3.24,3.38,2.67,Cybersecurity Analyst
STU150123,15,F,class_10,commerce,state,86.71,50.0,92.19,68.19,2.75,2.36,4.7,2.78,4.79,2.71,2.1,2.0,2.82,4.41,4.07,Investment Banker
STU180120,16,F,class_11,undecided,icse,76.51,67.57,55.46,100.0,4.61,4.06,4.59,3.63,4.46,1.2,4.1,2.16,3.68,4.69,2.96,Product Manager
STU070008,18,M,class_12,science_pcm,state,56.49,56.72,63.2,69.42,4.02,4.12,3.42,3.55,2.33,4.67,2.57,3.31,2.37,3.04,3.43,Civil Engineer
STU130072,16,M,class_11,science_pcm,state,81.01,82.73,84.44,66.26,4.02,3.7,3.15,5.0,2.25,4.04,4.23,1.58,4.18,3.35,3.87,Physiotherapist
STU160060,21,M,undergraduate,vocational,ib,62.96,61.7,87.76,34.77,4.75,3.61,4.89,2.48,3.61,1.2,3.63,4.03,2.2,3.97,2.69,Management Consultant
STU140053,18,F,class_12,commerce,cbse,61.37,58.87,96.15,41.77,3.11,3.96,2.48,2.9,2.19,3.8,4.4,1.0,2.23,3.02,4.37,Chartered Accountant
STU120054,16,F,class_10,arts,icse,74.41,83.03,71.31,85.0,3.55,3.92,3.57,3.7,2.7,3.85,5.0,2.09,3.46,3.52,3.5,Clinical Psychologist
STU060049,15,F,class_9,science_pcm,icse,80.1,63.74,63.52,85.45,2.78,4.6,2.24,4.38,3.29,3.88,4.3,3.0,2.92,3.57,2.42,Mechanical Engineer
STU030023,18,F,class_12,science_pcm,icse,76.49,45.0,77.57,70.26,3.6,3.35,3.31,2.9,1.61,5.0,4.67,2.73,2.39,3.44,2.79,AI/ML Engineer
STU260123,16,F,class_11,arts,cbse,83.31,85.29,56.77,75.71,4.13,4.63,4.23,5.0,4.24,2.78,4.1,4.07,4.04,3.38,2.38,Journalist
STU160058,17,F,class_12,commerce,icse,87.85,67.81,82.94,86.0,3.44,4.12,4.48,3.6,1.95,1.96,3.7,3.82,4.65,4.15,3.86,Management Consultant
STU060093,18,M,undergraduate,science_pcm,state,88.0,43.12,84.98,70.68,2.27,3.86,3.02,2.47,4.19,3.87,4.26,2.7,3.48,2.49,4.39,Mechanical Engineer
STU160005,21,M,undergraduate,science_pcm,cbse,81.81,73.41,86.36,75.71,2.8,3.88,3.6,2.41,2.23,2.43,4.96,3.8,2.35,4.04,3.02,Management Consultant
STU340010,16,F,class_11,commerce,state,62.74,46.95,85.77,63.93,2.4,3.6,4.24,3.86,1.69,4.45,2.93,2.28,1.2,4.06,4.8,Airline Pilot
STU260107,14,F,class_9,arts,cbse,55.66,87.92,65.44,54.73,4.19,3.1,5.0,4.54,4.24,3.05,1.58,4.32,5.0,3.51,3.01,Journalist
STU220142,19,M,undergraduate,science_pcm,ib,48.23,71.89,40.94,88.2,4.37,3.84,4.13,3.22,3.34,1.67,1.51,4.68,3.74,4.45,1.8,UX/UI Designer
STU090032,15,M,class_10,science_pcb,icse,85.5,97.0,69.03,79.9,3.25,4.51,3.99,4.07,2.5,2.19,4.16,1.91,4.11,2.35,1.5,Dentist
STU210054,19,F,undergraduate,arts,icse,90.83,82.0,79.0,54.17,2.7,4.12,4.07,4.66,5.0,3.23,3.13,3.39,3.72,3.48,3.69,Civil Lawyer
STU020142,21,F,undergraduate,commerce,state,84.45,52.73,66.39,87.45,4.27,4.3,2.64,4.03,1.37,2.43,4.25,2.54,2.12,2.38,2.24,Data Scientist
STU330033,16,M,class_10,undecided,state,58.36,67.98,65.5,40.33,4.1,3.02,3.78,2.51,3.39,3.53,3.32,2.41,3.88,2.59,2.35,Chef / Culinary Arts
STU100131,19,F,undergraduate,science_pcb,cbse,66.59,58.0,69.84,68.21,3.46,3.51,4.24,3.98,1.92,2.94,3.28,2.92,3.95,1.61,4.3,Pharmacist
STU040084,20,M,undergraduate,science_pcm,cbse,23.69,73.31,79.76,74.43,4.71,3.3,2.53,2.42,2.55,4.41,4.92,3.21,2.6,2.13,3.38,Cybersecurity Analyst
STU110131,17,F,class_12,science_pcm,state,80.63,88.95,85.93,54.89,4.6,3.4,2.58,4.06,2.09,4.2,4.07,1.04,4.76,2.84,2.79,Biomedical Engineer
STU310149,17,M,class_12,science_pcm,icse,97.77,99.0,71.92,92.22,3.3,4.01,4.34,4.15,2.77,2.08,2.88,1.68,4.59,4.53,4.4,Environmental Scientist
STU210066,18,F,class_12,arts,state,94.1,90.86,48.97,55.57,4.1,4.51,3.42,3.5,1.86,1.31,2.6,3.42,3.62,3.0,2.84,Civil Lawyer
STU140024,16,M,class_11,commerce,state,72.8,79.03,85.61,31.77,4.29,4.56,2.78,3.7,2.56,3.45,3.03,2.12,3.48,4.49,4.8,Chartered Accountant
STU180094,17,M,class_12,undecided,icse,40.13,55.0,69.45,86.0,4.35,4.68,2.94,3.48,3.22,2.6,2.62,3.93,2.56,3.48,4.34,Product Manager
STU120009,19,F,undergraduate,science_pcb,icse,75.18,60.25,91.62,85.0,3.63,4.57,2.72,3.75,2.39,4.2,4.11,2.1,4.11,2.81,3.91,Clinical Psychologist
STU340127,17,M,class_12,science_pcm,cbse,75.51,54.64,47.59,63.91,1.99,3.87,3.95,3.58,2.24,4.08,3.96,3.3,2.12,3.4,2.33,Airline Pilot
STU060061,17,M,class_11,science_pcm,cbse,84.44,48.91,62.49,92.29,4.01,3.04,2.19,2.6,1.83,4.49,2.43,1.65,3.68,4.57,4.36,Mechanical Engineer
STU030129,14,F,class_9,undecided,cbse,84.6,50.52,54.02,63.56,4.6,3.64,3.26,4.32,2.59,3.31,4.65,3.1,2.1,2.27,3.02,AI/ML Engineer
STU300121,18,F,class_12,science_pcm,cbse,85.65,41.57,55.58,96.3,2.28,3.9,3.65,3.4,2.24,3.93,3.91,3.18,2.69,3.78,2.91,Defence Officer (Indian Armed Forces)
STU230140,15,M,class_9,arts,cbse,79.5,54.7,42.91,85.81,3.93,3.93,3.06,4.19,3.29,2.25,2.8,3.34,4.53,2.98,1.86,Graphic Designer
STU190137,17,M,class_11,undecided,cbse,80.14,75.52,90.81,45.41,2.1,4.16,5.0,2.27,2.63,1.46,3.17,3.38,3.7,4.48,2.7,Entrepreneur
STU320146,18,F,class_12,science_pcm,cbse,82.3,87.37,61.4,70.28,4.9,4.11,4.97,1.45,5.0,1.91,4.41,3.18,2.85,3.84,4.49,Sports Manager
STU200016,18,F,class_12,commerce,icse,83.53,86.03,52.44,77.88,3.98,3.79,1.23,2.74,3.79,3.0,3.67,2.62,4.82,3.83,4.54,Corporate Lawyer
STU070119,18,F,undergraduate,science_pcm,cbse,88.0,44.79,86.84,89.94,4.11,3.63,2.33,2.7,3.66,3.94,3.35,3.95,3.86,3.53,1.9,Civil Engineer
STU220078,15,M,class_9,science_pcm,cbse,66.9,66.93,51.17,84.3,5.0,2.37,3.98,3.6,3.15,1.91,1.94,4.57,5.0,4.22,1.14,UX/UI Designer
STU320057,17,M,class_11,vocational,cbse,42.15,79.02,54.0,69.68,2.8,4.65,3.2,3.76,3.12,1.72,4.44,2.15,2.04,4.14,4.35,Sports Manager
STU090122,19,F,undergraduate,science_pcb,cbse,65.04,66.89,62.0,98.77,2.79,3.71,3.95,3.86,1.2,3.09,3.5,2.95,3.4,2.08,2.05,Dentist
STU280144,19,M,undergraduate,arts,cbse,65.19,70.37,48.34,85.0,4.47,3.82,4.17,4.79,4.09,1.71,1.79,4.51,4.71,4.55,1.61,Content Writer
STU250126,21,F,undergraduate,arts,icse,59.69,59.86,56.66,99.0,4.54,2.54,3.93,2.2,4.17,3.52,2.04,4.71,2.62,2.65,1.91,Fashion Designer
STU130065,15,F,class_10,science_pcb,state,87.94,97.0,81.85,60.39,4.05,3.87,2.37,3.54,2.46,4.39,1.08,2.57,4.58,2.0,3.34,Physiotherapist
STU200119,21,M,undergraduate,commerce,icse,14.47,88.07,76.56,60.3,2.82,3.46,3.66,2.8,2.08,1.99,3.58,3.81,4.84,4.18,3.95,Corporate Lawyer
STU230094,16,F,class_11,arts,cbse,75.65,89.11,58.46,69.37,4.32,4.58,3.05,4.38,3.41,2.3,2.85,4.52,2.73,2.98,1.34,Graphic Designer
STU310119,17,F,class_11,science_pcm,cbse,70.0,93.83,92.35,70.98,3.67,4.97,3.45,3.12,3.68,2.64,4.45,1.81,4.66,1.41,2.1,Environmental Scientist
STU340070,20,M,undergraduate,science_pcm,icse,79.62,60.53,79.97,95.92,2.0,4.17,3.61,4.7,2.46,3.81,4.35,1.72,1.4,2.78,4.8,Airline Pilot
STU150121,17,F,class_12,commerce,icse,84.76,76.11,74.49,64.13,3.75,4.45,2.44,2.85,1.49,2.19,3.1,1.4,1.4,4.83,3.4,Investment Banker
STU180020,18,F,class_12,commerce,state,75.64,72.3,57.76,86.0,3.8,4.34,4.44,3.97,3.89,2.28,3.71,2.41,4.53,4.17,4.55,Product Manager
STU200027,17,M,class_11,commerce,state,73.49,78.87,51.38,37.53,4.17,3.53,4.59,2.31,3.43,3.34,3.1,1.98,4.21,3.39,4.9,Corporate Lawyer
STU060051,18,F,class_12,science_pcm,icse,48.0,35.0,56.15,89.33,4.5,3.94,3.55,4.42,3.58,3.61,3.74,3.15,1.81,1.64,2.63,Mechanical Engineer
STU080041,20,F,undergraduate,science_pcb,icse,83.38,96.11,75.68,85.0,4.6,4.57,2.42,3.19,1.8,2.05,3.81,3.64,3.79,2.37,1.7,Doctor (MBBS)
STU230067,21,M,undergraduate,arts,ib,42.0,48.0,67.24,87.56,3.14,3.59,4.92,2.2,1.84,2.3,1.74,5.0,2.64,1.87,2.32,Graphic Designer
STU120021,17,F,class_11,science_pcb,icse,76.42,92.89,70.98,58.03,2.81,3.59,3.29,3.62,1.93,2.34,2.34,1.68,4.12,2.87,3.82,Clinical Psychologist
STU210129,15,M,class_9,arts,state,96.0,97.47,78.5,75.31,4.79,3.57,2.69,2.51,3.0,3.41,4.18,4.0,1.21,4.17,4.22,Civil Lawyer
STU160082,16,M,class_10,commerce,state,81.91,93.97,68.04,40.32,4.41,3.64,4.64,2.99,3.04,3.55,2.48,2.48,4.9,3.73,2.49,Management Consultant
STU130127,18,M,class_12,science_pcb,state,65.71,64.36,92.68,69.71,3.39,3.41,2.2,3.9,2.31,4.19,4.16,3.42,4.1,1.69,2.59,Physiotherapist
STU230123,16,F,class_10,commerce,state,73.47,73.48,40.54,85.29,3.7,3.95,3.63,3.25,2.08,2.2,2.16,4.38,2.3,2.95,1.09,Graphic Designer
STU140056,16,F,class_10,commerce,cbse,92.33,57.99,93.76,75.71,2.37,3.6,2.21,2.66,3.92,1.97,4.88,2.69,2.26,3.61,4.31,Chartered Accountant
STU210097,18,M,class_12,science_pcm,cbse,65.74,76.2,45.0,73.13,4.14,3.88,4.01,3.04,3.94,1.13,4.2,3.13,3.38,4.97,2.25,Civil Lawyer
STU070032,22,M,undergraduate,science_pcm,state,59.89,35.75,48.05,81.55,3.48,4.39,3.81,3.47,1.67,4.55,4.34,4.24,2.27,1.81,3.18,Civil Engineer
STU330017,19,M,undergraduate,undecided,state,54.81,70.32,45.0,60.3,3.93,1.0,3.28,3.25,2.61,4.65,2.11,1.3,2.6,4.72,2.33,Chef / Culinary Arts
STU130036,17,F,class_11,science_pcb,state,93.35,62.31,88.5,67.3,4.49,3.66,3.95,4.28,3.04,2.53,4.59,1.2,4.23,3.83,3.15,Physiotherapist
STU340092,18,F,class_12,science_pcm,icse,73.51,35.0,80.76,71.7,2.41,4.15,2.6,4.33,2.91,3.77,4.18,3.58,3.54,4.53,3.83,Airline Pilot
STU270049,17,F,class_12,arts,cbse,61.52,59.97,61.87,78.28,4.74,2.6,3.35,2.2,4.29,3.07,1.74,4.38,4.45,4.67,2.32,Film Director
STU010071,17,F,class_12,undecided,cbse,97.03,78.52,89.14,89.77,4.44,3.71,1.8,3.3,1.3,4.43,4.54,1.83,1.3,4.51,2.78,Software Engineer
STU070126,15,F,class_10,undecided,icse,72.4,35.0,72.36,95.46,2.99,2.74,2.1,2.73,3.0,4.04,2.63,3.74,1.2,2.5,4.22,Civil Engineer
STU120079,16,F,class_10,arts,icse,58.44,67.72,65.15,37.12,4.16,5.0,2.36,3.5,2.63,3.57,2.64,1.48,3.62,1.2,4.3,Clinical Psychologist
STU150092,22,M,undergraduate,science_pcm,cbse,46.01,70.98,96.94,48.04,3.56,4.0,2.44,4.32,2.96,3.69,3.85,2.69,3.18,3.97,4.79,Investment Banker
STU220103,17,F,class_11,science_pcm,cbse,71.1,51.56,61.01,65.3,4.87,4.54,3.48,3.28,1.95,2.56,3.7,4.54,3.37,2.01,1.57,UX/UI Designer
STU270065,21,O,undergraduate,arts,cbse,79.02,80.19,53.37,76.14,2.36,3.91,1.45,3.18,4.16,3.14,2.29,3.82,5.0,2.34,1.87,Film Director
STU200100,17,F,class_11,arts,cbse,95.88,100.0,86.25,68.07,4.41,4.47,3.79,2.0,2.68,2.17,3.18,2.67,3.34,3.48,3.03,Corporate Lawyer
STU080124,16,M,class_11,science_pcb,cbse,92.0,71.1,68.06,70.91,2.67,4.26,4.0,2.24,1.65,2.94,3.5,2.21,4.18,2.42,1.74,Doctor (MBBS)
STU300109,16,F,class_11,undecided,cbse,56.42,70.84,84.84,65.6,2.19,4.84,2.56,3.73,3.08,3.94,2.0,2.56,2.73,1.5,3.4,Defence Officer (Indian Armed Forces)
STU060058,17,M,class_11,science_pcm,cbse,70.78,78.0,59.74,76.83,2.34,4.9,1.82,3.72,2.59,5.0,2.28,3.0,1.98,2.57,1.8,Mechanical Engineer
STU290005,19,M,undergraduate,commerce,state,65.1,98.4,84.71,94.81,3.42,4.39,3.92,3.52,1.82,3.74,3.63,1.69,1.46,4.5,2.42,IAS Officer
STU090136,18,M,class_12,science_pcb,state,63.42,76.4,51.05,64.58,4.6,5.0,4.05,4.55,1.63,1.88,4.26,2.21,4.29,3.02,3.12,Dentist
STU110014,16,F,class_10,science_pcb,state,84.75,61.91,65.96,31.28,4.17,4.6,3.43,3.5,1.93,3.98,3.74,2.73,3.4,1.27,2.43,Biomedical Engineer
STU050112,16,F,class_10,science_pcm,state,83.17,68.9,74.58,82.52,3.04,3.31,2.42,3.64,2.38,2.7,4.98,2.41,2.4,1.73,4.13,Cloud Architect
STU310096,18,M,undergraduate,science_pcm,state,87.23,84.59,96.56,90.64,5.0,4.86,3.58,3.93,3.43,3.91,4.69,2.78,4.08,3.72,3.68,Environmental Scientist
STU110107,17,M,class_11,undecided,state,64.65,74.62,82.13,72.78,4.14,4.15,4.11,4.3,3.13,2.16,4.45,3.54,3.91,3.31,3.25,Biomedical Engineer
STU250048,15,F,class_9,arts,cbse,82.34,57.68,47.66,62.0,4.0,3.2,3.81,4.65,3.59,3.24,4.0,4.57,2.96,4.29,1.65,Fashion Designer
STU270016,15,M,class_10,arts,cbse,50.93,85.07,43.54,76.2,4.91,2.45,2.96,4.76,4.11,4.2,1.4,4.58,4.91,1.77,2.71,Film Director
STU190072,20,M,undergraduate,commerce,state,84.66,57.25,75.28,71.42,3.22,4.76,4.07,2.6,3.39,1.2,3.76,3.56,2.27,3.46,4.13,Entrepreneur
STU070145,17,F,class_12,science_pcm,state,48.97,47.08,95.53,74.75,2.6,3.07,4.29,2.87,2.94,4.04,4.5,3.03,2.44,3.52,2.31,Civil Engineer
STU280108,22,M,undergraduate,arts,cbse,86.0,70.99,54.99,67.72,4.15,2.88,3.4,4.6,2.13,3.36,2.35,3.76,3.02,3.38,1.75,Content Writer
STU300133,17,O,class_11,commerce,state,55.23,59.99,81.0,67.34,3.22,3.65,3.63,3.96,2.09,2.56,4.24,1.39,2.53,2.43,2.76,Defence Officer (Indian Armed Forces)
STU120081,18,M,class_12,arts,state,84.25,94.83,60.42,78.95,3.94,4.12,4.22,3.5,1.93,1.8,3.5,2.68,1.62,1.2,2.49,Clinical Psychologist
STU120116,16,F,class_10,arts,state,61.23,65.92,82.17,54.62,4.15,4.29,3.07,3.77,2.11,2.35,3.91,2.13,4.57,1.52,2.47,Clinical Psychologist
STU300138,20,M,undergraduate,science_pcm,cbse,15.52,27.94,100.0,93.09,4.94,1.0,4.37,2.86,2.62,4.21,3.48,3.64,2.62,2.95,4.8,Defence Officer (Indian Armed Forces)
STU260120,17,M,class_12,arts,state,75.21,85.47,60.55,100.0,3.64,3.7,2.32,3.4,4.14,1.56,1.4,3.19,3.87,3.43,2.85,Journalist
STU140066,18,F,undergraduate,commerce,state,70.62,52.46,91.98,71.7,2.93,3.5,2.76,2.11,2.82,3.75,4.07,1.55,2.47,4.91,3.75,Chartered Accountant
STU250026,18,F,class_12,arts,ib,73.54,80.8,68.98,88.6,4.62,4.08,3.06,4.03,2.18,1.4,2.33,4.77,2.83,1.61,3.41,Fashion Designer
STU070121,15,M,class_10,science_pcm,state,69.89,68.63,65.78,65.64,2.0,1.01,3.88,2.2,2.43,3.85,2.65,2.03,3.87,4.27,3.83,Civil Engineer
STU150068,17,M,class_12,arts,state,63.51,82.22,94.78,44.55,2.59,3.84,3.54,3.88,3.08,3.46,4.8,1.98,3.49,4.17,4.56,Investment Banker
STU070148,16,F,class_11,science_pcm,cbse,52.52,44.8,67.87,64.63,2.25,4.57,2.66,2.66,1.58,3.53,2.71,1.97,4.18,4.07,4.11,Civil Engineer
STU180021,18,M,undergraduate,science_pcm,ib,77.8,87.39,62.64,74.52,2.8,3.98,4.43,5.0,3.63,2.18,2.0,3.85,4.54,4.29,4.11,Product Manager
STU260118,18,F,class_12,arts,ib,73.56,37.65,72.89,57.23,4.81,3.84,4.0,3.84,2.44,3.11,4.68,3.83,3.71,2.1,2.2,Journalist
STU070142,15,M,class_10,science_pcm,cbse,48.0,38.39,65.24,66.9,2.78,3.58,3.45,3.15,4.01,4.66,2.66,4.61,1.79,3.67,4.6,Civil Engineer
STU310118,16,F,class_11,science_pcb,state,72.76,75.31,65.67,72.82,3.85,4.0,4.95,4.37,3.57,3.2,4.07,3.73,2.31,4.95,4.04,Environmental Scientist
STU170021,15,M,class_10,arts,cbse,66.02,58.88,62.25,55.22,4.04,3.22,4.24,3.37,2.94,1.98,3.14,2.6,3.96,5.0,3.38,Digital Marketing Manager
STU340108,16,F,class_11,science_pcm,cbse,88.0,76.1,71.81,88.57,2.8,3.22,3.75,3.06,2.13,4.49,2.81,3.66,2.83,4.17,1.81,Airline Pilot
STU260005,17,M,class_12,arts,cbse,73.99,100.0,46.88,62.11,4.58,3.1,4.74,3.29,2.21,2.04,2.02,4.55,4.65,3.82,3.05,Journalist
STU100011,18,M,class_12,science_pcm,state,77.15,77.19,70.19,74.06,3.4,4.34,2.79,4.69,2.26,2.36,4.23,2.99,4.62,2.4,3.8,Pharmacist
STU020084,16,F,class_10,science_pcm,icse,79.64,70.68,59.66,62.0,4.51,4.14,3.78,4.02,3.41,3.62,4.09,3.33,3.46,1.62,2.18,Data Scientist
STU160050,18,F,undergraduate,commerce,state,62.94,63.31,65.7,60.6,4.02,4.25,3.99,4.7,2.74,2.37,3.91,3.7,4.7,4.37,2.6,Management Consultant
STU330143,22,F,undergraduate,science_pcb,cbse,52.0,63.64,81.92,74.84,2.7,4.17,2.24,4.25,1.31,4.06,4.13,2.13,2.71,4.5,3.15,Chef / Culinary Arts
STU290034,21,O,undergraduate,undecided,cbse,72.72,82.93,83.4,96.72,3.77,3.2,3.35,4.38,3.8,2.79,4.06,1.95,4.27,4.58,4.8,IAS Officer
STU050034,16,M,class_11,undecided,cbse,72.91,80.59,77.86,52.0,3.19,4.11,3.94,3.17,2.51,3.08,4.36,1.83,2.27,4.0,3.04,Cloud Architect
STU130143,18,M,class_12,science_pcb,cbse,75.82,58.0,85.81,82.89,2.5,1.32,4.21,3.97,2.86,2.8,4.46,3.69,4.41,3.11,4.3,Physiotherapist
STU030116,17,O,class_11,science_pcm,cbse,77.58,57.1,88.63,66.98,3.89,3.31,3.12,3.52,2.38,3.27,4.49,2.08,2.0,1.7,3.29,AI/ML Engineer
STU110065,16,O,class_10,science_pcb,cbse,60.03,89.78,93.69,89.04,4.24,5.0,2.24,4.25,3.28,2.82,3.5,2.21,4.84,3.45,2.72,Biomedical Engineer
STU220126,22,M,undergraduate,science_pcm,cbse,52.41,73.29,59.16,76.31,4.32,2.3,2.23,1.82,2.81,2.63,3.86,4.84,4.78,2.13,3.5,UX/UI Designer
STU090013,17,M,class_11,science_pcb,cbse,67.79,84.42,89.94,74.42,3.22,3.72,4.5,4.78,1.67,2.65,4.03,1.87,4.84,2.47,3.01,Dentist
STU260136,21,O,undergraduate,undecided,cbse,51.62,76.28,100.0,52.79,4.42,4.27,3.5,3.18,3.02,2.44,2.93,4.26,3.82,2.29,1.65,Journalist
STU270031,19,F,undergraduate,vocational,cbse,98.46,75.13,55.65,86.29,4.35,4.7,3.18,2.22,3.33,1.39,2.89,4.01,3.39,4.8,1.19,Film Director
STU060115,18,M,class_12,science_pcm,icse,74.8,56.24,100.0,87.64,2.34,3.95,3.52,3.57,2.68,4.84,1.92,2.45,3.32,4.42,4.54,Mechanical Engineer
STU010018,18,M,undergraduate,science_pcm,cbse,88.78,66.38,90.15,74.96,4.76,4.8,2.12,2.2,2.34,3.34,3.52,3.13,3.01,2.64,3.18,Software Engineer
STU130045,21,F,undergraduate,science_pcb,state,70.3,64.43,87.55,65.57,4.6,3.56,2.23,4.67,2.84,3.11,4.56,3.01,4.61,2.21,3.49,Physiotherapist
STU160035,17,F,class_12,science_pcm,ib,65.25,58.06,70.81,56.73,4.13,2.94,4.4,2.95,1.56,3.05,2.02,3.27,3.83,3.46,2.31,Management Consultant
STU130023,14,F,class_9,undecided,state,65.99,63.61,67.27,76.24,4.03,3.66,3.65,4.75,4.26,1.8,3.74,2.86,3.98,1.54,2.07,Physiotherapist
STU280031,16,F,class_11,arts,icse,86.0,75.96,68.44,71.59,4.2,2.6,4.49,4.1,4.42,1.0,1.96,4.63,4.53,2.56,2.3,Content Writer
STU040147,19,M,undergraduate,commerce,cbse,82.91,71.42,82.04,90.0,3.82,4.76,3.19,3.39,1.43,3.88,3.6,1.59,3.23,4.0,3.36,Cybersecurity Analyst
STU150088,18,M,class_12,commerce,state,79.36,85.37,98.12,60.12,2.77,4.58,2.06,3.76,2.15,2.53,4.56,2.08,1.71,3.74,3.06,Investment Banker
STU330110,17,F,class_11,arts,cbse,64.15,40.8,41.15,95.28,2.22,3.44,3.12,4.36,3.91,4.64,2.57,1.72,2.4,3.98,2.92,Chef / Culinary Arts
STU170124,20,F,undergraduate,science_pcm,cbse,98.81,92.53,97.77,61.03,4.27,4.17,4.04,4.58,3.14,4.45,4.35,1.31,3.17,4.8,3.52,Digital Marketing Manager
STU180065,16,M,class_11,commerce,cbse,93.75,73.54,79.72,40.0,3.12,4.43,3.2,3.51,1.66,2.94,4.0,2.54,4.76,3.88,2.42,Product Manager
STU130050,21,M,undergraduate,science_pcb,state,55.31,58.7,77.5,71.51,2.97,3.96,2.2,4.21,3.33,2.9,4.73,1.66,3.4,3.89,2.37,Physiotherapist
STU240104,20,M,undergraduate,undecided,cbse,56.78,48.1,35.0,71.69,4.0,4.32,3.5,3.58,4.34,1.45,4.0,4.2,4.41,3.97,1.86,Architect
STU030072,14,M,class_9,commerce,state,85.08,74.25,79.99,65.16,2.61,3.65,2.62,2.62,2.45,3.15,3.63,2.45,3.58,2.72,1.85,AI/ML Engineer
STU310133,14,M,class_9,science_pcb,cbse,75.31,47.91,96.03,87.81,3.07,4.0,3.48,1.21,1.32,3.08,4.09,3.09,4.66,4.15,3.57,Environmental Scientist
STU280025,21,M,undergraduate,commerce,cbse,57.55,87.57,74.61,44.98,3.3,3.02,4.79,5.0,2.59,2.1,2.68,3.24,3.55,4.8,2.51,Content Writer
STU050053,18,F,class_12,science_pcm,cbse,78.9,70.05,86.1,88.65,4.22,4.1,1.9,2.67,1.09,3.44,5.0,3.29,3.73,3.31,2.56,Cloud Architect
STU040149,20,M,undergraduate,science_pcm,icse,87.11,75.2,14.86,61.89,3.69,3.41,4.08,2.94,2.5,4.27,1.69,2.87,2.93,4.0,4.54,Cybersecurity Analyst
STU050077,16,F,class_11,science_pcm,cbse,66.7,72.83,65.0,57.55,4.27,4.41,1.8,4.25,3.17,3.29,3.96,3.22,2.87,3.3,3.79,Cloud Architect
STU020089,16,M,class_11,science_pcm,cbse,88.39,68.29,76.68,59.43,4.07,3.43,1.87,3.83,1.89,3.44,4.68,2.93,1.46,2.7,2.9,Data Scientist
STU300149,16,M,class_11,science_pcm,state,81.81,37.58,73.29,98.0,3.07,3.43,3.42,3.47,3.11,4.38,3.02,2.67,1.58,2.26,3.69,Defence Officer (Indian Armed Forces)
STU100043,17,M,class_12,undecided,cbse,63.87,97.0,86.72,58.13,3.47,3.4,3.98,2.56,1.0,2.44,3.77,2.46,3.5,3.08,4.3,Pharmacist
STU140080,16,F,class_11,commerce,cbse,75.2,88.0,89.16,45.39,2.57,3.55,4.56,2.25,2.28,1.65,4.12,2.32,3.77,4.28,3.61,Chartered Accountant
STU070095,16,F,class_10,science_pcm,cbse,84.89,39.36,80.7,71.02,3.27,3.34,4.11,4.24,2.89,3.84,3.69,4.5,3.29,3.23,2.19,Civil Engineer
STU100102,17,M,class_12,commerce,cbse,78.15,72.09,85.24,51.04,3.28,4.89,2.66,3.81,2.82,3.56,4.46,1.57,4.62,2.67,2.42,Pharmacist
STU010076,14,F,class_9,science_pcm,state,78.6,82.0,71.4,64.84,4.1,3.86,2.48,2.73,1.35,3.71,4.71,2.26,2.64,3.27,2.16,Software Engineer
STU100063,18,O,class_12,science_pcb,cbse,55.0,88.7,47.01,57.35,3.89,4.95,2.88,4.27,1.52,1.8,3.14,2.4,3.85,1.87,3.63,Pharmacist
STU180100,16,M,class_10,science_pcm,cbse,27.59,68.69,69.41,81.08,3.49,3.53,4.8,3.41,1.59,1.99,3.31,2.42,3.32,1.91,2.42,Product Manager
STU250017,17,M,class_11,arts,cbse,82.97,48.0,57.95,72.86,4.86,3.18,4.47,4.02,3.42,3.22,2.52,4.37,2.69,2.3,2.18,Fashion Designer
STU220095,14,M,class_9,undecided,cbse,74.41,55.55,35.0,94.5,4.73,4.13,2.65,4.27,2.3,1.87,3.23,5.0,3.34,3.7,3.5,UX/UI Designer
STU330057,22,M,undergraduate,vocational,icse,60.71,76.11,84.36,95.41,2.67,4.29,3.25,3.25,2.21,4.89,4.21,1.72,3.57,3.64,4.5,Chef / Culinary Arts
STU170096,21,M,undergraduate,arts,state,62.86,82.12,71.88,81.89,2.8,4.68,3.87,3.87,2.21,3.15,4.4,1.75,2.78,4.01,2.07,Digital Marketing Manager
STU060063,18,M,class_12,science_pcm,state,77.86,37.88,49.57,83.98,2.61,2.85,2.19,4.36,1.87,4.45,4.3,3.32,4.4,4.59,1.1,Mechanical Engineer
STU110070,17,O,class_12,science_pcm,icse,86.46,84.73,76.05,72.12,2.94,4.02,3.23,4.28,2.3,3.3,3.65,2.04,4.15,1.62,3.94,Biomedical Engineer
STU260064,15,M,class_10,arts,icse,76.97,94.72,80.0,61.9,4.64,3.59,4.79,3.24,2.81,3.24,2.32,4.2,1.6,2.71,1.09,Journalist
STU110067,21,F,undergraduate,undecided,cbse,43.37,54.61,86.32,81.13,2.78,4.44,3.56,3.85,3.33,2.17,3.69,3.63,5.0,3.8,3.5,Biomedical Engineer
STU320133,18,M,class_12,commerce,ib,75.81,60.02,89.0,65.09,4.09,3.21,3.21,3.65,4.2,2.8,3.1,3.93,4.4,3.61,4.43,Sports Manager
STU300100,15,M,class_9,science_pcm,icse,67.96,69.93,86.56,72.89,2.48,3.02,2.51,3.93,2.31,4.17,4.29,3.29,2.28,2.16,4.02,Defence Officer (Indian Armed Forces)
STU120091,17,F,class_11,undecided,cbse,69.08,90.39,71.26,95.66,3.66,4.94,2.24,3.32,2.82,3.86,4.91,2.06,3.49,3.58,1.71,Clinical Psychologist
STU010097,17,F,class_12,science_pcm,cbse,95.24,60.14,66.32,80.47,3.86,3.66,2.71,3.16,3.07,3.35,1.0,1.58,1.3,2.98,1.93,Software Engineer
STU330138,21,F,undergraduate,science_pcm,cbse,61.46,62.35,62.56,72.84,2.69,3.51,5.0,4.08,4.16,4.41,2.87,3.69,2.73,4.26,2.2,Chef / Culinary Arts
STU230099,16,F,class_10,commerce,cbse,73.42,55.87,51.14,81.51,4.33,3.35,4.21,4.42,3.73,1.57,2.95,4.67,2.75,4.64,3.16,Graphic Designer
STU120001,18,F,class_12,arts,cbse,82.43,88.45,95.0,84.46,4.04,3.71,3.91,5.0,1.38,2.47,4.3,3.57,4.58,2.78,2.3,Clinical Psychologist
STU050022,15,M,class_10,undecided,cbse,74.99,72.62,87.18,83.5,3.46,3.86,2.05,3.81,2.26,3.9,5.0,2.41,3.46,1.75,1.7,Cloud Architect
STU300068,18,F,class_12,science_pcm,state,88.0,75.49,80.69,75.41,2.99,3.76,3.76,4.97,1.56,4.9,3.31,3.9,2.64,1.52,3.93,Defence Officer (Indian Armed Forces)
STU260041,17,M,class_12,arts,cbse,67.06,92.22,46.98,78.54,4.78,2.8,3.73,5.0,2.48,2.33,3.81,4.57,3.72,2.23,1.0,Journalist
STU040117,17,M,class_11,science_pcm,state,86.9,52.86,87.19,52.0,3.33,4.19,3.91,3.97,3.15,4.34,3.64,1.4,1.72,1.6,2.96,Cybersecurity Analyst
STU320031,22,M,undergraduate,arts,cbse,61.99,62.71,56.16,44.54,3.86,3.34,4.38,2.24,2.32,2.4,3.59,2.37,2.65,4.5,2.67,Sports Manager
STU140062,18,F,class_12,commerce,icse,75.54,33.95,82.69,72.9,3.94,4.1,3.61,3.85,2.42,4.32,3.65,2.16,3.42,5.0,4.1,Chartered Accountant
STU050149,18,M,class_12,commerce,ib,70.52,48.03,76.63,63.17,3.44,4.79,1.8,3.7,2.57,3.86,3.71,1.65,2.85,2.15,1.96,Cloud Architect
STU330026,20,M,undergraduate,vocational,state,64.21,54.44,45.0,87.63,2.0,3.91,2.22,3.7,1.1,4.7,3.83,2.76,4.4,3.83,2.68,Chef / Culinary Arts
STU010052,18,M,class_12,science_pcm,icse,76.68,82.0,72.87,28.39,3.63,4.5,4.1,2.2,3.68,3.89,2.96,2.91,3.43,3.0,3.65,Software Engineer
STU290066,18,M,class_12,undecided,icse,83.65,92.41,97.62,80.53,3.56,4.42,4.2,4.95,2.62,2.59,4.5,3.28,4.49,3.73,2.34,IAS Officer
STU140073,15,F,class_9,commerce,state,88.2,82.85,84.22,52.46,2.36,4.64,3.05,2.35,3.74,3.53,3.33,2.51,2.71,4.89,4.07,Chartered Accountant
STU100002,18,F,undergraduate,science_pcm,icse,78.17,91.61,81.08,80.13,4.18,2.56,3.73,4.36,3.66,4.04,4.7,1.4,4.0,3.68,3.22,Pharmacist
STU100057,17,M,class_11,science_pcb,cbse,55.0,70.44,100.0,61.64,2.72,4.35,2.29,4.02,3.0,4.2,4.16,2.2,4.31,3.11,2.17,Pharmacist
STU040085,21,M,undergraduate,science_pcm,cbse,79.67,55.56,75.38,87.71,4.57,4.09,3.37,3.91,4.17,3.97,4.25,3.3,2.47,4.0,1.53,Cybersecurity Analyst
STU280042,17,F,class_11,arts,state,86.0,70.0,61.47,20.65,4.05,4.8,5.0,3.43,2.0,1.05,2.95,3.78,4.25,3.44,2.47,Content Writer
STU270116,15,M,class_9,undecided,icse,76.98,69.48,36.9,83.66,4.3,2.69,3.22,2.48,4.5,1.76,3.97,4.19,2.53,4.8,3.23,Film Director
STU070070,16,M,class_10,science_pcm,cbse,88.0,35.0,83.93,69.98,3.74,3.55,2.88,3.4,2.15,4.05,4.39,4.15,3.35,4.6,1.98,Civil Engineer
STU030144,14,F,class_9,undecided,icse,93.13,45.79,71.88,87.71,3.91,3.1,3.15,2.99,2.07,4.43,4.1,3.54,4.05,2.45,3.65,AI/ML Engineer
STU080003,20,F,undergraduate,science_pcb,icse,87.11,66.2,68.98,89.37,3.23,3.75,3.58,5.0,1.9,3.94,4.07,2.49,3.75,3.71,2.71,Doctor (MBBS)
STU020046,19,M,undergraduate,science_pcm,cbse,70.31,57.88,75.61,71.34,4.55,4.49,3.0,3.86,2.97,4.71,4.29,1.95,2.0,3.23,3.81,Data Scientist
STU290143,19,M,undergraduate,undecided,state,83.71,82.96,77.31,99.95,3.06,4.28,4.95,3.85,4.01,3.49,3.3,1.76,4.36,4.84,3.37,IAS Officer
STU340051,18,F,class_12,science_pcm,cbse,48.0,73.13,80.05,91.54,3.69,2.06,2.0,2.7,2.24,4.89,3.88,1.37,1.33,3.25,3.53,Airline Pilot
STU310104,17,M,class_12,science_pcb,cbse,72.78,99.0,42.51,71.3,3.89,4.48,4.85,5.0,3.08,3.39,3.9,4.05,5.0,3.75,3.39,Environmental Scientist
STU340104,19,M,undergraduate,undecided,icse,48.0,58.42,63.16,66.34,3.76,3.94,2.11,3.08,3.37,4.7,2.25,2.96,2.9,2.69,1.8,Airline Pilot
STU210139,15,F,class_9,arts,icse,69.78,78.08,45.0,80.5,4.54,4.18,3.95,2.06,3.95,1.94,4.35,2.26,2.94,3.9,3.92,Civil Lawyer
STU190104,16,F,class_11,commerce,icse,60.0,88.94,60.03,69.43,4.22,4.28,3.2,2.54,2.81,3.56,2.61,2.53,3.18,3.81,2.88,Entrepreneur
STU210099,15,F,class_10,arts,icse,93.56,86.86,62.8,72.08,3.15,3.48,4.42,3.01,3.35,2.87,3.14,1.99,2.88,3.99,3.24,Civil Lawyer
STU210050,15,M,class_9,undecided,cbse,76.33,66.09,83.87,60.4,3.5,3.36,4.59,2.96,3.78,5.0,4.49,1.2,4.18,3.02,3.8,Civil Lawyer
STU320104,17,F,class_11,commerce,cbse,73.32,68.92,84.09,77.29,4.38,4.42,3.24,2.57,2.85,3.32,2.06,1.94,3.09,4.27,3.21,Sports Manager
STU240093,18,F,class_12,arts,state,72.78,96.0,41.15,76.47,3.91,3.22,4.01,3.34,1.52,2.07,4.0,4.47,2.68,3.64,1.94,Architect
STU050045,18,M,class_12,science_pcm,cbse,19.3,73.57,78.36,60.39,4.44,4.15,3.82,2.36,1.5,2.7,4.93,3.24,2.89,4.0,4.2,Cloud Architect
STU140076,15,O,class_10,commerce,state,86.41,59.74,94.38,41.45,2.74,4.15,3.93,2.93,2.85,3.24,2.96,2.36,3.39,3.96,4.08,Chartered Accountant
STU250074,21,F,undergraduate,arts,state,59.69,87.38,60.38,79.72,3.96,4.5,2.71,3.83,2.19,3.27,1.64,4.75,4.21,3.78,1.73,Fashion Designer
STU100078,18,M,class_12,undecided,state,55.62,84.43,85.38,68.49,2.48,4.28,3.46,3.78,2.29,2.22,4.37,3.57,4.84,2.4,4.44,Pharmacist
STU330051,15,M,class_9,vocational,cbse,56.5,78.0,53.62,98.0,3.19,3.0,4.1,4.51,3.06,3.96,2.0,1.3,2.86,4.01,3.56,Chef / Culinary Arts
STU010121,14,M,class_9,undecided,cbse,77.85,54.27,84.15,82.15,3.16,3.33,2.05,4.05,1.49,5.0,3.98,2.1,3.77,1.84,2.62,Software Engineer
STU250029,18,M,class_12,vocational,cbse,67.94,63.42,58.49,80.02,3.81,4.48,4.03,3.82,3.56,4.04,1.97,4.24,3.11,4.18,1.02,Fashion Designer
STU140123,17,F,class_12,undecided,state,90.6,34.55,99.35,60.59,3.83,4.2,4.26,3.78,3.55,2.03,2.77,2.41,2.11,3.46,3.83,Chartered Accountant
STU090043,16,F,class_10,science_pcb,ib,92.0,70.37,77.11,82.29,3.9,4.04,4.03,4.91,2.0,4.2,2.18,1.61,3.91,1.8,2.22,Dentist
STU340038,15,F,class_10,commerce,cbse,67.79,48.71,85.3,79.12,3.69,3.0,4.31,4.04,1.97,3.82,4.32,3.51,2.51,4.6,2.19,Airline Pilot
STU170150,22,F,undergraduate,arts,cbse,74.09,64.67,80.0,24.85,4.33,2.63,4.85,2.8,3.08,4.64,3.24,3.36,2.34,3.79,4.51,Digital Marketing Manager
STU160090,22,F,undergraduate,science_pcm,cbse,64.3,71.33,59.55,63.0,4.09,4.31,3.77,2.66,2.21,1.82,3.77,3.68,4.1,3.74,4.43,Management Consultant
STU010135,14,F,class_9,science_pcm,cbse,81.31,58.38,65.0,56.82,2.68,4.63,2.45,2.72,3.27,3.47,4.82,1.82,3.8,1.96,2.23,Software Engineer
STU180012,14,F,class_9,commerce,state,85.42,79.8,79.52,61.07,3.62,3.28,3.54,3.56,2.08,3.29,2.0,2.84,2.27,3.9,2.01,Product Manager
STU230125,15,M,class_9,science_pcm,cbse,61.24,77.39,50.67,90.58,3.92,3.94,4.1,4.15,1.77,1.85,2.13,4.19,1.84,4.1,2.3,Graphic Designer
STU300122,16,F,class_11,commerce,icse,48.8,62.01,54.83,97.43,3.35,3.6,4.17,4.02,3.33,4.88,2.39,3.14,3.33,3.8,4.74,Defence Officer (Indian Armed Forces)
STU160130,18,F,class_12,undecided,state,84.25,94.84,68.51,84.51,3.57,4.39,3.2,4.8,4.2,2.3,4.44,3.15,4.18,4.31,3.72,Management Consultant
STU020035,20,O,undergraduate,science_pcm,state,80.27,72.33,95.18,52.15,3.08,3.87,3.1,3.99,1.3,3.51,4.2,4.24,1.4,1.74,2.76,Data Scientist
STU240052,20,F,undergraduate,science_pcm,icse,45.02,85.06,48.9,76.59,3.09,2.19,4.73,2.78,4.5,1.83,3.55,4.35,4.45,3.38,2.09,Architect
STU230022,22,F,undergraduate,undecided,icse,43.83,51.28,43.08,72.52,4.15,4.37,3.97,2.25,3.88,1.99,2.96,4.67,4.58,4.8,2.25,Graphic Designer
STU040062,18,F,class_12,commerce,cbse,73.43,46.06,28.56,83.24,4.08,3.53,1.38,2.65,1.72,2.87,4.49,3.0,1.65,2.01,3.97,Cybersecurity Analyst
STU190116,17,M,class_11,science_pcm,cbse,63.37,74.66,79.69,80.26,3.01,4.54,4.47,4.25,3.15,2.82,3.72,3.68,3.3,4.47,3.17,Entrepreneur
STU010063,18,F,class_12,science_pcm,icse,97.3,45.0,87.04,72.38,3.11,4.42,3.8,2.2,2.43,3.66,3.92,1.29,3.8,5.0,2.42,Software Engineer
STU290140,16,M,class_11,arts,icse,85.86,93.61,85.72,73.32,3.88,4.66,3.21,4.15,1.04,2.54,4.49,1.53,4.16,3.94,2.28,IAS Officer
STU310033,20,M,undergraduate,science_pcm,icse,77.76,91.45,73.5,84.2,5.0,4.16,3.99,2.17,2.5,3.65,3.81,2.76,4.85,4.32,3.09,Environmental Scientist
STU300060,21,F,undergraduate,science_pcm,cbse,78.46,85.67,78.76,64.17,3.22,3.73,3.92,3.36,2.87,4.49,4.5,2.13,4.31,3.08,4.52,Defence Officer (Indian Armed Forces)
STU070078,16,F,class_10,science_pcm,ib,67.18,64.2,77.02,69.67,2.55,3.77,4.6,1.21,3.82,4.51,2.72,3.93,1.89,3.64,1.96,Civil Engineer
STU060089,17,F,class_11,science_pcm,cbse,82.35,73.35,54.88,84.88,3.47,1.86,3.14,2.76,2.09,4.27,2.61,2.86,2.37,2.1,2.17,Mechanical Engineer
STU020102,19,O,undergraduate,undecided,cbse,68.0,42.27,73.81,66.32,4.51,3.1,1.8,2.84,3.26,4.96,4.81,2.5,1.81,3.07,2.49,Data Scientist
STU050026,18,O,undergraduate,science_pcm,cbse,97.0,50.67,84.56,38.02,3.01,4.49,3.2,4.29,4.84,1.34,3.6,3.77,2.34,2.87,3.5,Cloud Architect
STU260148,22,F,undergraduate,arts,cbse,83.4,85.07,64.95,54.28,4.77,3.08,5.0,3.0,1.59,2.21,2.47,4.55,4.44,2.47,1.1,Journalist
STU340094,18,M,undergraduate,science_pcm,cbse,74.04,36.27,85.46,50.48,2.36,3.81,4.19,2.98,1.1,4.43,3.1,3.08,2.9,2.51,4.12,Airline Pilot
STU210150,16,F,class_11,commerce,cbse,72.17,73.5,82.01,59.57,4.12,3.52,3.39,2.33,1.77,3.41,3.82,2.73,3.35,4.74,3.6,Civil Lawyer
STU110116,21,M,undergraduate,science_pcb,icse,81.84,58.0,75.21,71.93,3.41,4.06,2.62,4.01,3.17,2.45,4.47,1.32,4.68,2.53,1.4,Biomedical Engineer
STU010123,17,M,class_11,science_pcm,cbse,74.81,65.21,74.55,70.19,3.0,3.92,3.54,3.69,1.59,3.95,4.58,2.53,3.57,3.77,2.35,Software Engineer
STU130032,21,M,undergraduate,science_pcb,state,80.03,63.72,81.47,72.22,3.6,4.25,4.93,4.69,2.29,2.66,4.26,2.49,4.5,2.18,2.16,Physiotherapist
STU230072,16,M,class_10,science_pcm,state,73.7,88.11,72.71,73.98,4.43,3.85,3.72,2.59,2.04,2.31,2.8,5.0,2.62,1.94,2.08,Graphic Designer
STU160117,21,F,undergraduate,undecided,ib,83.55,86.22,70.41,32.92,4.48,3.95,3.35,4.29,4.09,3.66,2.7,3.73,4.16,4.23,2.32,Management Consultant
STU200001,17,M,class_11,commerce,icse,92.32,92.06,80.32,63.11,3.22,4.3,3.09,3.76,2.47,3.37,2.72,2.66,1.02,3.35,4.49,Corporate Lawyer
STU340118,18,M,undergraduate,science_pcm,icse,47.72,60.86,80.1,70.98,4.43,3.99,2.7,2.72,2.46,5.0,2.63,1.73,1.2,2.28,4.66,Airline Pilot
STU040118,19,F,undergraduate,commerce,icse,97.0,48.68,95.4,74.72,4.65,4.22,4.1,3.79,1.79,4.66,3.94,2.75,1.64,2.54,3.13,Cybersecurity Analyst
STU150075,14,O,class_9,commerce,state,70.84,79.96,97.62,74.35,3.65,4.79,3.65,4.27,1.36,1.77,2.77,1.57,1.56,3.66,3.44,Investment Banker
STU310037,16,F,class_11,undecided,icse,90.49,83.76,86.56,94.23,4.59,4.83,4.8,4.63,1.08,2.12,3.0,2.22,4.19,4.96,3.41,Environmental Scientist
STU050094,22,O,undergraduate,science_pcm,icse,55.91,63.26,67.16,82.52,4.11,3.7,4.01,3.99,1.31,3.23,5.0,2.35,3.44,2.44,4.2,Cloud Architect
STU250063,19,F,undergraduate,arts,cbse,63.64,54.15,78.0,92.83,2.78,4.08,3.48,4.41,3.4,3.9,3.24,3.93,5.0,2.94,2.33,Fashion Designer
STU230089,17,M,class_12,undecided,cbse,74.14,78.8,64.39,62.0,3.95,2.3,2.77,3.74,3.68,2.32,3.8,5.0,2.71,1.91,2.82,Graphic Designer
STU170079,15,F,class_9,science_pcm,state,72.69,91.0,63.94,43.89,4.58,4.58,3.48,2.91,2.5,3.15,3.98,1.77,4.06,4.76,3.09,Digital Marketing Manager
STU340007,18,M,class_12,science_pcm,icse,50.19,67.44,77.72,65.6,2.96,4.2,2.46,3.02,3.75,4.26,2.33,3.29,2.8,4.3,3.08,Airline Pilot
STU080025,15,M,class_9,science_pcm,cbse,79.23,96.91,79.52,85.0,4.37,4.75,2.87,3.68,3.16,1.46,3.62,2.1,5.0,2.41,2.45,Doctor (MBBS)
STU080109,16,O,class_11,undecided,cbse,73.05,100.0,78.72,71.45,2.58,4.57,1.76,4.35,1.74,2.87,3.83,1.53,4.09,3.36,3.31,Doctor (MBBS)
STU120139,18,M,class_12,undecided,cbse,82.93,80.16,79.75,63.03,3.71,1.0,1.31,3.58,2.67,4.3,3.9,3.3,1.98,2.55,3.45,Clinical Psychologist
STU050121,21,M,undergraduate,science_pcm,state,68.0,58.77,81.3,90.0,2.95,4.62,4.39,2.96,2.77,4.53,4.72,2.79,1.36,2.15,2.7,Cloud Architect
STU190126,15,F,class_10,undecided,state,75.93,90.78,57.34,47.2,4.24,3.85,3.54,3.04,3.54,3.41,3.0,3.66,4.37,4.39,2.73,Entrepreneur
STU280123,16,F,class_11,undecided,state,16.79,74.72,50.6,40.94,4.09,3.88,4.54,4.03,3.76,2.14,4.1,3.88,3.81,2.43,2.22,Content Writer
STU260122,15,M,class_9,arts,ib,40.06,91.68,52.48,79.94,4.7,2.66,3.92,4.57,1.0,2.11,5.0,3.9,4.87,2.26,3.56,Journalist
STU330036,16,M,class_10,arts,cbse,78.82,78.0,85.27,97.24,3.38,3.35,2.88,2.57,1.28,3.75,3.3,2.9,3.84,2.64,2.75,Chef / Culinary Arts
STU230041,14,O,class_9,arts,cbse,84.0,68.52,78.0,80.94,4.61,2.3,3.43,4.56,2.51,1.53,3.34,4.42,2.85,2.37,4.06,Graphic Designer
STU050003,17,F,class_11,science_pcm,cbse,89.61,45.0,73.34,53.52,4.41,3.47,3.4,2.52,2.12,4.21,4.82,3.43,3.16,4.44,3.88,Cloud Architect
STU160042,14,F,class_9,science_pcm,state,70.97,89.88,76.58,48.99,4.9,4.15,3.55,2.59,1.2,2.61,3.68,2.52,3.95,3.43,4.09,Management Consultant
STU200146,16,F,class_11,arts,state,83.59,97.57,72.31,40.73,4.38,4.18,3.75,2.28,3.82,2.04,3.04,2.21,3.1,3.12,2.5,Corporate Lawyer
STU130068,16,M,class_11,science_pcb,state,84.23,83.17,73.75,56.84,3.2,3.52,2.2,4.18,3.09,2.55,3.83,3.31,2.93,3.06,2.18,Physiotherapist
STU210143,16,O,class_10,science_pcm,icse,77.22,49.69,64.74,72.8,4.58,3.61,4.27,4.54,4.77,3.26,2.9,1.79,3.37,3.0,3.15,Civil Lawyer
STU250008,16,F,class_11,arts,cbse,51.99,57.0,49.2,67.44,4.98,3.28,3.1,3.83,3.34,3.88,3.62,5.0,2.38,2.56,1.43,Fashion Designer
STU030019,22,F,undergraduate,undecided,ib,72.44,53.52,81.25,89.31,1.05,3.62,1.96,2.61,3.7,3.26,3.85,1.58,3.6,1.6,2.45,AI/ML Engineer
STU210079,17,F,class_11,undecided,cbse,78.07,82.16,66.9,51.53,2.94,4.84,2.92,2.0,3.87,1.49,4.76,2.98,4.31,4.68,3.77,Civil Lawyer
STU280007,18,F,undergraduate,arts,icse,86.0,75.0,100.0,79.21,3.78,3.37,4.81,5.0,2.98,1.96,1.73,4.1,4.83,2.31,1.98,Content Writer
STU020125,19,F,undergraduate,science_pcm,icse,78.06,63.8,65.0,71.99,4.01,4.72,3.33,4.07,1.56,3.67,4.58,2.99,3.8,2.1,3.27,Data Scientist
STU140034,19,F,undergraduate,science_pcm,icse,74.9,61.24,75.0,64.68,3.86,1.9,4.7,2.1,2.04,3.4,3.23,2.24,3.55,4.04,5.0,Chartered Accountant
STU040100,16,M,class_11,science_pcm,cbse,80.87,69.64,89.78,64.82,3.55,3.76,3.76,3.62,2.37,5.0,3.6,2.38,1.3,3.5,2.43,Cybersecurity Analyst
STU210063,20,M,undergraduate,science_pcb,ib,88.53,100.0,73.52,69.81,2.94,2.42,2.55,4.32,1.3,3.46,3.99,2.68,3.82,3.66,4.55,Civil Lawyer
STU190093,19,M,undergraduate,commerce,icse,90.6,88.18,79.04,76.12,4.54,4.71,3.79,4.8,4.11,3.65,2.04,5.0,2.59,4.28,2.15,Entrepreneur
STU340042,15,F,class_9,science_pcm,cbse,61.45,85.38,69.82,74.84,3.33,4.42,2.14,3.75,4.2,4.05,3.55,2.51,4.12,3.02,3.59,Airline Pilot
STU210065,20,F,undergraduate,commerce,state,91.89,68.0,47.88,73.04,3.99,5.0,3.06,2.58,2.71,3.17,3.09,4.15,4.0,1.98,4.79,Civil Lawyer
STU050006,17,F,class_12,undecided,state,89.03,73.34,76.44,52.82,4.34,1.78,3.1,3.98,1.55,4.31,4.77,2.61,1.3,2.37,1.4,Cloud Architect
STU070133,19,O,undergraduate,science_pcm,cbse,89.51,43.59,82.4,67.92,3.35,3.33,2.92,2.8,2.59,4.74,2.71,3.46,3.68,4.6,2.3,Civil Engineer
STU040078,17,M,class_11,science_pcm,cbse,76.82,18.17,80.83,79.74,3.85,4.05,2.87,3.18,3.28,4.54,3.98,1.61,3.32,4.0,4.3,Cybersecurity Analyst
STU340027,19,M,undergraduate,arts,cbse,64.65,74.85,83.63,71.32,3.63,1.04,3.2,1.85,2.04,4.52,1.86,2.87,3.52,4.6,3.08,Airline Pilot
STU180128,18,M,class_12,commerce,state,70.09,68.47,72.85,48.02,3.0,4.75,4.63,4.8,2.85,1.79,2.75,3.59,2.72,4.49,1.92,Product Manager
STU180068,15,M,class_9,science_pcm,cbse,87.03,43.47,57.56,41.35,4.15,3.14,5.0,2.2,3.28,1.87,4.15,3.64,3.29,2.69,3.1,Product Manager
STU060080,17,O,class_12,undecided,icse,71.03,54.12,80.17,90.23,3.68,3.32,2.0,2.3,2.03,4.83,3.7,1.87,3.38,2.07,2.91,Mechanical Engineer
STU270039,18,M,class_12,arts,cbse,53.73,89.71,78.0,94.18,3.78,3.63,2.86,4.05,4.41,3.54,2.23,4.47,3.48,4.04,2.69,Film Director
STU330125,14,O,class_9,science_pcb,state,81.93,42.42,80.76,79.97,5.0,4.0,3.22,4.57,2.07,4.8,2.16,2.64,4.29,3.93,3.1,Chef / Culinary Arts
STU320068,20,F,undergraduate,science_pcm,cbse,85.58,60.73,82.75,66.03,3.49,4.59,4.65,4.3,3.3,2.6,2.41,2.06,3.9,3.75,2.0,Sports Manager
STU250075,20,M,undergraduate,commerce,cbse,70.15,80.79,44.69,96.11,4.68,3.35,3.43,4.71,2.55,1.88,4.79,4.06,3.35,2.58,1.93,Fashion Designer
STU020149,15,M,class_9,science_pcm,state,41.04,68.13,98.0,77.57,4.4,3.99,2.39,2.27,1.46,3.85,4.09,1.49,3.21,3.94,2.25,Data Scientist
STU010069,16,M,class_11,science_pcm,state,78.22,65.73,86.62,53.99,1.64,3.25,2.12,2.52,3.56,3.44,5.0,1.97,3.8,2.34,3.06,Software Engineer
STU260117,18,F,class_12,undecided,cbse,71.82,95.0,63.36,52.0,3.71,3.48,3.65,4.16,2.54,1.88,1.4,4.64,4.78,4.1,1.18,Journalist
STU340141,22,F,undergraduate,science_pcm,cbse,64.66,57.79,72.49,61.73,4.32,4.5,2.74,2.72,1.48,3.98,3.8,2.94,3.75,3.21,2.62,Airline Pilot
STU160003,18,M,undergraduate,commerce,cbse,66.0,93.47,78.11,72.44,3.56,4.08,3.2,4.8,2.07,1.5,3.12,1.2,3.73,4.79,2.14,Management Consultant
STU260139,18,F,undergraduate,vocational,cbse,61.18,76.5,75.54,54.4,3.95,2.96,4.02,3.05,2.89,1.74,3.46,3.5,3.79,2.76,2.89,Journalist
STU310146,22,F,undergraduate,undecided,icse,80.51,85.49,90.24,88.87,5.0,4.25,3.43,3.88,5.0,3.51,4.05,4.1,4.83,4.07,2.8,Environmental Scientist
STU120023,18,F,class_12,undecided,cbse,71.9,94.3,73.81,54.77,2.8,4.09,3.82,3.5,1.51,3.25,4.03,2.57,4.33,2.59,3.18,Clinical Psychologist
STU170120,14,M,class_9,commerce,state,68.23,86.46,57.22,74.6,3.34,1.0,4.3,2.45,2.65,2.57,2.33,2.22,2.49,3.48,2.85,Digital Marketing Manager
STU020001,15,F,class_9,science_pcm,cbse,91.35,60.35,84.15,55.01,3.25,3.85,3.37,3.51,3.21,4.2,4.12,2.94,3.16,3.96,4.2,Data Scientist
STU060007,17,M,class_12,science_pcm,state,59.68,54.98,81.4,51.69,3.99,3.89,4.34,4.64,4.07,3.74,3.57,1.64,1.73,4.01,3.78,Mechanical Engineer
STU150015,21,M,undergraduate,commerce,icse,73.19,60.23,81.96,45.81,2.61,3.27,3.14,3.05,3.27,2.47,4.18,1.78,3.97,4.93,4.72,Investment Banker
STU180025,15,M,class_9,science_pcm,cbse,88.39,84.7,80.78,54.38,3.87,4.42,2.07,4.8,1.25,1.0,2.13,4.9,3.49,4.01,2.63,Product Manager
STU290149,22,F,undergraduate,arts,state,84.03,83.56,81.23,95.17,3.67,4.5,4.13,3.83,2.29,3.78,3.52,4.1,3.09,4.91,4.8,IAS Officer
STU290144,16,F,class_11,commerce,state,82.23,73.56,86.61,38.17,3.4,4.0,4.42,4.17,3.49,2.9,4.63,1.57,4.79,2.35,1.18,IAS Officer
STU110124,14,M,class_9,science_pcm,cbse,69.65,81.02,81.56,54.74,3.52,3.72,2.2,4.17,2.15,4.04,5.0,2.27,3.91,3.8,3.87,Biomedical Engineer
STU130059,17,F,class_12,arts,cbse,63.08,93.21,87.92,54.16,3.83,4.56,3.47,3.5,1.79,3.61,4.78,1.94,3.8,2.27,1.6,Physiotherapist
STU270145,17,F,class_11,undecided,state,42.0,60.64,73.3,97.18,3.93,1.94,3.6,2.79,2.38,3.12,2.3,3.89,4.55,4.4,2.27,Film Director
STU030077,18,F,undergraduate,undecided,cbse,71.34,49.94,97.24,55.18,3.26,3.77,2.58,2.41,2.28,4.88,2.59,1.71,1.65,1.6,3.61,AI/ML Engineer
STU110118,16,F,class_11,science_pcb,icse,44.18,52.45,66.28,82.7,3.49,4.16,3.65,1.0,3.63,2.16,4.05,1.44,4.97,2.66,3.99,Biomedical Engineer
STU340037,18,M,class_12,science_pcm,cbse,64.88,25.32,86.76,73.51,3.07,4.77,2.0,2.63,3.48,3.21,4.29,2.0,3.39,2.02,2.81,Airline Pilot
STU060110,15,F,class_10,science_pcm,icse,78.21,62.11,58.5,92.9,3.73,4.69,2.91,3.38,2.0,3.78,3.92,3.5,1.98,4.67,3.35,Mechanical Engineer
STU190029,18,M,undergraduate,vocational,cbse,78.99,84.54,69.31,76.93,3.42,4.5,3.86,4.76,1.28,3.57,4.51,2.74,4.27,3.94,2.23,Entrepreneur
STU240125,18,F,class_12,arts,cbse,63.59,90.22,62.96,83.07,4.03,3.02,3.92,2.2,3.95,2.44,1.6,4.85,4.95,4.49,1.45,Architect
STU030079,15,F,class_9,science_pcm,cbse,90.65,78.18,81.42,80.4,3.81,3.69,2.09,2.61,1.7,4.62,3.88,2.54,1.53,2.08,1.65,AI/ML Engineer
STU270040,17,O,class_12,arts,state,56.63,52.77,63.45,83.59,2.64,3.12,3.56,2.79,1.58,4.2,3.54,1.71,4.73,3.93,2.26,Film Director
STU190043,17,F,class_11,arts,state,93.37,72.64,63.45,45.74,4.11,3.63,2.56,4.03,2.11,1.85,3.98,3.92,3.23,4.69,2.59,Entrepreneur
STU320108,18,M,class_12,commerce,cbse,93.72,55.0,78.83,80.04,3.37,4.9,4.49,4.34,3.01,2.83,3.09,2.51,3.0,3.72,2.12,Sports Manager
STU270126,16,F,class_11,arts,cbse,69.65,57.15,64.49,78.34,4.33,3.7,4.39,2.55,3.89,3.86,2.34,4.4,2.98,3.44,1.46,Film Director
STU100072,20,F,undergraduate,science_pcb,state,68.07,65.16,48.38,70.29,2.98,4.64,3.55,4.15,1.2,3.12,4.41,3.7,4.32,3.06,1.63,Pharmacist
STU280069,14,F,class_9,commerce,state,72.45,86.34,79.77,45.76,4.01,3.02,3.78,4.05,3.68,1.0,4.1,3.48,2.12,2.1,3.22,Content Writer
STU120131,17,M,class_12,arts,cbse,63.89,75.13,62.26,53.51,4.0,3.4,2.79,4.27,1.24,2.23,4.72,1.65,4.31,1.26,3.31,Clinical Psychologist
STU240150,21,F,undergraduate,arts,cbse,58.83,72.25,35.0,95.14,5.0,4.44,4.78,3.4,4.4,2.1,1.84,4.69,4.5,4.07,2.31,Architect
STU340020,15,F,class_9,science_pcm,state,79.43,38.31,63.02,87.18,2.56,3.65,2.0,3.68,1.54,4.34,2.6,3.61,3.04,3.57,4.61,Airline Pilot
STU130135,16,M,class_10,undecided,icse,62.33,88.7,70.82,67.09,4.39,1.74,2.98,3.57,2.77,3.31,3.54,4.46,4.83,3.8,2.43,Physiotherapist
STU160118,20,M,undergraduate,commerce,icse,94.0,88.64,70.29,57.34,4.0,2.43,3.27,2.2,1.4,3.29,2.1,1.31,4.61,4.27,3.82,Management Consultant
STU300124,20,M,undergraduate,arts,icse,94.83,60.71,64.4,87.63,4.24,3.17,1.87,4.46,3.82,4.81,2.0,1.4,3.95,2.41,3.99,Defence Officer (Indian Armed Forces)
STU060045,18,M,class_12,science_pcb,state,63.41,59.34,47.25,80.36,2.11,3.9,3.51,2.43,1.44,3.5,1.38,4.31,4.11,1.5,4.73,Mechanical Engineer
STU180058,14,F,class_9,science_pcm,cbse,67.23,93.48,89.33,46.75,3.55,4.94,3.44,3.11,3.51,2.17,2.51,3.51,4.48,4.08,3.02,Product Manager
STU060092,18,M,class_12,science_pcm,ib,48.0,79.77,45.0,98.0,2.0,4.08,1.54,2.39,2.79,4.38,3.93,4.43,4.23,1.5,3.84,Mechanical Engineer
STU120097,21,M,undergraduate,science_pcm,state,57.83,76.52,78.97,70.04,2.52,4.55,2.76,4.56,4.98,2.73,4.44,2.72,4.92,1.82,1.6,Clinical Psychologist
STU340068,15,F,class_9,science_pcm,cbse,80.94,59.7,90.0,62.85,2.51,3.84,3.43,3.28,2.72,4.57,3.81,3.04,3.55,1.89,2.56,Airline Pilot
STU020026,14,F,class_9,science_pcm,cbse,94.46,76.54,65.43,69.24,3.69,4.4,3.69,2.2,2.75,3.41,4.41,2.36,3.05,2.2,2.25,Data Scientist
STU080052,15,F,class_10,science_pcb,icse,64.4,83.43,79.88,47.74,4.4,1.52,2.2,4.92,2.42,2.19,3.69,1.86,4.64,3.15,2.56,Doctor (MBBS)
STU200008,19,M,undergraduate,science_pcm,state,86.3,2.94,90.0,38.58,3.97,3.07,4.69,4.7,3.55,2.23,2.83,2.78,4.88,4.91,4.4,Corporate Lawyer
STU210059,14,F,class_9,arts,state,73.4,100.0,77.21,54.67,2.98,3.62,2.78,3.29,1.3,1.83,4.9,4.2,3.79,2.89,4.28,Civil Lawyer
STU010046,16,M,class_11,science_pcm,cbse,86.62,75.77,86.3,80.2,3.15,4.79,1.49,3.97,1.3,4.87,5.0,3.13,1.83,2.08,2.88,Software Engineer
STU280135,16,M,class_11,arts,icse,75.27,98.47,70.2,85.0,3.99,4.58,4.41,3.69,2.93,2.41,2.02,3.2,3.96,4.14,1.75,Content Writer
STU310002,22,F,undergraduate,science_pcm,icse,99.0,91.11,70.0,78.63,4.84,4.69,3.0,4.71,1.0,3.37,3.36,3.48,4.26,3.84,4.42,Environmental Scientist
STU340091,16,M,class_11,arts,cbse,89.7,60.89,51.33,72.25,3.7,4.23,2.84,3.46,3.31,4.45,2.76,3.16,2.39,2.71,3.14,Airline Pilot
STU200103,18,F,class_12,undecided,cbse,89.28,78.49,67.14,78.17,3.36,4.29,3.48,2.0,2.52,1.1,3.28,2.43,4.15,4.92,4.89,Corporate Lawyer
STU060147,19,O,undergraduate,undecided,cbse,64.0,35.0,70.97,82.26,1.98,3.38,3.17,4.7,1.42,4.86,2.74,3.45,2.38,1.5,4.88,Mechanical Engineer
STU110112,16,M,class_10,science_pcb,cbse,86.05,70.25,69.8,57.63,4.6,3.65,3.1,4.89,2.48,1.8,3.84,3.04,3.56,2.38,3.88,Biomedical Engineer
STU120095,17,F,class_12,science_pcb,icse,75.61,60.4,94.83,79.03,4.16,4.88,2.67,3.99,3.93,3.99,5.0,1.63,4.75,2.88,4.06,Clinical Psychologist
STU280143,18,F,class_12,commerce,cbse,63.99,73.57,55.68,63.31,3.43,2.97,1.47,4.27,2.92,2.23,2.2,4.77,4.83,4.39,1.58,Content Writer
STU130061,16,M,class_10,science_pcb,icse,78.48,66.76,95.0,48.47,3.78,3.67,4.43,4.23,3.29,1.18,3.83,2.4,4.33,2.71,2.42,Physiotherapist
STU160099,22,F,undergraduate,commerce,state,66.68,75.68,74.01,76.42,3.38,4.67,3.26,2.9,2.04,2.43,3.16,2.85,3.34,4.11,4.01,Management Consultant
STU150032,19,F,undergraduate,commerce,state,80.5,53.71,81.19,54.83,2.77,3.41,2.0,2.81,4.1,2.96,3.98,1.18,1.79,3.32,4.13,Investment Banker
STU250040,20,F,undergraduate,science_pcm,icse,48.95,81.38,44.94,62.0,4.1,3.19,2.83,2.27,3.48,1.28,3.8,3.06,4.12,1.7,1.72,Fashion Designer
STU210131,20,M,undergraduate,commerce,cbse,66.51,72.7,62.14,45.78,3.82,3.83,2.35,3.52,3.54,1.16,4.48,3.48,4.0,3.78,3.29,Civil Lawyer
STU170126,17,O,class_11,arts,state,92.82,76.94,63.0,86.0,4.33,3.87,3.4,3.9,2.8,1.7,1.96,3.13,4.22,4.11,3.33,Digital Marketing Manager
STU020134,15,M,class_10,undecided,state,95.41,50.06,65.0,78.41,3.48,3.74,2.17,2.64,1.68,3.09,4.19,3.51,3.05,4.33,1.91,Data Scientist
STU140069,15,F,class_9,commerce,icse,91.51,81.32,96.03,60.09,2.5,3.03,3.8,3.12,1.58,1.94,2.65,2.19,3.7,1.14,4.66,Chartered Accountant
STU080079,15,F,class_10,science_pcb,cbse,64.88,90.29,72.0,65.71,3.04,4.5,3.8,4.63,2.48,4.06,4.26,2.05,3.82,3.58,2.32,Doctor (MBBS)
STU120137,18,F,class_12,arts,cbse,67.74,60.5,72.89,73.78,2.66,3.62,3.29,4.6,1.84,1.8,4.67,3.01,4.12,3.16,2.82,Clinical Psychologist
STU100084,15,M,class_9,undecided,icse,68.52,85.54,100.0,70.58,5.0,4.64,3.76,3.58,2.91,4.0,4.42,2.05,3.63,1.88,3.63,Pharmacist
STU220096,22,F,undergraduate,arts,icse,42.44,67.97,51.63,94.42,4.0,2.29,3.61,3.1,2.24,3.28,2.47,4.73,4.62,4.8,2.68,UX/UI Designer
STU090131,16,F,class_10,science_pcb,state,77.9,78.96,78.9,83.43,3.45,4.1,3.15,4.7,3.6,2.55,4.45,3.7,4.94,2.26,3.61,Dentist
STU330020,18,F,class_12,vocational,cbse,50.93,53.8,45.0,77.56,3.88,3.79,4.06,2.1,2.89,4.64,2.62,2.44,2.1,4.39,3.71,Chef / Culinary Arts
STU260100,17,F,class_12,undecided,state,66.74,100.0,35.0,50.75,5.0,2.09,4.44,4.6,1.56,2.02,3.14,3.33,3.96,4.0,2.51,Journalist
STU280043,18,F,class_12,undecided,state,55.22,75.03,74.45,52.59,4.39,4.4,4.5,4.2,2.47,1.0,2.13,3.73,3.52,2.62,2.61,Content Writer
STU150132,16,F,class_11,commerce,cbse,74.78,73.96,78.0,62.28,3.21,3.5,3.86,4.26,1.6,2.7,3.19,2.04,1.77,3.98,3.4,Investment Banker
STU300025,20,M,undergraduate,commerce,cbse,74.4,65.39,69.65,83.65,3.06,3.92,2.88,4.7,1.16,3.54,2.12,4.33,1.62,3.59,3.65,Defence Officer (Indian Armed Forces)
STU090022,17,F,class_12,science_pcb,cbse,85.5,86.28,84.82,39.29,3.95,4.84,4.04,3.51,4.29,1.95,3.05,2.19,4.74,1.37,1.6,Dentist
STU180110,16,M,class_10,science_pcm,state,94.0,65.51,77.18,86.0,3.69,3.22,3.76,4.7,3.57,2.37,3.44,1.16,3.11,4.62,2.1,Product Manager
STU320018,19,F,undergraduate,science_pcm,state,67.03,72.63,90.15,26.1,4.31,1.71,4.87,3.14,2.3,2.27,2.0,3.9,2.26,3.57,2.81,Sports Manager
STU190108,21,F,undergraduate,commerce,icse,86.8,63.57,71.68,60.87,3.94,4.72,3.8,3.56,3.45,3.8,4.05,2.19,4.13,4.2,2.99,Entrepreneur
STU300018,17,M,class_12,commerce,state,70.45,40.41,80.8,85.7,4.32,3.4,3.24,3.48,2.5,4.54,2.15,1.63,1.79,2.12,4.5,Defence Officer (Indian Armed Forces)
STU340087,18,F,undergraduate,arts,cbse,59.86,65.01,57.62,63.47,2.69,3.47,4.44,3.9,3.76,4.88,3.87,4.5,2.8,3.92,4.52,Airline Pilot
STU080045,14,M,class_9,science_pcb,cbse,80.63,90.33,100.0,75.33,2.62,4.7,2.38,3.96,3.24,3.86,5.0,1.69,3.83,1.29,4.23,Doctor (MBBS)
STU320127,18,O,class_12,science_pcm,cbse,60.0,69.52,57.82,75.65,5.0,4.93,1.26,3.41,3.78,1.59,4.02,1.91,4.32,4.26,4.57,Sports Manager
STU320003,15,F,class_9,commerce,state,66.6,55.0,82.86,47.66,4.54,3.94,4.7,3.64,1.2,1.4,3.37,2.45,3.01,3.89,3.67,Sports Manager
STU130138,16,F,class_10,science_pcb,state,55.97,75.2,100.0,72.16,4.2,3.66,4.5,4.15,1.93,2.31,4.03,2.42,3.99,2.82,4.22,Physiotherapist
STU240026,16,F,class_11,science_pcm,cbse,84.0,93.92,73.63,39.71,3.7,2.85,4.39,4.42,4.04,2.37,2.35,4.8,3.01,4.59,1.0,Architect
STU130008,18,F,class_12,science_pcb,cbse,64.76,65.72,67.08,78.4,3.21,4.7,2.2,4.33,3.06,2.21,4.9,1.24,4.46,3.8,2.08,Physiotherapist
STU010100,17,F,class_11,undecided,cbse,80.15,68.85,86.16,72.93,4.7,4.09,2.87,3.08,1.88,3.68,4.43,2.41,3.0,2.2,2.7,Software Engineer
STU210028,21,F,undergraduate,arts,cbse,39.3,84.89,71.58,56.12,4.8,4.4,4.37,3.49,3.0,2.59,2.96,3.19,4.23,5.0,3.23,Civil Lawyer
STU120121,18,M,undergraduate,arts,state,87.82,99.33,80.46,71.5,3.41,4.73,3.23,5.0,3.18,3.42,4.15,1.64,4.3,2.93,3.96,Clinical Psychologist
STU130033,16,F,class_10,science_pcb,state,61.85,86.48,66.94,57.5,3.24,4.84,4.29,5.0,4.73,1.8,4.91,1.68,4.71,2.09,4.15,Physiotherapist
STU200142,22,F,undergraduate,undecided,cbse,41.92,79.54,81.71,50.83,3.35,3.71,3.93,2.48,4.57,3.33,3.41,2.4,4.5,3.77,3.61,Corporate Lawyer
STU030052,17,M,class_12,undecided,cbse,77.97,58.3,86.48,36.65,4.25,4.56,2.7,2.3,2.1,4.43,4.29,2.44,1.79,2.79,2.18,AI/ML Engineer
STU320051,14,M,class_9,commerce,state,81.29,44.18,84.11,57.95,3.17,3.38,4.0,4.05,3.25,1.31,3.54,1.2,3.58,4.77,4.38,Sports Manager
STU080054,18,F,class_12,science_pcb,cbse,67.03,60.0,69.01,75.38,1.96,4.36,4.06,4.63,1.34,2.81,2.79,2.23,3.49,1.39,2.93,Doctor (MBBS)
STU100025,18,M,class_12,science_pcb,cbse,74.35,63.92,72.91,65.62,3.25,4.78,3.72,3.79,2.05,2.28,4.61,1.75,4.85,1.2,4.3,Pharmacist
STU080026,20,F,undergraduate,science_pcb,cbse,76.14,67.83,48.5,53.32,4.15,3.99,4.36,4.15,2.12,2.72,3.53,1.96,4.36,3.77,2.64,Doctor (MBBS)
STU050119,22,M,undergraduate,science_pcm,cbse,79.15,76.96,92.56,87.83,3.84,4.65,1.8,2.31,3.5,2.94,5.0,3.47,3.47,3.46,1.88,Cloud Architect
STU320046,15,M,class_9,vocational,cbse,75.86,56.03,92.0,73.53,3.2,3.81,4.63,2.43,1.73,1.63,3.59,3.29,3.85,4.47,2.66,Sports Manager
STU190138,19,F,undergraduate,commerce,state,90.16,56.5,68.94,70.9,3.99,4.42,3.76,4.06,2.04,2.91,2.1,4.2,2.2,4.39,2.55,Entrepreneur
STU230100,21,M,undergraduate,arts,state,76.44,79.48,45.39,65.26,4.16,3.97,4.41,1.23,4.02,3.78,2.87,4.17,3.41,3.94,4.55,Graphic Designer
STU170006,17,M,class_11,commerce,cbse,63.34,55.89,87.17,76.02,4.25,3.55,3.36,2.35,2.79,3.51,2.57,3.09,3.98,3.69,3.7,Digital Marketing Manager
STU030009,22,F,undergraduate,undecided,cbse,55.07,66.56,67.51,55.36,3.04,4.8,4.1,3.2,3.55,3.59,4.27,3.37,2.01,2.29,2.36,AI/ML Engineer
STU280045,17,F,class_12,arts,cbse,42.07,93.78,80.0,56.36,4.29,2.66,4.52,3.72,1.93,3.19,2.7,1.2,3.87,4.56,2.25,Content Writer
STU060084,16,M,class_11,science_pcm,cbse,100.0,41.28,60.41,79.91,2.92,4.37,3.96,4.35,3.72,4.76,2.0,2.1,1.5,1.24,3.75,Mechanical Engineer
STU030067,17,M,class_11,science_pcm,cbse,49.0,77.9,88.42,46.57,3.61,4.07,3.8,4.16,1.89,5.0,4.62,3.61,1.47,3.47,2.49,AI/ML Engineer
STU200009,17,M,class_12,commerce,state,72.14,91.86,58.93,60.24,3.85,3.63,4.22,2.18,4.15,2.49,4.08,2.2,5.0,4.41,3.32,Corporate Lawyer
STU300126,17,F,class_11,arts,ib,58.74,88.51,55.24,69.09,3.83,4.9,2.57,4.32,3.22,3.95,2.51,2.54,2.1,3.57,4.0,Defence Officer (Indian Armed Forces)
STU320129,16,F,class_10,undecided,state,80.51,76.33,62.35,86.0,3.36,4.63,4.82,3.71,3.59,3.68,2.25,1.75,3.22,4.87,3.07,Sports Manager
STU270029,17,O,class_12,undecided,ib,79.5,79.39,35.0,71.62,4.94,4.04,3.96,2.2,3.74,4.2,4.0,4.26,3.39,3.62,2.58,Film Director
STU270079,18,M,undergraduate,arts,icse,51.64,65.64,44.68,87.04,4.74,4.7,3.35,4.71,1.6,3.63,1.58,4.46,2.84,4.43,1.95,Film Director
STU070050,17,F,class_12,science_pcm,cbse,76.06,28.38,83.48,84.52,3.89,4.13,3.54,4.27,2.26,3.67,1.83,3.25,2.14,2.43,4.73,Civil Engineer
STU110039,17,M,class_11,science_pcb,icse,66.58,61.38,81.27,61.93,3.85,4.82,2.24,4.98,2.09,3.54,4.34,1.22,3.46,1.73,2.37,Biomedical Engineer
STU210136,17,O,class_12,arts,icse,63.39,82.75,61.24,50.76,2.81,3.5,2.43,3.95,3.9,2.38,3.4,4.46,3.36,4.36,3.5,Civil Lawyer
STU010020,15,F,class_10,science_pcm,icse,84.75,79.84,82.73,59.75,3.66,3.47,2.9,2.2,1.94,4.44,4.22,3.53,3.55,3.48,3.05,Software Engineer
STU170113,20,M,undergraduate,arts,icse,85.24,55.0,89.68,59.06,3.29,3.87,4.1,3.15,1.2,1.63,2.28,2.66,3.29,3.66,3.05,Digital Marketing Manager
STU270090,15,M,class_9,arts,state,49.91,61.88,55.66,89.27,4.29,2.82,2.4,3.0,3.75,1.79,3.5,5.0,2.3,2.17,1.82,Film Director
STU050069,17,M,class_11,vocational,cbse,91.17,78.23,92.37,70.47,4.17,3.98,1.97,4.1,2.49,1.6,3.92,2.69,1.3,3.28,3.09,Cloud Architect
STU020069,16,F,class_11,science_pcm,state,92.26,72.71,65.0,73.01,4.39,4.14,3.53,3.76,2.28,3.6,4.24,3.71,2.67,1.89,3.79,Data Scientist
STU110093,14,F,class_9,science_pcb,cbse,82.63,61.52,89.06,64.66,4.48,4.11,3.26,3.99,2.86,1.8,3.83,1.2,4.6,3.35,4.23,Biomedical Engineer
STU030139,16,F,class_10,commerce,icse,97.0,79.41,65.85,72.18,3.49,4.0,3.81,3.59,2.01,1.52,3.0,3.51,3.8,4.0,2.11,AI/ML Engineer
STU290070,14,M,class_9,science_pcm,state,84.54,91.26,100.0,76.7,5.0,4.67,4.1,5.0,3.61,4.76,3.98,3.17,4.27,4.22,3.14,IAS Officer
STU260084,14,F,class_9,science_pcm,icse,67.52,83.28,56.08,55.01,3.61,4.82,4.22,3.45,1.62,3.3,3.89,4.64,3.73,3.93,1.44,Journalist
STU210025,17,F,class_11,science_pcm,state,64.42,86.6,53.19,35.43,1.93,3.96,3.89,3.16,2.57,1.98,4.56,2.83,4.14,3.79,2.71,Civil Lawyer
STU230135,16,F,class_11,arts,cbse,68.65,78.68,39.56,63.96,4.72,4.43,3.24,4.21,1.78,1.76,4.0,4.74,1.11,2.05,3.16,Graphic Designer
STU330115,17,M,class_12,science_pcb,icse,58.85,59.8,76.07,77.9,2.26,4.81,4.46,4.26,1.0,4.37,3.61,2.25,1.2,2.53,2.2,Chef / Culinary Arts
STU290102,22,F,undergraduate,science_pcb,cbse,77.29,84.62,92.36,89.98,3.41,4.83,3.08,4.41,3.31,4.58,4.57,2.63,4.79,4.88,2.43,IAS Officer
STU320097,16,M,class_11,undecided,cbse,84.58,76.28,76.61,64.25,4.86,4.27,3.27,3.65,4.28,2.49,3.72,3.93,4.22,3.96,3.15,Sports Manager
STU330133,18,F,class_12,undecided,cbse,88.0,47.41,56.31,92.05,3.76,3.78,4.22,2.17,2.4,3.94,4.5,3.55,2.99,1.97,2.09,Chef / Culinary Arts
STU200034,17,M,class_12,undecided,cbse,81.23,72.78,56.84,45.53,2.92,3.84,3.37,3.8,1.58,3.42,3.35,3.27,4.16,4.76,4.55,Corporate Lawyer
STU060053,21,M,undergraduate,science_pcm,cbse,53.89,41.07,65.42,78.85,2.5,4.79,4.26,3.37,1.75,3.81,3.67,3.38,2.17,4.35,3.76,Mechanical Engineer
STU210134,22,M,undergraduate,undecided,state,66.16,29.75,51.5,42.31,4.68,4.22,3.0,2.02,2.82,2.52,4.44,3.38,3.28,4.28,2.36,Civil Lawyer
STU270022,14,F,class_9,arts,state,69.13,67.8,65.32,77.61,5.0,2.88,2.99,4.49,2.9,2.92,2.55,4.72,2.2,2.53,2.45,Film Director
STU270012,18,F,undergraduate,arts,state,49.08,74.78,74.51,81.79,4.47,2.74,4.9,2.82,4.14,4.43,2.69,5.0,4.68,4.63,1.01,Film Director
STU270036,16,M,class_10,commerce,icse,62.02,80.52,65.2,73.1,4.21,4.48,3.75,3.41,4.17,2.64,1.74,3.9,3.95,1.7,4.35,Film Director
STU040133,18,M,class_12,science_pcm,cbse,95.28,79.25,83.2,76.31,4.13,4.53,3.76,2.35,3.08,4.86,4.32,1.61,2.6,1.77,2.67,Cybersecurity Analyst
STU020054,16,M,class_11,science_pcm,icse,81.4,52.91,89.29,71.74,4.88,3.28,1.73,2.48,1.84,4.71,3.83,3.6,3.17,2.55,3.73,Data Scientist
STU280106,17,M,class_11,science_pcm,cbse,54.76,96.21,51.62,72.54,4.88,2.6,5.0,3.5,3.11,1.46,1.36,3.68,3.91,3.91,1.0,Content Writer
STU240116,15,M,class_10,science_pcm,cbse,76.66,74.21,41.98,99.0,4.82,4.7,1.7,4.36,2.49,1.61,1.58,3.96,3.5,1.62,2.66,Architect
STU070045,17,M,class_12,science_pcm,cbse,76.85,62.99,76.42,82.03,2.76,3.0,3.73,3.66,2.98,4.47,3.51,2.32,3.27,2.57,4.41,Civil Engineer
STU160095,16,M,class_10,commerce,cbse,84.96,78.17,60.33,75.79,4.4,4.87,4.32,4.41,3.02,1.31,2.0,4.3,3.52,4.15,4.19,Management Consultant
STU160020,16,M,class_10,science_pcm,state,60.0,64.53,60.63,49.49,3.43,3.78,4.65,3.2,3.96,3.15,2.76,3.92,4.9,4.13,3.43,Management Consultant
STU340115,15,M,class_9,science_pcm,cbse,88.0,56.29,77.48,86.55,4.27,3.51,2.0,2.1,1.1,1.61,3.99,3.5,2.73,4.5,3.73,Airline Pilot
STU150116,18,M,class_12,commerce,cbse,65.24,67.18,89.72,67.77,2.51,4.41,3.36,3.97,4.1,3.01,3.9,2.37,1.93,4.66,4.12,Investment Banker
STU070065,14,F,class_9,commerce,cbse,73.42,55.17,79.57,78.7,3.03,4.26,2.85,3.28,2.27,4.5,2.0,2.0,2.49,4.6,4.7,Civil Engineer
STU340015,15,F,class_9,commerce,state,62.46,42.26,80.98,80.57,2.58,1.79,2.75,2.19,2.74,3.59,2.0,1.89,2.49,3.9,4.66,Airline Pilot
STU330085,15,M,class_10,commerce,icse,44.95,27.6,67.87,64.13,2.29,3.32,3.52,4.01,1.1,5.0,2.85,4.12,3.35,1.55,1.9,Chef / Culinary Arts
STU100026,17,M,class_11,science_pcb,state,69.93,77.43,62.38,73.88,3.09,4.03,2.29,4.53,2.95,3.6,3.75,3.04,3.76,3.8,2.72,Pharmacist
STU110027,18,F,class_12,commerce,cbse,83.18,78.08,82.28,68.32,3.12,4.19,2.76,4.72,3.55,2.41,4.71,2.37,3.6,2.84,3.16,Biomedical Engineer
STU320028,16,M,class_11,arts,icse,94.0,91.47,65.72,61.25,3.87,4.21,4.53,4.24,1.2,1.66,3.92,3.55,1.78,3.16,3.21,Sports Manager
STU040068,14,M,class_9,science_pcm,icse,81.98,79.58,74.9,59.72,3.69,3.81,3.71,2.38,2.25,3.51,4.68,2.76,2.32,1.82,2.32,Cybersecurity Analyst
STU090056,16,F,class_11,science_pcb,ib,77.05,75.27,95.0,59.05,3.71,4.61,3.21,3.57,1.26,1.8,4.61,2.83,3.54,1.79,2.3,Dentist
STU290150,18,M,class_12,science_pcm,cbse,99.2,51.44,72.45,100.0,3.39,4.99,4.12,4.02,2.75,4.29,3.44,3.02,4.39,4.93,3.47,IAS Officer
STU140013,21,O,undergraduate,commerce,cbse,99.13,82.73,98.87,68.8,4.01,4.56,2.12,3.35,1.85,3.27,3.65,1.42,1.76,3.17,3.87,Chartered Accountant
STU110005,16,M,class_11,science_pcm,cbse,67.87,97.0,87.03,46.87,4.49,2.1,4.5,4.71,4.07,3.43,4.42,1.68,1.16,2.96,3.97,Biomedical Engineer
STU070150,15,F,class_10,science_pcm,cbse,48.0,70.33,62.39,60.0,2.29,3.39,2.46,2.1,3.76,3.5,3.07,4.38,2.67,3.98,4.02,Civil Engineer
STU310013,17,M,class_11,undecided,cbse,70.0,81.22,48.83,79.38,4.65,3.53,4.1,3.37,3.63,4.4,3.41,2.24,4.58,4.69,2.84,Environmental Scientist
STU290072,15,M,class_10,commerce,state,93.02,89.3,28.19,99.73,4.58,2.86,4.75,3.75,1.76,4.21,2.96,3.83,5.0,4.12,2.19,IAS Officer
STU200011,19,F,undergraduate,commerce,cbse,63.33,83.88,80.44,57.01,3.12,3.86,4.42,3.63,1.3,1.88,2.65,2.62,4.2,3.42,4.19,Corporate Lawyer
STU160027,16,M,class_10,commerce,icse,72.84,90.51,69.93,46.3,3.24,4.74,3.49,4.15,3.02,1.47,4.47,2.4,4.24,4.19,2.51,Management Consultant
STU140134,15,F,class_10,commerce,cbse,75.54,62.05,79.48,54.15,2.52,3.88,2.75,3.24,4.69,3.5,3.18,2.33,3.32,3.46,4.48,Chartered Accountant
STU060010,17,F,class_11,science_pcm,icse,71.71,73.7,80.91,94.64,3.53,3.17,4.02,2.3,2.5,4.78,4.81,1.73,2.15,1.92,4.17,Mechanical Engineer
STU190085,17,F,class_11,vocational,state,60.59,75.66,84.62,65.16,3.95,3.1,5.0,2.47,3.53,1.27,4.57,1.2,4.43,4.57,2.15,Entrepreneur
STU150141,18,M,class_12,arts,cbse,45.27,74.97,97.48,48.54,4.16,4.91,2.0,2.74,1.3,3.38,3.95,4.12,1.54,4.71,4.21,Investment Banker
STU020065,22,F,undergraduate,science_pcm,cbse,68.0,49.26,86.82,31.89,1.29,4.74,3.01,3.21,2.69,2.92,3.92,3.09,3.01,3.58,2.63,Data Scientist
STU300072,22,M,undergraduate,commerce,cbse,53.69,61.94,45.0,89.42,3.25,3.23,4.55,4.88,3.56,4.89,3.51,1.79,4.4,2.77,4.8,Defence Officer (Indian Armed Forces)
STU330022,17,F,class_11,vocational,state,64.69,61.08,80.82,73.51,5.0,4.35,2.54,3.34,1.31,2.16,2.96,1.97,3.61,3.15,2.1,Chef / Culinary Arts
STU260025,18,F,undergraduate,arts,icse,61.19,96.07,58.73,65.26,4.19,2.97,4.7,4.57,2.04,1.07,1.4,4.07,4.39,2.1,1.0,Journalist
STU190128,16,F,class_11,commerce,icse,94.0,89.35,55.4,63.21,3.28,4.85,3.62,3.46,2.07,1.86,2.0,3.27,2.2,2.38,2.19,Entrepreneur
STU020047,16,M,class_10,science_pcb,cbse,78.37,52.48,89.48,53.85,4.08,3.41,2.14,4.3,2.69,4.35,4.73,3.56,3.7,1.86,3.97,Data Scientist
STU080077,16,F,class_10,science_pcb,state,74.89,94.02,91.56,24.94,3.14,4.9,2.68,4.0,2.41,2.34,3.07,3.02,4.27,2.24,2.29,Doctor (MBBS)
STU250011,17,M,class_12,arts,state,58.46,87.17,40.25,74.97,4.24,3.85,4.15,3.68,3.88,4.1,2.65,4.33,3.86,2.27,1.02,Fashion Designer
STU090106,15,F,class_9,science_pcb,icse,72.78,81.52,86.97,32.04,3.51,4.34,4.34,5.0,1.86,3.23,4.59,3.7,4.49,2.09,4.3,Dentist
STU060138,17,F,class_11,undecided,state,66.17,68.26,76.59,94.69,2.26,4.07,2.6,2.41,3.45,3.86,3.95,3.66,3.27,3.35,2.91,Mechanical Engineer
STU120089,15,M,class_9,undecided,state,77.01,78.49,85.48,79.1,3.83,4.34,2.86,3.73,2.22,5.0,3.64,3.7,4.82,1.2,1.67,Clinical Psychologist
STU180035,16,F,class_11,science_pcm,cbse,68.55,63.15,70.38,63.86,3.72,3.48,3.2,4.42,3.99,2.62,3.62,2.42,3.66,4.29,2.6,Product Manager
STU040119,15,M,class_10,science_pcm,cbse,83.35,45.0,91.65,70.23,3.57,3.67,1.89,3.64,1.67,2.02,4.72,2.85,2.6,3.13,2.85,Cybersecurity Analyst
STU120098,14,F,class_9,science_pcb,cbse,66.29,78.21,79.94,23.55,3.01,3.6,4.44,3.71,2.43,2.3,3.67,2.11,3.48,2.23,2.15,Clinical Psychologist
STU160074,16,F,class_10,commerce,cbse,77.43,62.27,71.93,83.96,4.3,2.66,3.7,3.48,1.51,2.9,4.41,2.78,4.78,4.33,2.56,Management Consultant
STU010140,22,M,undergraduate,vocational,cbse,73.07,70.15,78.02,54.64,4.53,4.56,1.8,2.42,3.13,3.93,4.04,1.4,3.47,1.9,3.34,Software Engineer
STU180031,16,F,class_10,science_pcm,state,64.15,86.64,76.35,47.0,3.82,4.17,4.76,4.03,2.85,1.55,2.24,3.7,4.28,4.84,2.09,Product Manager
STU250123,14,F,class_9,arts,state,75.34,74.38,49.57,84.24,1.96,4.7,2.41,2.82,3.41,3.59,3.04,4.14,2.79,3.06,1.91,Fashion Designer
STU280063,18,F,class_12,commerce,state,44.92,89.39,35.0,71.3,4.24,2.63,3.62,3.95,3.58,2.84,4.1,3.83,4.19,2.86,1.48,Content Writer
STU040014,17,F,class_12,science_pcm,state,88.41,71.12,89.08,59.98,3.96,3.56,2.77,2.52,1.75,3.55,4.37,2.98,1.3,2.42,3.25,Cybersecurity Analyst
STU320032,16,M,class_11,vocational,icse,85.54,95.0,60.44,76.54,4.64,3.82,4.73,2.2,4.11,2.96,2.44,1.2,3.1,4.23,3.55,Sports Manager
STU040145,17,F,class_11,science_pcm,ib,68.76,54.74,78.93,80.09,4.17,3.94,4.1,3.4,3.06,4.27,3.83,3.8,1.57,2.05,1.27,Cybersecurity Analyst
STU280098,18,M,undergraduate,commerce,icse,68.22,40.26,56.83,68.57,4.98,4.8,4.45,4.68,1.95,2.34,3.76,4.28,4.2,3.19,3.6,Content Writer
STU040001,21,F,undergraduate,science_pcm,icse,81.38,58.34,81.83,58.52,4.51,3.3,2.96,2.48,2.54,3.47,4.11,1.78,2.78,3.28,3.08,Cybersecurity Analyst
STU120074,17,F,class_11,science_pcb,state,62.83,62.68,76.51,56.75,3.68,4.52,3.74,4.81,1.85,3.3,4.02,2.4,4.57,2.46,3.95,Clinical Psychologist
STU310145,22,F,undergraduate,undecided,state,70.0,81.49,94.54,88.28,3.31,4.07,5.0,4.66,2.72,3.92,4.23,2.38,4.2,4.54,3.04,Environmental Scientist
STU330100,22,M,undergraduate,arts,state,83.99,42.48,80.79,92.66,4.5,3.87,3.08,4.17,4.04,4.41,2.37,3.07,1.55,2.67,2.65,Chef / Culinary Arts
STU270098,14,M,class_9,arts,cbse,50.06,48.0,45.47,82.12,3.3,4.16,2.84,3.53,1.48,3.36,1.46,4.46,4.35,3.02,1.18,Film Director
STU290087,16,F,class_10,arts,cbse,72.8,83.98,93.27,74.75,2.92,4.06,4.49,3.81,1.08,3.93,3.51,3.69,4.82,4.12,2.16,IAS Officer
STU130089,17,M,class_12,undecided,cbse,58.62,80.23,67.87,30.71,2.57,4.31,3.59,3.83,2.72,1.52,4.74,3.67,3.87,2.96,2.76,Physiotherapist
STU320004,21,M,undergraduate,arts,cbse,72.24,57.07,55.05,69.05,4.47,4.18,3.36,1.59,4.15,3.01,3.4,3.4,2.31,4.31,2.14,Sports Manager
STU040002,17,F,class_12,science_pcm,icse,90.74,66.96,80.01,47.2,3.77,4.67,3.26,2.95,3.21,2.92,4.0,3.31,1.3,2.39,2.53,Cybersecurity Analyst
STU280064,18,M,class_12,commerce,cbse,64.91,84.94,72.44,59.29,4.48,3.33,3.64,4.19,3.37,1.84,3.24,4.61,3.67,4.4,1.66,Content Writer
STU320022,18,M,class_12,commerce,state,68.85,76.48,57.87,67.66,4.67,4.13,2.57,4.77,4.01,1.76,3.13,4.11,4.55,4.35,2.72,Sports Manager
STU150002,22,F,undergraduate,science_pcm,cbse,64.78,62.81,77.68,56.02,2.92,4.77,4.01,4.4,2.73,2.82,3.01,2.38,3.16,4.45,3.98,Investment Banker
STU320128,15,M,class_10,arts,icse,84.05,95.0,59.47,40.0,3.05,3.9,3.46,2.86,2.86,1.48,4.18,2.64,2.25,3.97,4.25,Sports Manager
STU070100,15,F,class_9,science_pcm,state,55.68,59.01,66.46,62.87,4.35,3.06,4.6,4.4,1.76,4.44,2.64,1.72,3.23,4.03,2.45,Civil Engineer
STU330048,17,M,class_11,vocational,state,60.61,46.78,54.42,87.51,4.49,3.99,2.56,3.1,1.65,4.6,2.97,4.14,4.11,3.34,2.66,Chef / Culinary Arts
STU200080,16,M,class_11,arts,cbse,96.0,79.16,61.67,80.82,3.07,3.93,4.59,1.87,1.94,1.48,4.5,2.3,3.1,3.83,4.9,Corporate Lawyer
STU020043,21,M,undergraduate,science_pcm,state,74.11,57.83,77.15,65.03,4.9,2.42,4.78,4.14,3.26,3.11,4.36,3.9,3.4,2.94,2.71,Data Scientist
STU270007,17,F,class_11,arts,state,60.72,49.55,62.89,77.06,5.0,2.71,3.92,2.97,3.48,1.85,2.89,4.32,3.91,2.49,3.47,Film Director
STU290068,15,M,class_10,science_pcm,icse,26.47,74.56,72.93,81.48,4.78,4.18,1.38,3.93,2.99,4.86,1.35,4.03,3.84,3.52,3.65,IAS Officer
STU170144,16,M,class_10,undecided,icse,78.38,95.0,81.08,71.73,4.12,4.83,2.09,4.8,1.45,3.24,3.97,1.2,3.58,4.0,2.47,Digital Marketing Manager
STU290119,17,M,class_12,arts,cbse,70.0,89.75,77.16,70.18,4.72,4.48,4.66,3.74,2.79,3.89,4.39,3.45,4.7,4.46,4.34,IAS Officer
STU310017,16,M,class_11,undecided,state,83.23,86.99,67.03,80.08,4.62,1.25,3.74,4.63,1.82,4.44,2.88,3.61,4.12,4.34,2.63,Environmental Scientist
STU150008,17,M,class_11,science_pcm,cbse,69.42,77.46,38.35,55.14,4.5,4.02,4.46,3.1,1.81,3.15,3.86,2.71,3.52,3.84,3.4,Investment Banker
STU180113,16,F,class_10,commerce,icse,78.02,62.86,66.44,42.19,3.21,4.6,4.59,2.91,3.31,3.78,4.31,2.18,3.38,4.89,3.15,Product Manager
STU140114,17,F,class_12,commerce,state,87.5,60.53,63.86,71.33,3.43,3.38,4.59,2.48,2.09,2.08,3.65,2.57,2.66,4.33,3.99,Chartered Accountant
STU170024,16,M,class_11,commerce,icse,86.4,87.31,53.76,73.58,4.42,4.24,2.34,4.63,2.04,3.3,2.73,2.02,1.03,2.91,2.37,Digital Marketing Manager
STU250021,18,F,undergraduate,arts,cbse,51.58,86.92,58.41,70.37,4.11,2.3,2.85,1.0,3.42,3.77,2.92,4.63,4.79,4.62,1.82,Fashion Designer
STU290081,16,M,class_10,arts,state,70.86,97.96,98.34,94.3,3.38,4.85,3.4,3.1,1.54,3.03,3.86,2.34,4.84,4.03,2.38,IAS Officer
STU170135,19,M,undergraduate,commerce,icse,77.1,39.25,79.03,41.32,3.93,3.67,4.2,4.8,4.05,2.81,4.62,1.2,3.02,5.0,3.87,Digital Marketing Manager
STU200050,19,M,undergraduate,arts,cbse,63.0,78.51,90.0,68.14,3.29,3.79,4.2,3.72,3.37,3.6,3.47,2.71,1.52,4.15,4.27,Corporate Lawyer
STU210104,18,F,class_12,commerce,cbse,91.38,89.91,80.61,53.31,3.14,4.99,4.17,4.34,2.34,3.12,3.21,2.16,3.36,4.62,4.31,Civil Lawyer
STU130073,17,M,class_11,science_pcb,icse,53.83,89.4,63.53,52.1,4.24,4.03,3.56,4.83,2.01,3.96,4.6,3.23,3.84,3.5,4.11,Physiotherapist
STU310077,16,M,class_11,undecided,cbse,69.51,81.36,99.0,88.64,3.15,4.45,4.4,4.59,3.78,3.82,4.09,2.37,1.88,3.79,2.93,Environmental Scientist
STU320043,15,F,class_10,arts,cbse,68.03,95.0,59.79,66.24,4.42,4.48,3.2,3.95,1.84,1.9,4.7,4.0,3.97,4.2,3.92,Sports Manager
STU340066,17,M,class_12,science_pcm,cbse,58.34,66.01,62.05,90.45,3.57,3.23,4.0,2.13,1.68,5.0,3.38,2.19,1.53,3.09,4.45,Airline Pilot
STU020042,22,F,undergraduate,arts,cbse,89.2,45.0,92.85,71.18,3.31,4.01,2.39,1.0,2.65,5.0,4.37,1.79,3.66,3.49,3.55,Data Scientist
STU220013,17,F,class_12,arts,state,53.29,82.45,48.45,91.25,5.0,3.82,2.81,2.62,2.2,2.96,3.35,4.24,3.29,3.66,2.89,UX/UI Designer
STU130004,16,F,class_11,science_pcm,cbse,71.2,72.51,84.7,45.0,2.89,4.03,4.33,4.32,2.14,3.51,4.62,2.28,4.28,3.8,1.75,Physiotherapist
STU280040,19,M,undergraduate,vocational,cbse,48.59,78.71,25.18,36.7,4.19,4.1,3.92,3.84,3.81,1.83,1.93,3.49,4.84,5.0,3.63,Content Writer
STU200058,17,F,class_12,undecided,ib,81.55,83.84,86.93,39.57,4.13,3.33,2.29,2.78,3.35,1.66,2.66,2.99,2.8,5.0,1.55,Corporate Lawyer
STU090082,19,F,undergraduate,science_pcb,cbse,72.48,61.29,95.0,69.48,2.63,4.79,4.21,3.5,3.37,4.7,4.73,3.04,3.88,3.03,3.51,Dentist
STU180066,16,F,class_11,vocational,cbse,68.68,86.9,57.51,41.2,3.48,4.88,3.89,4.35,1.8,2.11,2.86,3.58,3.35,3.78,5.0,Product Manager
STU120065,21,F,undergraduate,arts,state,74.41,78.22,95.0,74.58,3.51,3.45,3.32,4.5,2.83,2.5,4.54,3.07,3.49,3.04,1.72,Clinical Psychologist
STU290095,15,F,class_9,science_pcb,state,100.0,91.32,88.53,86.46,3.4,4.0,4.37,4.46,2.42,2.78,3.5,2.75,4.22,4.39,2.84,IAS Officer
STU260056,22,M,undergraduate,arts,state,63.68,94.77,40.22,49.63,4.07,3.11,3.7,4.01,3.4,2.14,1.81,5.0,4.91,2.51,1.39,Journalist
STU200031,17,M,class_12,commerce,cbse,95.17,100.0,90.0,58.18,3.35,1.87,3.46,2.7,2.97,3.5,4.1,3.51,4.86,4.71,4.38,Corporate Lawyer
STU270100,21,M,undergraduate,science_pcm,cbse,100.0,93.72,45.95,71.5,4.83,3.16,3.05,2.99,4.5,2.78,1.41,4.61,4.96,4.23,3.81,Film Director
STU030013,16,F,class_11,undecided,cbse,86.86,78.81,83.39,90.0,3.57,3.28,1.8,2.23,2.07,4.67,4.14,3.29,2.34,2.02,3.43,AI/ML Engineer
STU340019,16,F,class_11,science_pcm,cbse,66.5,70.12,65.0,64.49,2.26,3.43,2.23,3.4,1.63,3.73,2.45,2.65,4.82,3.4,3.24,Airline Pilot
STU020017,16,M,class_11,science_pcm,cbse,93.12,54.7,98.0,73.3,4.39,4.17,3.32,3.11,1.93,4.42,3.9,3.62,3.44,1.75,3.61,Data Scientist
STU240014,17,M,class_12,arts,state,75.63,36.9,58.45,87.42,4.65,2.83,1.02,3.42,1.64,1.2,3.98,4.5,4.45,2.94,1.85,Architect
STU290122,17,M,class_11,commerce,cbse,70.0,100.0,75.59,50.51,3.56,4.2,4.38,3.73,1.97,3.55,4.11,1.61,4.91,4.01,2.44,IAS Officer
STU070125,16,M,class_10,science_pcm,cbse,85.04,41.75,45.0,88.44,3.89,4.48,3.32,2.51,1.97,4.69,3.05,3.23,2.15,2.1,2.32,Civil Engineer
STU140143,16,M,class_10,commerce,cbse,84.99,55.24,92.52,79.72,4.5,3.61,4.42,4.23,3.99,2.44,3.3,3.5,1.91,3.98,4.26,Chartered Accountant
STU150145,14,F,class_9,commerce,cbse,96.0,54.0,74.64,76.34,2.07,5.0,3.52,2.12,2.71,1.45,3.97,1.48,1.63,4.22,4.41,Investment Banker
STU160092,20,M,undergraduate,science_pcm,cbse,91.73,73.41,80.78,52.73,4.34,4.3,3.8,2.9,2.14,3.8,2.78,2.31,4.85,4.25,4.86,Management Consultant
STU150111,18,F,class_12,commerce,state,76.06,86.85,92.85,50.55,3.35,4.56,3.35,3.13,1.3,2.44,3.21,2.44,2.07,3.62,2.74,Investment Banker
STU140131,20,F,undergraduate,commerce,cbse,73.53,34.05,84.93,100.0,4.68,3.5,2.53,3.87,2.68,3.57,4.55,1.44,1.94,4.22,4.76,Chartered Accountant
STU290027,17,F,class_12,undecided,icse,74.95,100.0,71.63,93.83,4.54,4.2,5.0,3.62,2.55,2.71,3.06,3.16,4.52,4.57,3.23,IAS Officer
STU290115,22,M,undergraduate,commerce,cbse,94.29,80.79,83.09,85.99,4.91,4.0,3.13,3.84,3.69,2.75,4.11,1.94,4.61,3.83,2.88,IAS Officer
STU320110,22,M,undergraduate,arts,icse,88.21,65.02,60.7,37.02,4.26,3.97,4.41,3.47,3.93,3.26,2.41,2.45,2.29,4.4,3.35,Sports Manager
STU240064,18,F,class_12,science_pcm,state,66.75,58.81,69.2,62.0,4.6,3.77,3.19,3.37,1.4,3.04,3.25,4.7,2.79,4.61,2.53,Architect
STU020003,15,M,class_10,science_pcm,icse,80.2,81.43,91.37,58.86,3.31,3.74,3.3,2.82,2.77,2.7,4.43,4.34,2.76,3.33,3.25,Data Scientist
STU240047,18,M,class_12,commerce,cbse,37.07,72.15,80.37,94.32,3.79,3.22,3.07,2.34,2.51,4.81,1.98,4.59,3.9,1.7,2.06,Architect
STU320135,17,M,class_12,arts,state,94.0,74.41,60.4,71.66,3.42,3.84,4.0,2.93,3.73,3.04,3.39,2.02,2.25,3.47,4.7,Sports Manager
STU140146,19,M,undergraduate,commerce,cbse,91.99,66.22,75.35,63.16,3.25,3.89,4.59,3.69,4.1,1.4,2.62,3.48,3.83,3.54,5.0,Chartered Accountant
STU260047,20,M,undergraduate,arts,cbse,61.98,93.38,43.95,56.34,4.44,4.71,1.0,4.3,2.8,2.73,1.64,4.82,4.69,3.19,4.83,Journalist
STU100138,16,O,class_10,science_pcm,cbse,91.54,73.44,91.0,59.86,3.46,3.4,2.93,4.95,3.22,2.28,5.0,1.5,4.89,3.38,3.16,Pharmacist
STU120080,19,F,undergraduate,science_pcb,cbse,65.88,76.94,89.97,69.53,2.62,4.54,2.27,4.25,3.49,3.36,2.67,1.92,4.87,3.01,1.78,Clinical Psychologist
STU200139,22,F,undergraduate,commerce,state,79.32,86.95,60.99,68.48,3.67,4.27,3.24,4.05,3.08,3.35,2.94,4.0,3.88,3.43,2.73,Corporate Lawyer
STU100012,17,F,class_12,undecided,state,55.29,63.64,80.63,65.94,4.41,4.81,2.75,4.51,3.3,3.31,4.18,2.82,4.06,1.95,1.77,Pharmacist
STU330121,18,M,class_12,undecided,icse,87.95,54.02,74.48,73.15,3.31,4.52,2.58,2.52,1.66,3.95,3.3,3.51,1.6,3.23,1.8,Chef / Culinary Arts
STU250093,17,M,class_12,commerce,icse,14.96,82.78,36.57,75.42,4.61,3.9,3.77,3.3,1.9,1.92,2.08,4.59,4.99,3.18,1.0,Fashion Designer
STU240032,19,M,undergraduate,arts,state,54.79,86.92,61.84,74.54,4.28,2.45,4.22,3.1,3.44,3.87,2.7,3.94,4.27,4.23,1.36,Architect
STU010032,15,F,class_9,undecided,state,75.42,82.0,66.31,69.35,3.4,4.58,4.1,3.03,3.27,3.33,3.84,4.64,2.39,3.15,3.28,Software Engineer
STU070038,20,F,undergraduate,science_pcm,cbse,53.74,76.31,58.45,82.45,3.43,3.97,3.83,2.49,4.2,4.85,3.21,2.04,1.64,4.35,3.1,Civil Engineer
STU180134,17,M,class_11,commerce,icse,94.0,88.79,71.7,79.03,2.79,3.76,4.84,2.99,3.0,3.13,2.2,1.2,2.27,4.75,2.61,Product Manager
STU060003,21,O,undergraduate,vocational,icse,48.0,57.61,48.11,71.14,2.69,4.11,3.64,4.21,1.1,3.65,4.05,3.36,2.11,3.07,3.66,Mechanical Engineer
STU090011,22,F,undergraduate,science_pcb,cbse,61.44,66.28,73.88,57.03,3.45,4.95,3.76,4.45,3.27,3.07,4.77,3.14,3.87,1.59,5.0,Dentist
STU030010,22,F,undergraduate,vocational,cbse,91.06,79.96,88.77,59.52,4.27,4.31,1.0,4.15,1.55,4.2,4.36,2.92,3.02,3.11,1.0,AI/ML Engineer
STU180006,20,M,undergraduate,science_pcm,cbse,60.0,61.05,62.46,76.59,3.15,4.42,3.97,3.62,1.9,2.99,2.46,1.2,4.32,1.42,2.0,Product Manager
STU110054,17,F,class_12,science_pcb,state,83.34,67.12,64.09,73.47,3.11,2.44,3.23,4.65,1.42,2.95,3.97,1.91,4.32,3.69,1.88,Biomedical Engineer
STU220108,17,F,class_12,commerce,icse,46.75,74.81,41.2,76.95,4.07,3.75,3.99,2.52,2.41,3.56,3.3,4.82,5.0,2.18,2.92,UX/UI Designer
STU220015,22,F,undergraduate,arts,cbse,56.33,60.46,41.35,91.57,4.55,3.73,3.9,4.27,4.3,1.2,3.58,4.36,4.55,2.63,1.0,UX/UI Designer
STU040046,16,O,class_11,undecided,cbse,27.33,79.68,79.44,67.42,2.55,4.49,3.28,4.17,1.58,3.58,4.61,3.61,1.83,1.74,4.18,Cybersecurity Analyst
STU020056,22,M,undergraduate,commerce,state,68.24,51.42,81.8,66.55,4.01,3.56,2.8,4.3,2.19,3.95,4.46,3.27,3.26,3.16,2.41,Data Scientist
STU080086,18,F,undergraduate,science_pcb,cbse,43.71,78.56,96.7,59.95,4.57,4.0,3.37,2.69,1.2,2.83,2.2,2.02,4.19,2.34,4.3,Doctor (MBBS)
STU190088,20,M,undergraduate,arts,ib,77.39,89.34,44.27,49.39,4.49,3.22,3.62,3.46,2.92,2.64,2.56,4.21,3.9,4.42,2.24,Entrepreneur
STU240056,16,F,class_11,science_pcm,cbse,42.0,69.59,41.67,93.72,4.55,2.3,2.93,1.09,1.4,2.06,3.02,4.45,3.6,2.97,2.39,Architect
STU270099,21,F,undergraduate,arts,cbse,79.41,91.7,61.88,73.28,3.73,4.32,3.27,3.31,1.4,2.28,3.49,4.01,4.63,3.79,1.08,Film Director
STU030006,20,M,undergraduate,science_pcm,state,79.84,45.0,77.43,53.87,4.25,4.21,4.09,2.64,2.89,4.62,1.85,1.94,1.3,1.38,3.22,AI/ML Engineer
STU270061,15,F,class_9,arts,state,55.86,62.91,35.0,64.07,4.72,2.42,3.79,3.18,2.26,4.2,2.76,4.67,4.0,2.92,3.5,Film Director
STU130113,20,M,undergraduate,science_pcb,cbse,69.89,89.93,72.49,31.57,4.99,3.55,3.86,4.24,3.9,3.65,4.04,1.64,4.91,2.97,4.21,Physiotherapist
STU080012,17,F,class_12,science_pcb,cbse,70.3,69.86,79.5,48.15,2.64,3.4,2.27,3.93,2.47,1.89,4.29,2.99,4.45,3.74,3.29,Doctor (MBBS)
STU060094,21,F,undergraduate,science_pcm,icse,73.36,45.99,55.45,61.61,3.71,3.69,2.96,2.87,2.58,3.9,2.15,3.83,3.27,4.14,3.31,Mechanical Engineer
STU270020,16,F,class_11,science_pcm,icse,46.61,90.74,35.0,25.64,4.57,3.87,3.36,4.8,2.89,1.2,2.42,4.47,3.73,3.4,1.7,Film Director
STU160097,19,F,undergraduate,science_pcm,state,84.76,59.03,54.0,44.89,3.61,4.51,3.48,3.73,2.26,1.37,3.62,2.96,2.47,3.4,2.51,Management Consultant
STU020062,19,M,undergraduate,science_pcm,icse,71.73,48.88,86.12,53.48,4.38,3.9,2.45,2.2,3.11,3.04,4.61,5.0,3.8,3.19,3.81,Data Scientist
STU080059,18,M,class_12,science_pcb,state,84.01,89.75,77.52,70.85,3.62,4.12,4.24,3.75,2.12,4.12,4.17,3.7,3.81,3.56,3.73,Doctor (MBBS)
STU260129,17,M,class_12,arts,cbse,78.68,93.04,62.98,53.03,3.65,4.52,3.19,3.86,4.4,3.54,1.4,5.0,5.0,3.38,3.05,Journalist
STU050080,15,M,class_10,science_pcm,cbse,85.76,45.98,85.96,74.01,4.05,4.8,2.71,2.7,2.9,4.03,3.74,3.45,3.42,3.63,2.2,Cloud Architect
STU040116,19,F,undergraduate,science_pcm,cbse,84.9,51.43,80.67,91.44,3.15,3.47,3.23,2.39,1.43,3.99,3.93,1.52,3.33,3.59,3.69,Cybersecurity Analyst
STU090005,22,F,undergraduate,vocational,state,66.79,97.0,92.1,64.07,4.37,4.4,2.85,4.06,3.85,1.86,4.75,1.6,4.89,2.68,3.21,Dentist
STU300001,17,M,class_12,science_pcm,cbse,75.57,35.0,65.4,73.87,3.16,3.62,3.8,2.12,2.63,3.87,4.36,3.7,1.25,4.27,3.88,Defence Officer (Indian Armed Forces)
STU050081,18,F,class_12,undecided,cbse,77.74,51.48,66.36,56.34,3.37,3.55,1.39,4.11,2.56,4.16,4.5,2.68,1.3,1.21,2.84,Cloud Architect
STU020031,20,F,undergraduate,science_pcm,state,83.72,82.0,79.91,63.79,3.72,3.71,3.5,3.92,1.56,3.19,4.15,1.85,2.09,2.31,2.61,Data Scientist
STU200141,18,F,class_12,commerce,state,84.5,72.79,54.25,72.69,3.38,3.31,3.25,3.26,2.57,3.09,3.33,1.5,1.45,3.0,3.5,Corporate Lawyer
STU230110,22,M,undergraduate,commerce,cbse,56.95,71.65,46.09,64.44,3.97,2.66,4.54,4.32,3.97,1.69,3.49,4.73,4.69,2.79,2.56,Graphic Designer
STU170014,17,M,class_12,undecided,icse,60.74,66.34,88.86,64.61,3.84,4.43,3.82,2.71,3.44,4.36,3.23,1.2,1.49,3.4,3.56,Digital Marketing Manager
STU300123,14,F,class_9,arts,ib,59.16,48.09,60.94,89.98,3.44,3.63,4.57,3.67,2.86,3.78,2.68,2.33,2.39,1.54,3.47,Defence Officer (Indian Armed Forces)
STU020129,21,M,undergraduate,science_pcm,cbse,89.24,61.95,65.0,52.9,3.1,3.86,2.87,3.08,2.48,5.0,3.91,2.29,1.3,2.57,2.03,Data Scientist
STU080143,15,F,class_9,science_pcb,cbse,92.0,75.05,65.0,57.08,1.0,3.99,4.25,1.0,2.93,3.09,4.09,1.2,4.38,3.42,4.0,Doctor (MBBS)
STU100022,16,F,class_10,vocational,cbse,76.1,65.89,84.8,47.16,4.6,4.49,2.69,3.5,1.48,4.06,4.85,2.67,4.36,2.3,2.38,Pharmacist
STU030133,16,M,class_10,commerce,cbse,77.63,72.79,81.58,59.29,3.82,4.54,2.23,2.35,3.36,3.69,4.07,3.23,2.33,2.37,1.7,AI/ML Engineer
STU020140,21,M,undergraduate,science_pcm,ib,92.49,86.7,75.29,78.71,3.74,4.8,1.92,2.75,1.86,4.86,3.6,2.95,2.36,3.61,1.7,Data Scientist
STU070128,15,F,class_9,science_pcm,state,61.24,86.47,75.56,83.67,3.76,3.0,3.85,3.35,1.22,5.0,2.31,3.96,2.44,2.14,1.99,Civil Engineer
STU040086,19,M,undergraduate,science_pcm,cbse,68.0,69.51,75.74,68.88,3.61,3.13,2.69,3.99,2.86,4.59,4.56,2.28,3.53,2.93,1.86,Cybersecurity Analyst
STU300095,17,F,class_11,science_pcm,state,53.11,76.49,41.7,66.62,4.46,4.77,2.57,2.69,1.82,5.0,2.77,3.39,1.43,3.15,2.2,Defence Officer (Indian Armed Forces)
STU020039,17,F,class_12,science_pcm,icse,84.19,79.78,66.34,67.22,3.06,4.76,2.89,4.05,1.54,2.9,4.62,2.51,2.87,2.57,3.36,Data Scientist
STU310069,15,F,class_9,science_pcb,state,84.94,93.08,74.08,79.8,3.46,4.82,4.99,4.98,1.02,3.49,3.35,4.79,4.0,4.48,3.48,Environmental Scientist
STU280039,16,F,class_11,arts,cbse,49.04,95.82,60.7,68.7,4.08,3.71,4.87,3.3,3.77,2.56,2.72,3.85,4.08,2.18,3.37,Content Writer
STU090062,18,M,class_12,science_pcb,cbse,92.0,88.82,90.35,45.0,4.49,3.6,2.6,4.86,2.97,1.8,3.51,1.87,3.46,2.09,3.48,Dentist
STU020121,18,M,class_12,science_pcm,icse,88.71,60.72,44.69,65.71,3.44,4.31,1.97,3.3,3.48,2.83,2.84,2.9,2.36,3.19,1.7,Data Scientist
STU340050,17,O,class_11,commerce,ib,87.54,47.16,86.1,71.02,2.83,3.26,2.56,4.81,4.2,4.2,4.89,1.3,3.26,1.62,4.02,Airline Pilot
STU280120,20,O,undergraduate,arts,cbse,81.14,74.89,78.29,81.16,3.76,3.45,5.0,4.63,3.75,3.08,2.84,4.21,4.83,2.1,1.06,Content Writer
STU320140,16,M,class_11,commerce,state,67.09,91.99,82.66,86.0,4.83,4.41,4.87,4.55,2.41,1.98,4.7,1.25,2.2,5.0,2.0,Sports Manager
STU260108,20,M,undergraduate,commerce,cbse,73.23,90.3,62.03,82.62,3.8,4.8,3.5,3.22,4.32,1.11,3.55,3.55,4.2,2.13,3.76,Journalist
STU010112,18,F,class_12,science_pcm,icse,94.77,71.43,91.95,36.67,3.95,2.3,4.1,3.58,2.76,4.75,3.72,2.85,1.46,2.83,3.88,Software Engineer
STU080121,18,M,undergraduate,undecided,icse,90.79,86.78,84.72,47.13,2.84,3.34,4.04,4.54,1.81,3.97,4.88,1.94,4.98,2.28,3.5,Doctor (MBBS)
STU220100,17,O,class_11,science_pcm,cbse,84.0,56.24,49.0,96.78,4.35,4.01,2.44,3.38,3.29,1.38,3.29,4.16,2.43,4.41,2.18,UX/UI Designer
STU020071,21,M,undergraduate,science_pcb,cbse,83.72,69.04,89.41,79.95,4.7,1.99,2.87,4.28,2.6,4.83,4.14,2.47,2.87,3.04,2.23,Data Scientist
STU100076,22,M,undergraduate,science_pcb,cbse,87.85,66.65,91.24,68.32,4.04,4.67,4.11,4.37,3.62,1.97,5.0,1.7,4.76,3.55,1.99,Pharmacist
STU050028,20,M,undergraduate,science_pcb,cbse,80.95,80.73,84.6,73.91,4.11,4.52,1.96,3.51,3.7,4.38,3.84,2.37,2.96,3.35,1.7,Cloud Architect
STU320076,15,M,class_9,arts,cbse,59.74,83.43,63.04,81.15,3.86,2.69,3.84,3.61,3.95,2.57,2.17,3.38,1.68,3.89,3.19,Sports Manager
STU240055,18,M,undergraduate,arts,icse,57.45,69.95,62.2,74.54,4.13,3.61,3.88,4.17,3.28,1.23,3.07,4.5,5.0,4.49,1.64,Architect
STU170121,17,M,class_11,undecided,cbse,73.74,93.19,62.91,83.24,4.39,3.14,3.51,2.28,1.88,1.94,3.21,1.16,4.08,3.57,4.18,Digital Marketing Manager
STU060041,20,M,undergraduate,science_pcm,state,85.61,75.6,77.58,73.81,2.0,2.55,3.13,2.83,1.92,4.34,3.41,1.97,3.86,4.44,1.8,Mechanical Engineer
STU140144,18,F,undergraduate,science_pcm,cbse,93.4,68.63,75.73,44.18,4.5,4.9,2.72,3.46,1.3,2.53,3.09,2.51,1.4,4.0,4.66,Chartered Accountant
STU040012,15,F,class_9,commerce,state,89.53,70.46,87.97,83.86,1.86,3.5,3.92,3.23,3.06,4.66,4.11,1.52,3.24,3.11,4.2,Cybersecurity Analyst
STU310129,17,M,class_12,science_pcm,cbse,72.56,84.68,89.14,98.0,3.35,5.0,3.0,1.74,2.16,2.03,3.27,3.02,4.19,3.74,2.1,Environmental Scientist
STU040102,17,F,class_11,science_pcm,icse,77.11,82.0,90.07,66.39,3.98,3.49,3.43,3.28,3.05,3.29,3.95,3.0,3.8,3.42,3.91,Cybersecurity Analyst
STU140075,20,F,undergraduate,commerce,state,87.95,83.6,85.62,55.32,2.65,4.35,3.14,3.64,3.24,2.63,3.2,1.55,2.74,3.1,3.5,Chartered Accountant
STU330129,16,F,class_10,arts,state,51.85,43.19,56.51,68.64,2.0,4.88,1.55,3.82,4.29,4.36,2.65,2.44,3.38,1.57,2.99,Chef / Culinary Arts
STU020049,18,M,class_12,science_pcm,cbse,70.8,53.68,74.86,61.13,4.67,4.02,4.1,3.18,2.95,3.59,3.67,3.47,5.0,2.81,1.7,Data Scientist
STU180149,18,M,class_12,science_pcm,state,60.06,60.23,58.87,68.54,4.32,4.09,3.56,4.37,1.75,3.05,4.26,3.89,1.67,3.55,3.35,Product Manager
STU120135,20,F,undergraduate,arts,icse,64.38,88.77,91.61,64.32,3.3,4.19,3.94,3.77,2.79,1.8,4.41,1.37,4.29,4.3,3.29,Clinical Psychologist
STU030103,16,M,class_10,science_pcm,cbse,81.56,58.43,87.68,63.69,4.79,3.88,1.8,2.64,3.45,4.5,1.43,2.09,1.37,2.13,3.49,AI/ML Engineer
STU220044,21,M,undergraduate,science_pcm,icse,78.37,52.84,49.77,73.66,4.0,3.2,3.27,4.57,2.17,2.93,2.22,4.49,2.65,3.84,2.08,UX/UI Designer
STU150125,17,F,class_12,science_pcm,cbse,68.4,75.56,88.6,85.8,4.5,3.51,2.6,3.61,2.88,2.91,3.26,2.98,2.67,3.25,1.55,Investment Banker
STU330062,16,F,class_11,commerce,cbse,83.38,43.78,23.64,71.77,2.4,3.7,3.66,3.2,2.37,4.09,3.68,2.94,4.33,2.42,4.34,Chef / Culinary Arts
STU150019,20,F,undergraduate,science_pcm,cbse,71.34,54.09,85.5,43.6,3.32,3.87,3.53,3.68,1.91,2.53,4.8,3.09,2.66,2.87,4.59,Investment Banker
STU120140,16,M,class_10,undecided,cbse,89.37,74.03,93.5,45.0,3.3,4.27,3.6,3.8,2.16,2.88,5.0,2.39,4.57,3.54,2.56,Clinical Psychologist
STU330042,18,F,undergraduate,commerce,cbse,70.19,50.55,78.23,81.31,3.13,4.65,3.99,2.86,2.82,4.72,3.96,3.06,4.4,4.08,1.0,Chef / Culinary Arts
STU050051,15,M,class_9,science_pcm,state,73.65,63.64,63.0,90.0,3.09,3.7,2.84,3.01,3.6,3.94,1.53,1.49,2.85,2.89,2.91,Cloud Architect
STU050109,18,F,class_12,undecided,icse,76.33,63.23,75.21,56.88,3.52,3.78,2.97,3.03,2.72,2.74,5.0,3.13,2.89,1.6,3.27,Cloud Architect
STU150022,18,M,class_12,science_pcm,cbse,70.77,65.5,99.0,74.55,2.93,3.5,2.89,4.4,3.92,1.2,1.34,2.66,2.41,3.83,4.72,Investment Banker
STU310006,16,F,class_10,science_pcm,cbse,91.46,95.31,70.0,90.47,4.53,3.04,3.96,4.21,1.53,2.42,3.57,1.07,4.9,4.53,4.79,Environmental Scientist
STU110042,17,F,class_12,science_pcb,icse,77.18,83.57,90.68,59.97,3.1,4.2,3.98,4.15,1.46,4.16,4.08,2.57,4.37,1.66,4.24,Biomedical Engineer
STU280114,22,F,undergraduate,arts,icse,37.41,74.96,61.22,35.0,4.56,4.11,5.0,4.09,2.13,4.12,2.1,5.0,3.74,2.35,2.13,Content Writer
STU210086,15,M,class_9,undecided,cbse,75.62,74.76,66.38,41.41,3.83,4.18,2.97,3.7,1.37,1.79,2.98,1.7,3.24,3.87,3.87,Civil Lawyer
STU300059,20,M,undergraduate,arts,ib,53.6,70.3,49.35,82.89,4.08,3.89,5.0,4.7,2.46,4.7,2.35,2.56,2.77,4.07,3.72,Defence Officer (Indian Armed Forces)
STU030015,14,F,class_9,undecided,icse,73.58,70.38,94.85,84.62,4.58,3.67,2.5,2.83,3.63,4.05,3.91,3.53,2.65,2.64,3.93,AI/ML Engineer
STU110127,16,M,class_11,undecided,icse,92.0,70.71,79.34,74.73,2.63,3.52,2.42,4.56,1.82,2.59,4.64,2.81,4.38,3.4,1.76,Biomedical Engineer
STU310068,16,F,class_10,science_pcm,icse,90.24,96.36,74.91,48.19,4.28,4.41,3.72,4.96,1.36,2.94,4.3,2.05,4.2,5.0,3.91,Environmental Scientist
STU010114,18,M,class_12,science_pcm,cbse,78.75,67.48,79.2,58.55,2.26,4.4,2.17,2.83,1.32,4.38,3.32,2.66,2.06,4.0,2.28,Software Engineer
STU070061,17,F,class_11,science_pcm,cbse,88.0,78.0,57.8,98.0,4.16,1.76,1.56,2.1,3.05,4.97,2.34,3.6,2.03,1.88,4.29,Civil Engineer
STU210040,17,F,class_12,commerce,state,44.09,88.74,68.92,58.08,3.01,4.62,3.14,4.15,3.82,1.3,4.52,1.51,3.89,3.11,4.19,Civil Lawyer
STU220061,22,M,undergraduate,undecided,cbse,79.82,73.32,69.55,84.96,4.94,2.91,4.9,3.88,4.28,2.37,1.72,4.33,3.67,2.91,1.96,UX/UI Designer
STU120092,17,M,class_12,arts,state,74.62,58.0,83.4,45.44,4.41,2.05,2.2,3.72,2.22,2.41,4.02,3.34,4.47,3.43,3.62,Clinical Psychologist
STU240020,22,M,undergraduate,arts,state,62.41,82.79,48.36,62.0,4.1,3.35,4.58,2.45,3.28,1.9,2.83,4.12,4.73,1.77,2.24,Architect
STU340150,18,F,class_12,science_pcm,state,66.8,39.86,61.72,94.1,3.71,4.02,2.77,3.69,4.38,4.92,2.68,3.27,1.72,4.6,3.99,Airline Pilot
STU290025,19,M,undergraduate,arts,cbse,70.0,48.16,92.71,97.05,3.16,4.99,4.38,3.83,2.49,3.43,3.67,2.71,4.42,3.5,2.08,IAS Officer
STU230040,21,F,undergraduate,arts,state,70.81,87.41,48.75,71.76,4.67,3.42,2.59,4.21,2.19,1.59,3.12,3.97,2.43,1.98,3.78,Graphic Designer
STU090094,20,M,undergraduate,undecided,state,84.65,62.85,75.06,71.0,3.21,3.8,2.57,4.39,3.9,1.95,3.84,3.19,3.4,1.18,3.63,Dentist
STU240114,22,F,undergraduate,science_pcm,cbse,58.51,63.23,61.7,89.91,4.06,3.04,4.47,2.2,2.52,2.27,1.88,4.9,3.87,2.21,3.4,Architect
STU310122,16,M,class_11,science_pcb,state,81.39,71.83,95.49,81.78,4.01,4.73,3.0,3.63,1.4,2.12,2.86,4.1,4.14,5.0,4.12,Environmental Scientist
STU130146,15,M,class_10,science_pcb,icse,81.71,75.09,71.57,85.0,3.65,3.4,3.0,4.51,2.7,2.15,4.9,1.96,4.58,3.1,1.63,Physiotherapist
STU230080,18,F,class_12,commerce,state,66.43,62.09,64.52,65.29,3.63,2.3,2.82,2.65,3.27,3.93,2.84,4.4,5.0,2.39,2.88,Graphic Designer
STU220004,15,M,class_9,science_pcm,cbse,65.51,62.89,66.71,81.18,4.15,4.42,2.4,4.42,2.83,1.72,2.4,4.0,3.2,1.98,5.0,UX/UI Designer
STU030027,18,F,class_12,science_pcm,cbse,75.76,50.71,70.21,64.61,2.68,3.56,3.13,3.21,3.7,4.57,4.77,3.35,3.8,2.4,3.84,AI/ML Engineer
STU050005,22,M,undergraduate,science_pcm,cbse,69.06,68.38,96.19,74.33,3.32,4.2,2.98,3.5,2.37,3.15,4.7,3.26,3.19,3.75,2.45,Cloud Architect
STU290078,15,M,class_9,undecided,cbse,87.95,86.08,76.8,84.69,4.88,5.0,4.1,3.65,1.46,3.57,2.8,2.89,4.0,4.08,4.8,IAS Officer
STU270004,16,M,class_10,arts,state,43.49,71.63,31.06,72.26,4.63,2.69,4.13,2.2,1.4,1.82,1.59,4.22,4.3,3.25,3.5,Film Director
STU180139,19,F,undergraduate,undecided,cbse,69.17,88.24,54.0,80.59,2.46,3.48,3.99,4.8,2.19,2.22,3.89,3.59,3.39,4.6,3.79,Product Manager
STU130147,16,F,class_11,science_pcb,ib,80.28,88.65,75.62,76.9,3.3,3.4,4.12,4.27,3.9,3.19,3.85,2.76,3.91,2.14,3.9,Physiotherapist
STU100071,17,M,class_11,science_pcb,state,73.29,86.69,60.31,76.23,3.31,4.4,2.97,2.5,2.35,2.15,4.75,1.2,4.29,3.09,4.82,Pharmacist
STU200137,16,F,class_11,arts,ib,89.29,93.5,72.54,35.0,2.88,4.43,3.27,2.57,3.54,1.36,3.62,2.43,4.54,4.28,3.46,Corporate Lawyer
STU150045,16,F,class_11,science_pcm,cbse,78.2,72.39,91.99,56.9,2.2,4.34,3.97,3.72,1.43,3.39,4.68,2.27,1.4,4.91,4.96,Investment Banker
STU270103,17,F,class_12,undecided,cbse,58.57,54.2,44.74,62.0,4.64,3.04,4.51,2.63,2.75,2.42,2.43,4.11,5.0,3.47,1.45,Film Director
STU290059,19,F,undergraduate,arts,cbse,84.57,70.33,87.4,84.5,4.45,4.79,3.54,1.0,3.4,2.39,5.0,3.45,4.99,4.39,1.3,IAS Officer
STU130034,20,M,undergraduate,science_pcm,cbse,72.0,84.41,91.49,73.38,3.56,1.21,2.22,3.94,2.78,3.96,4.77,4.81,3.52,2.08,1.85,Physiotherapist
STU120096,21,M,undergraduate,vocational,state,81.88,84.37,16.76,61.46,4.78,3.82,3.89,4.87,3.52,2.63,4.98,1.93,4.38,2.35,1.82,Clinical Psychologist
STU060040,19,M,undergraduate,science_pcm,icse,48.0,70.5,68.23,85.89,2.44,3.6,3.73,2.62,3.97,4.86,2.46,2.47,4.26,2.09,3.94,Mechanical Engineer
STU220072,22,F,undergraduate,commerce,state,84.0,79.38,66.8,74.27,4.51,1.0,2.02,2.76,2.49,1.54,2.75,3.39,3.17,4.37,2.65,UX/UI Designer
STU150018,21,M,undergraduate,commerce,cbse,74.45,68.5,93.38,52.42,3.46,4.41,4.03,2.89,1.3,3.07,4.53,1.83,4.0,3.74,4.64,Investment Banker
STU110101,18,F,class_12,science_pcb,icse,89.65,97.77,82.91,82.03,3.7,4.98,3.55,4.78,2.68,2.33,4.31,2.58,4.45,3.22,1.35,Biomedical Engineer
STU060122,18,M,class_12,science_pcm,cbse,81.84,27.81,56.17,78.85,3.24,4.9,2.42,3.88,2.99,5.0,4.5,2.73,4.22,1.5,4.8,Mechanical Engineer
STU130019,21,F,undergraduate,science_pcb,cbse,55.46,90.59,71.77,78.09,4.6,4.76,2.2,3.73,3.86,2.8,4.16,1.45,3.62,3.42,3.25,Physiotherapist
STU220114,18,M,class_12,science_pcm,icse,61.79,71.74,64.0,73.3,4.43,3.72,2.85,3.95,3.44,1.44,2.28,4.33,2.34,2.94,2.3,UX/UI Designer
STU250050,15,F,class_10,arts,state,70.52,60.28,61.48,91.27,4.45,3.54,3.91,4.14,3.17,2.06,1.42,4.95,4.34,3.88,2.88,Fashion Designer
STU010074,19,M,undergraduate,vocational,cbse,86.2,79.32,87.12,67.21,4.19,3.36,2.35,2.41,2.27,4.22,4.6,3.9,3.13,2.09,2.82,Software Engineer
STU130079,17,F,class_11,science_pcb,cbse,68.94,66.39,64.53,85.0,3.12,4.36,3.19,3.8,1.5,2.63,5.0,2.71,4.5,3.07,3.39,Physiotherapist
STU110020,20,F,undergraduate,science_pcm,state,56.2,85.71,64.38,46.81,3.6,4.54,4.5,4.0,2.93,2.3,3.5,2.41,3.89,3.07,2.56,Biomedical Engineer
STU100088,18,F,class_12,science_pcm,icse,84.59,65.63,72.52,68.01,2.51,4.36,2.7,4.31,1.62,3.14,3.53,1.0,3.46,2.02,2.54,Pharmacist
STU210146,16,F,class_11,commerce,ib,91.38,90.83,65.96,48.43,4.03,1.88,4.55,2.1,2.84,2.61,3.57,1.97,3.84,1.35,2.2,Civil Lawyer
STU010093,16,F,class_10,science_pcm,cbse,59.92,65.98,84.48,52.0,3.0,4.28,3.42,3.0,3.7,4.39,4.68,2.81,2.4,3.7,3.31,Software Engineer
STU320019,14,F,class_9,undecided,state,62.13,75.92,81.86,85.76,2.8,3.57,4.26,3.32,3.89,3.13,1.83,3.82,3.44,4.59,2.0,Sports Manager
STU270077,17,F,class_11,arts,icse,79.9,55.92,73.19,95.09,4.71,3.45,3.68,2.32,1.75,3.7,2.3,4.06,4.58,3.53,1.33,Film Director
STU230051,18,M,class_12,arts,state,49.75,63.75,57.09,74.85,5.0,3.27,2.67,4.67,4.1,1.37,2.63,4.05,3.75,4.29,1.95,Graphic Designer
STU210014,19,M,undergraduate,commerce,cbse,91.99,100.0,52.92,68.04,3.95,3.94,2.57,2.62,2.66,3.39,4.26,2.62,3.41,4.31,4.4,Civil Lawyer
STU160072,17,M,class_12,commerce,state,75.79,77.4,90.33,72.94,2.8,4.27,4.46,3.23,3.73,3.41,2.86,4.19,2.87,4.32,3.74,Management Consultant
STU040045,14,M,class_9,vocational,state,95.46,60.35,83.66,90.0,1.55,3.91,3.25,2.46,2.54,4.77,4.38,4.31,1.39,3.44,3.18,Cybersecurity Analyst
STU220125,17,M,class_12,science_pcm,cbse,80.02,79.67,78.53,90.02,4.77,2.3,4.9,4.36,4.22,3.43,3.56,4.02,3.0,1.97,1.7,UX/UI Designer
STU200033,18,M,undergraduate,arts,state,85.11,89.55,75.6,53.74,4.11,3.6,2.44,2.42,2.27,2.27,4.63,4.42,4.14,2.88,4.24,Corporate Lawyer
STU140067,22,F,undergraduate,commerce,cbse,80.59,81.61,68.08,56.54,3.5,2.67,2.55,3.78,3.74,3.01,3.2,2.27,2.18,1.33,4.82,Chartered Accountant
STU080115,15,O,class_10,science_pcb,cbse,81.15,89.82,84.86,57.96,2.92,4.44,2.58,4.58,3.19,2.37,4.03,3.04,3.42,1.99,4.3,Doctor (MBBS)
STU190103,14,M,class_9,science_pcm,state,72.97,77.53,63.73,51.92,2.9,4.73,4.42,3.67,3.08,2.78,4.57,2.41,4.38,3.57,4.21,Entrepreneur
STU090071,21,F,undergraduate,science_pcb,cbse,64.48,94.66,68.9,79.74,3.44,4.42,3.5,3.91,3.19,3.34,4.41,1.46,3.67,3.18,2.59,Dentist
STU190050,17,F,class_12,undecided,cbse,60.0,82.47,65.12,78.69,4.11,3.75,3.95,3.22,1.2,3.17,4.1,1.72,2.88,3.16,2.4,Entrepreneur
STU270096,15,F,class_10,arts,ib,56.35,89.06,65.41,82.5,4.29,3.18,4.45,2.72,2.28,3.84,3.99,2.77,3.48,1.71,2.22,Film Director
STU160019,16,F,class_11,commerce,ib,77.88,70.43,75.47,56.64,2.84,4.06,3.71,3.66,4.09,1.23,2.58,3.07,4.57,4.65,3.8,Management Consultant
STU310005,19,M,undergraduate,arts,cbse,42.26,79.57,99.0,95.94,4.99,4.26,1.33,3.35,3.65,2.91,1.0,4.04,4.8,3.5,4.15,Environmental Scientist
STU050019,17,F,class_12,science_pcm,icse,68.0,73.45,75.85,84.38,4.18,4.49,3.32,2.2,2.81,3.62,3.9,1.47,1.48,3.2,4.07,Cloud Architect
STU140015,18,F,class_12,commerce,state,83.31,58.41,94.51,74.44,3.61,3.5,3.63,2.46,3.55,2.66,4.76,3.37,1.91,5.0,3.86,Chartered Accountant
STU240040,17,M,class_12,science_pcm,state,42.0,91.99,62.35,83.51,3.72,2.44,3.8,4.37,1.97,2.32,2.88,4.71,4.34,4.38,2.78,Architect
STU120072,14,F,class_9,undecided,state,73.87,58.0,90.4,80.19,3.88,3.85,3.22,4.41,1.7,3.64,4.97,3.23,3.86,3.66,3.59,Clinical Psychologist
STU320122,18,F,class_12,science_pcb,icse,64.93,92.29,54.0,63.54,4.27,3.21,3.52,3.43,1.2,1.2,5.0,1.61,3.97,4.08,4.22,Sports Manager
STU220124,22,M,undergraduate,arts,cbse,59.82,72.35,72.18,77.53,4.96,5.0,2.42,4.8,4.5,1.27,1.19,4.73,4.08,3.08,2.32,UX/UI Designer
STU170057,21,F,undergraduate,commerce,icse,67.88,67.25,80.43,46.02,3.55,4.47,3.97,4.23,3.6,1.78,4.64,1.78,4.65,5.0,2.89,Digital Marketing Manager
STU240110,18,M,undergraduate,arts,state,49.0,78.79,54.44,97.66,4.43,2.84,3.47,4.18,1.67,2.07,3.04,4.2,2.66,1.78,3.69,Architect
STU060120,19,M,undergraduate,science_pcm,cbse,88.0,78.0,48.92,85.2,2.0,4.12,2.39,4.26,1.35,4.33,2.28,4.5,4.36,2.93,2.08,Mechanical Engineer
STU190134,16,M,class_11,commerce,cbse,78.24,57.59,77.04,40.0,3.22,3.79,3.24,2.2,3.57,3.68,3.01,3.4,2.2,3.71,3.28,Entrepreneur
STU070143,17,M,class_12,undecided,ib,86.88,78.0,70.0,82.65,3.87,4.1,3.24,3.55,2.33,3.63,4.48,1.91,4.11,1.5,4.42,Civil Engineer
STU100107,17,M,class_12,science_pcb,cbse,90.96,97.0,62.0,77.84,2.83,4.13,3.42,2.07,1.23,2.17,3.97,2.92,4.05,3.48,2.24,Pharmacist
STU030057,15,F,class_10,science_pcm,state,69.38,79.65,92.76,75.9,4.73,4.48,2.16,2.3,1.66,4.51,3.95,3.9,3.08,2.18,2.6,AI/ML Engineer
STU080113,17,M,class_12,science_pcb,state,80.98,100.0,85.89,78.66,2.5,3.4,3.69,4.5,2.06,2.02,3.86,4.52,3.54,1.83,2.98,Doctor (MBBS)
STU270136,17,M,class_11,arts,cbse,57.65,89.08,48.52,83.93,3.7,2.8,3.73,1.39,5.0,1.46,2.2,4.82,3.75,2.44,2.29,Film Director
STU160028,17,M,class_11,arts,cbse,75.45,63.41,82.7,53.61,4.79,1.03,4.74,4.29,1.2,1.64,3.0,1.67,2.74,4.75,4.7,Management Consultant
STU260095,17,F,class_11,arts,icse,65.24,78.25,42.22,64.13,4.74,4.58,4.41,3.26,3.62,2.52,1.2,3.87,4.68,4.44,3.19,Journalist
STU120118,16,M,class_10,arts,cbse,77.68,84.58,74.22,52.09,2.5,4.67,2.77,1.53,2.64,2.9,3.18,4.58,4.12,3.08,3.16,Clinical Psychologist
STU130092,19,M,undergraduate,science_pcm,icse,91.79,94.41,87.47,77.98,1.0,4.13,4.1,4.95,2.14,2.15,4.05,1.87,3.68,2.55,2.26,Physiotherapist
STU330068,15,F,class_9,science_pcm,icse,88.0,56.83,75.46,60.0,4.27,4.43,2.0,2.76,3.52,4.46,2.46,4.19,4.74,4.01,4.21,Chef / Culinary Arts
STU270120,21,F,undergraduate,arts,cbse,60.3,49.2,67.4,66.97,4.85,4.38,3.31,4.33,1.67,1.0,3.31,3.8,4.36,2.6,2.79,Film Director
STU260051,19,M,undergraduate,arts,icse,80.2,94.91,60.18,35.0,4.08,4.32,3.61,4.53,2.65,3.31,3.17,3.76,3.79,1.73,3.43,Journalist
STU090146,20,M,undergraduate,undecided,state,60.97,71.36,75.21,80.63,3.28,3.76,4.42,4.93,1.26,2.79,4.56,2.1,4.08,3.06,2.32,Dentist
STU260045,18,F,class_12,commerce,cbse,42.58,94.87,66.68,20.85,4.21,4.07,3.73,3.09,3.04,1.06,3.41,3.8,3.6,2.38,2.16,Journalist
STU030033,18,F,undergraduate,science_pcm,icse,75.77,77.26,73.65,71.14,4.3,4.18,3.55,3.35,2.42,3.61,4.27,3.58,1.97,3.56,4.2,AI/ML Engineer
STU330123,17,F,class_12,vocational,cbse,59.89,56.23,33.3,87.4,2.65,3.36,3.83,3.32,1.18,1.46,3.3,3.22,2.11,4.36,2.8,Chef / Culinary Arts
STU200007,22,M,undergraduate,arts,cbse,69.58,82.32,60.61,77.94,2.7,4.13,3.56,2.24,2.99,3.0,2.66,2.62,4.27,3.0,4.17,Corporate Lawyer
STU120068,18,F,class_12,science_pcm,cbse,58.48,71.92,73.41,84.9,3.94,4.68,2.9,4.8,3.05,2.05,4.35,2.44,1.94,2.08,2.56,Clinical Psychologist
STU090059,16,M,class_11,commerce,cbse,62.08,84.92,95.0,45.0,4.44,3.6,2.2,4.28,3.36,3.12,4.28,1.61,3.71,2.09,3.96,Dentist
STU260080,22,F,undergraduate,arts,state,77.21,84.4,51.82,63.91,4.53,3.77,4.22,4.93,1.61,1.57,3.9,4.75,3.91,3.21,1.0,Journalist
STU160049,18,M,class_12,science_pcm,cbse,68.01,85.92,84.29,75.99,3.51,3.52,4.16,4.46,2.68,3.21,1.06,3.6,4.52,4.16,2.93,Management Consultant
STU080067,22,M,undergraduate,science_pcb,cbse,86.09,60.0,65.0,34.72,4.41,4.76,2.92,3.75,3.06,3.2,4.37,3.27,3.69,2.37,2.84,Doctor (MBBS)
STU210132,17,M,class_11,undecided,cbse,75.13,76.77,75.55,57.1,3.13,3.36,3.42,4.02,4.12,1.52,3.34,3.64,4.25,4.72,1.56,Civil Lawyer
STU250109,18,F,undergraduate,commerce,state,69.48,75.3,67.54,91.76,4.54,3.27,2.96,4.16,3.86,1.78,1.58,4.23,4.69,2.08,1.86,Fashion Designer
STU290080,18,F,class_12,commerce,icse,71.73,45.74,84.77,81.12,5.0,4.7,4.68,4.69,2.5,2.62,3.35,1.83,4.69,4.77,4.62,IAS Officer
STU340065,17,M,class_12,science_pcm,state,51.34,40.53,63.33,88.24,2.6,3.23,3.43,3.34,1.74,4.06,3.41,3.55,4.02,1.9,3.04,Airline Pilot
STU230112,19,M,undergraduate,arts,cbse,70.67,52.2,52.68,94.25,4.81,3.42,3.22,3.5,4.6,1.04,4.49,4.62,2.45,1.97,1.76,Graphic Designer
STU340030,16,M,class_11,science_pcm,icse,100.0,78.0,55.41,80.58,3.0,3.9,2.78,3.32,4.2,4.38,4.5,3.24,4.01,4.36,4.7,Airline Pilot
STU030146,16,M,class_11,undecided,cbse,88.83,62.15,69.85,74.03,4.39,3.26,3.56,3.13,2.49,4.18,4.06,3.11,1.53,3.14,1.55,AI/ML Engineer
STU320007,16,M,class_10,arts,cbse,83.36,83.39,72.45,78.48,3.23,4.02,4.45,4.44,1.94,3.8,2.76,1.66,2.56,4.21,2.52,Sports Manager
STU130119,14,M,class_9,science_pcb,state,84.71,91.75,78.33,69.83,3.06,4.61,3.9,4.56,1.23,2.3,3.68,3.11,4.73,2.69,2.89,Physiotherapist
STU040003,18,M,class_12,undecided,cbse,80.04,57.51,92.32,65.25,4.7,4.17,3.72,2.73,1.78,3.65,4.72,2.6,3.41,2.17,1.7,Cybersecurity Analyst
STU270041,18,F,class_12,arts,cbse,78.85,48.0,47.17,64.12,5.0,2.94,3.51,4.8,3.92,1.68,3.68,4.07,2.3,4.21,1.6,Film Director
STU310027,17,M,class_12,undecided,icse,82.83,70.0,89.87,77.97,3.36,4.01,2.91,4.54,1.92,2.61,2.8,1.38,1.88,4.97,2.1,Environmental Scientist
STU320042,15,M,class_9,commerce,cbse,60.0,82.44,58.77,57.67,4.61,3.1,4.1,3.02,4.15,3.59,2.0,4.28,1.17,4.24,2.9,Sports Manager
STU010015,16,F,class_10,undecided,icse,100.0,72.95,69.12,86.39,3.14,4.05,2.05,3.45,2.65,3.0,3.82,1.61,1.52,2.07,1.84,Software Engineer
STU330084,18,M,class_12,science_pcm,cbse,86.04,73.26,90.0,80.94,3.33,3.0,2.34,4.26,2.92,3.51,4.19,3.09,2.23,2.48,3.24,Chef / Culinary Arts
STU070046,20,F,undergraduate,science_pcm,icse,77.85,53.79,82.39,74.18,3.95,4.79,3.35,2.75,3.89,3.77,3.26,3.31,3.49,3.79,1.8,Civil Engineer
STU020098,17,M,class_12,science_pcm,cbse,97.0,57.88,80.74,52.0,3.65,3.65,2.07,4.28,1.87,4.58,4.41,2.52,2.91,2.58,3.76,Data Scientist
STU330049,22,F,undergraduate,vocational,cbse,62.29,76.5,47.66,78.81,3.2,3.21,2.08,3.56,1.42,4.92,2.41,3.09,3.68,2.4,4.8,Chef / Culinary Arts
STU030061,22,F,undergraduate,science_pcm,icse,92.13,86.51,87.18,61.78,3.43,3.32,2.89,4.46,2.4,4.35,1.56,1.58,2.33,2.0,3.32,AI/ML Engineer
STU320103,22,F,undergraduate,arts,icse,89.49,23.77,81.75,55.67,3.61,5.0,3.97,4.0,4.02,3.0,3.86,3.1,2.4,4.13,2.09,Sports Manager
STU120003,16,F,class_10,science_pcb,state,61.62,67.79,89.0,81.12,2.5,4.16,3.0,4.85,3.64,3.07,4.75,3.7,4.06,2.75,2.98,Clinical Psychologist
STU240118,17,M,class_11,science_pcm,state,45.14,54.6,59.15,99.0,4.51,2.38,3.08,3.52,1.4,1.62,3.63,4.14,4.95,4.65,3.23,Architect
STU160150,18,F,undergraduate,science_pcm,cbse,60.0,62.45,63.06,71.33,4.03,3.1,3.92,4.76,3.01,1.2,4.48,3.74,3.39,4.74,2.48,Management Consultant
STU270131,18,M,undergraduate,science_pcm,icse,57.28,67.97,58.32,78.76,3.99,4.53,2.78,3.63,2.13,2.13,2.31,3.8,2.59,4.46,3.26,Film Director
STU230014,17,M,class_12,arts,cbse,45.78,81.77,46.71,67.28,4.3,2.09,3.98,4.31,4.21,2.0,2.47,3.97,4.02,2.19,2.23,Graphic Designer
STU130075,17,M,class_11,science_pcm,cbse,79.2,96.65,67.21,47.11,3.56,4.19,2.96,3.67,3.4,2.39,4.17,3.34,4.26,2.89,3.44,Physiotherapist
STU260142,18,M,class_12,arts,cbse,53.65,79.26,78.13,85.0,3.78,4.78,4.31,3.5,1.72,1.31,2.57,4.76,3.55,3.58,3.58,Journalist
STU100085,20,F,undergraduate,science_pcb,state,30.85,85.41,67.45,45.0,2.5,3.74,4.19,4.51,2.78,3.05,4.44,1.78,4.7,3.16,3.35,Pharmacist
STU340034,18,M,class_12,undecided,state,76.48,60.81,89.19,60.0,3.45,4.03,2.55,2.31,3.45,4.78,3.0,1.64,3.67,3.6,4.54,Airline Pilot
STU200128,21,F,undergraduate,undecided,cbse,78.77,81.67,81.42,78.63,3.92,1.25,2.79,3.1,2.71,3.5,4.9,1.93,4.11,4.68,2.2,Corporate Lawyer
STU040041,18,M,class_12,science_pcm,state,83.49,66.47,86.29,66.55,3.03,4.05,3.83,2.43,3.22,4.78,4.39,2.65,2.31,2.92,1.38,Cybersecurity Analyst
STU060113,21,M,undergraduate,vocational,state,85.71,52.3,83.05,62.72,2.6,4.15,2.14,3.65,3.31,4.36,2.71,3.66,3.9,1.5,2.9,Mechanical Engineer
STU290039,18,M,undergraduate,commerce,state,98.89,69.58,81.15,81.62,3.55,4.08,4.04,4.19,1.81,4.5,4.84,1.5,4.73,2.48,3.25,IAS Officer
STU160056,19,M,undergraduate,commerce,icse,63.21,62.62,58.23,75.96,3.66,3.3,4.22,3.19,1.73,1.82,3.34,3.72,1.0,3.89,3.14,Management Consultant
STU230056,22,M,undergraduate,science_pcm,icse,70.1,72.45,43.94,62.0,4.23,2.42,4.25,4.09,3.13,3.18,2.38,4.18,4.05,1.7,1.0,Graphic Designer
STU170148,22,F,undergraduate,arts,state,73.96,85.39,60.46,70.13,4.87,3.86,4.76,4.28,1.77,1.2,2.71,4.19,3.87,3.42,3.08,Digital Marketing Manager
STU120090,16,F,class_11,undecided,state,80.93,54.59,94.47,81.0,3.1,3.73,4.5,2.54,2.09,2.11,1.57,2.05,4.39,3.25,4.02,Clinical Psychologist
STU170087,15,M,class_9,commerce,cbse,80.63,84.04,81.67,75.84,4.33,4.27,5.0,3.64,4.11,1.2,4.11,2.46,4.49,4.26,2.91,Digital Marketing Manager
STU040057,17,O,class_11,science_pcm,cbse,80.82,59.3,91.84,86.84,3.97,3.49,3.67,2.91,2.91,3.45,4.78,3.28,1.3,2.45,4.2,Cybersecurity Analyst
STU210138,14,F,class_9,arts,cbse,84.78,74.13,47.65,72.56,3.76,3.4,1.4,3.28,2.14,3.36,2.94,2.59,4.29,3.68,4.12,Civil Lawyer
STU010026,17,F,class_11,vocational,cbse,72.94,65.64,77.15,73.67,4.17,3.1,3.07,3.02,3.18,3.21,4.02,1.83,2.73,3.43,2.69,Software Engineer
STU270117,22,M,undergraduate,arts,state,78.87,96.0,65.32,76.14,3.34,4.21,3.07,4.09,4.31,1.92,1.47,4.38,4.43,2.89,1.0,Film Director
STU090023,18,M,class_12,science_pcb,cbse,92.0,78.64,65.43,51.1,4.42,4.19,3.68,4.21,1.5,3.22,4.34,1.52,4.29,3.8,2.19,Dentist
STU080064,17,M,class_11,undecided,cbse,55.0,88.12,85.8,80.45,2.97,3.4,2.47,4.85,1.26,2.38,3.83,1.06,4.57,1.94,3.89,Doctor (MBBS)
STU140096,17,F,class_11,commerce,cbse,78.64,67.82,88.82,72.65,2.93,4.08,2.69,3.24,1.3,3.02,2.6,3.38,3.61,3.91,4.83,Chartered Accountant
STU280113,15,M,class_10,arts,cbse,90.9,71.27,65.29,35.0,3.83,3.74,4.37,3.16,2.12,2.45,1.24,3.2,4.43,2.75,3.8,Content Writer
STU330096,15,M,class_9,vocational,state,59.95,41.8,75.29,89.73,2.74,4.24,4.56,3.03,1.1,3.98,2.07,1.3,4.21,1.5,3.74,Chef / Culinary Arts
STU320119,15,M,class_9,science_pcm,cbse,88.23,88.98,60.52,54.28,4.87,4.11,3.36,2.2,1.3,1.2,3.12,3.44,4.22,4.34,3.47,Sports Manager
STU210102,17,M,class_12,commerce,state,90.54,86.87,23.62,45.82,3.84,5.0,4.41,2.24,2.11,3.5,4.5,4.8,4.71,1.54,3.82,Civil Lawyer
STU030134,16,M,class_11,science_pcm,icse,81.48,72.86,93.02,83.77,4.2,3.98,2.91,4.05,1.72,3.67,4.58,3.79,1.74,2.95,2.58,AI/ML Engineer
STU150054,21,M,undergraduate,commerce,cbse,86.34,64.64,90.09,60.43,2.48,4.13,2.6,2.1,2.51,2.84,2.82,2.52,2.61,3.81,3.6,Investment Banker
STU220150,15,F,class_9,arts,icse,47.99,96.78,71.24,78.5,4.1,3.87,2.85,3.53,2.67,3.85,2.6,4.03,4.63,2.47,2.25,UX/UI Designer
STU320059,20,M,undergraduate,undecided,state,72.52,52.74,70.76,54.17,4.43,4.58,3.9,4.31,4.2,2.82,2.53,1.51,4.45,3.77,3.33,Sports Manager
STU340112,16,F,class_11,science_pcm,state,62.06,47.17,82.32,78.27,3.23,4.17,4.36,2.81,3.76,4.86,4.21,2.48,1.2,3.16,2.05,Airline Pilot
STU130144,17,F,class_11,science_pcb,state,64.39,73.38,25.13,49.18,1.7,4.11,3.15,3.9,3.9,3.64,4.56,2.27,4.7,1.28,4.3,Physiotherapist
STU230008,17,F,class_12,science_pcm,cbse,55.3,72.1,79.88,95.53,3.95,4.46,3.36,3.48,2.72,4.53,1.81,4.39,4.04,5.0,3.5,Graphic Designer
STU290114,15,M,class_10,arts,cbse,77.25,32.03,92.04,100.0,4.77,3.77,4.29,3.34,3.05,3.92,3.33,3.31,3.93,4.12,2.1,IAS Officer
STU110006,18,M,undergraduate,science_pcm,cbse,64.01,84.07,56.02,54.69,2.69,4.25,3.17,3.78,1.82,3.89,2.85,3.35,3.61,2.0,1.63,Biomedical Engineer
STU270124,18,F,class_12,arts,cbse,78.11,84.42,69.2,99.0,5.0,2.73,3.95,4.19,3.58,3.7,3.59,4.04,2.81,2.35,3.29,Film Director
STU080053,18,M,class_12,science_pcb,state,59.74,77.77,88.18,78.56,3.94,4.58,3.01,4.96,3.76,3.12,1.02,2.3,4.43,1.96,2.13,Doctor (MBBS)
STU190028,18,F,undergraduate,science_pcm,icse,66.91,82.87,69.27,75.98,2.8,3.46,2.47,3.68,3.42,2.02,3.39,3.21,2.89,4.16,2.74,Entrepreneur
STU120120,19,F,undergraduate,arts,cbse,59.12,62.35,70.54,46.64,4.05,2.34,2.47,4.61,1.74,3.17,4.16,3.53,3.88,2.45,1.79,Clinical Psychologist
STU150128,17,F,class_12,science_pcb,state,85.21,65.84,94.77,58.41,3.14,3.54,5.0,2.82,3.6,3.8,4.8,1.33,3.38,3.82,3.89,Investment Banker
STU270111,18,M,undergraduate,arts,icse,71.41,73.7,37.79,78.13,4.77,3.23,4.9,4.54,1.49,2.85,2.75,1.61,3.9,4.0,4.39,Film Director
STU020007,17,M,class_12,undecided,cbse,86.61,82.0,77.26,74.05,4.9,2.64,3.74,3.9,2.38,3.44,3.96,2.02,1.47,3.11,2.24,Data Scientist
STU210113,18,M,class_12,undecided,icse,65.08,100.0,45.0,35.0,3.73,3.75,4.27,3.58,1.92,3.23,1.47,3.73,3.81,5.0,2.48,Civil Lawyer
STU170018,17,F,class_12,science_pcm,icse,87.86,70.76,63.67,49.46,4.21,4.23,4.7,2.2,2.15,3.67,3.04,1.88,2.81,3.94,3.64,Digital Marketing Manager
STU050016,17,O,class_11,science_pcm,state,86.46,59.91,73.33,68.03,1.3,4.19,3.74,2.26,2.52,3.93,4.32,2.22,3.38,3.0,3.22,Cloud Architect
STU050044,16,M,class_11,vocational,state,96.53,72.74,86.27,90.0,3.97,3.1,2.4,2.2,3.04,3.82,4.48,1.56,2.05,2.64,2.39,Cloud Architect
STU250002,22,M,undergraduate,arts,icse,72.0,60.69,64.45,96.23,4.55,3.69,2.91,3.09,2.94,3.72,3.95,4.67,2.7,3.7,2.06,Fashion Designer
STU120106,22,M,undergraduate,arts,state,20.08,68.46,61.57,52.43,4.6,3.4,2.41,3.09,3.9,2.31,4.58,1.58,3.76,3.39,3.87,Clinical Psychologist
STU080019,22,O,undergraduate,science_pcb,cbse,89.48,98.28,78.56,60.63,1.55,3.57,4.5,3.95,1.2,2.93,4.2,2.25,4.72,2.04,3.95,Doctor (MBBS)
STU260043,17,M,class_11,arts,icse,63.68,94.87,70.05,68.59,4.7,4.04,4.53,4.25,1.85,1.89,1.77,3.5,4.88,3.52,1.0,Journalist
STU190058,15,M,class_10,undecided,cbse,88.96,49.46,48.0,56.59,2.8,3.39,5.0,2.67,3.04,1.95,3.73,1.2,2.85,5.0,2.52,Entrepreneur
STU290128,19,M,undergraduate,science_pcm,state,93.8,94.13,76.7,75.98,4.33,4.0,3.0,4.02,2.02,3.35,4.49,3.6,1.78,4.44,2.98,IAS Officer
STU270027,19,F,undergraduate,undecided,cbse,67.28,48.0,72.54,54.98,5.0,2.5,3.52,2.2,4.31,2.86,2.24,3.87,3.12,1.97,3.19,Film Director
STU030031,18,M,undergraduate,science_pcm,cbse,92.63,82.0,88.25,85.06,4.3,3.5,2.43,2.36,3.7,4.29,3.91,2.54,2.92,1.63,3.06,AI/ML Engineer
STU260140,17,M,class_11,science_pcm,icse,76.22,96.64,36.57,84.84,3.5,4.79,4.47,4.62,4.6,1.33,1.49,4.1,4.4,2.1,3.68,Journalist
STU190059,20,F,undergraduate,science_pcm,cbse,81.88,85.91,54.0,76.76,2.85,3.09,1.67,2.91,2.94,3.56,3.83,2.25,3.0,3.99,3.56,Entrepreneur
STU330109,15,M,class_10,vocational,cbse,73.56,56.47,61.36,76.53,4.31,3.16,3.91,3.24,1.96,3.92,3.72,3.26,2.76,1.5,3.73,Chef / Culinary Arts
STU050023,17,F,class_12,science_pcm,icse,79.45,64.13,91.51,49.7,3.87,3.13,3.8,2.43,1.75,4.47,4.11,1.94,1.78,1.65,3.39,Cloud Architect
STU330144,17,M,class_12,arts,cbse,69.23,69.48,90.0,91.59,3.68,3.72,3.03,3.82,1.32,1.97,3.97,4.41,2.35,3.06,2.15,Chef / Culinary Arts
STU170023,15,F,class_9,undecided,cbse,67.91,89.67,75.77,40.97,4.57,4.51,3.2,3.95,1.78,1.4,2.95,1.78,4.47,4.8,2.77,Digital Marketing Manager
STU240119,14,F,class_9,science_pcm,state,63.55,96.0,41.67,67.7,4.49,2.39,4.08,4.47,1.86,4.2,3.49,3.27,3.96,3.0,1.08,Architect
STU260093,17,M,class_12,arts,ib,79.87,75.22,49.32,49.95,3.74,4.19,4.24,4.3,4.1,1.71,3.5,4.39,3.68,3.99,2.4,Journalist
STU140108,15,F,class_9,commerce,state,91.32,75.78,89.49,42.15,3.17,4.71,4.46,4.15,4.1,3.13,3.99,2.93,2.15,3.58,4.47,Chartered Accountant
STU290020,18,F,class_12,arts,cbse,74.3,82.74,96.96,98.81,4.15,4.01,3.31,3.9,1.91,3.2,1.99,3.66,3.25,4.33,4.55,IAS Officer
STU290106,14,F,class_9,science_pcm,state,35.21,70.0,95.02,85.52,4.4,4.36,3.0,3.13,2.32,2.73,2.8,3.87,4.75,4.37,3.5,IAS Officer
STU060006,16,M,class_10,science_pcm,cbse,78.5,66.44,45.0,60.0,3.85,4.64,4.07,3.69,1.23,3.69,3.58,2.93,4.33,2.21,4.72,Mechanical Engineer
STU040069,17,O,class_11,science_pcm,icse,77.99,71.24,72.08,79.71,4.59,4.8,3.67,4.3,3.72,3.4,4.09,3.06,2.65,2.76,3.73,Cybersecurity Analyst
STU270071,18,M,undergraduate,arts,cbse,64.53,48.0,96.56,72.13,4.2,2.74,3.39,3.31,3.38,2.52,2.02,4.24,4.01,1.74,2.79,Film Director
STU010033,16,M,class_10,science_pcm,state,48.5,68.15,84.4,66.05,3.03,4.8,3.05,2.68,1.89,3.83,4.38,3.22,3.54,1.74,3.33,Software Engineer
STU340072,18,F,class_12,commerce,cbse,76.58,75.71,66.98,81.75,3.91,3.86,2.23,3.28,2.06,4.4,2.52,4.5,3.37,1.87,3.22,Airline Pilot
STU080108,18,F,class_12,science_pcb,icse,88.69,94.79,85.2,64.87,4.14,3.69,3.54,3.53,3.13,3.97,3.75,3.28,3.66,1.22,4.32,Doctor (MBBS)
STU050145,17,M,class_12,vocational,icse,68.0,63.86,83.27,84.86,4.19,3.4,2.03,3.39,2.51,2.95,3.71,4.67,2.01,1.6,3.16,Cloud Architect
STU100150,17,M,class_12,undecided,state,55.0,60.92,62.65,45.49,3.96,3.6,3.08,1.06,1.2,3.34,5.0,2.44,2.86,3.3,2.26,Pharmacist
STU210072,17,M,class_12,arts,state,71.87,92.9,82.52,57.08,4.16,4.55,4.08,4.5,2.59,2.56,3.75,3.36,3.28,4.36,2.68,Civil Lawyer
STU120107,16,M,class_10,undecided,icse,87.63,61.05,89.92,56.67,3.48,4.56,2.24,4.59,2.58,2.08,4.88,3.21,3.86,3.11,2.15,Clinical Psychologist
STU190001,17,F,class_12,commerce,cbse,60.0,88.67,54.0,41.51,4.9,3.33,3.23,3.65,1.29,1.88,4.17,2.39,3.32,3.9,2.06,Entrepreneur
STU060034,22,F,undergraduate,science_pcm,icse,66.15,68.8,63.09,94.09,3.69,3.24,3.72,2.31,3.32,3.44,3.83,1.51,3.67,2.62,3.93,Mechanical Engineer
STU150129,18,M,class_12,commerce,cbse,82.0,66.49,72.0,80.0,4.21,3.92,3.29,1.22,4.1,2.39,4.36,1.86,2.56,4.47,4.17,Investment Banker
STU180060,17,F,class_12,undecided,state,43.98,59.59,84.25,48.81,3.32,4.66,3.71,4.25,1.19,1.63,2.98,1.2,3.46,4.93,2.66,Product Manager
STU020080,15,F,class_10,science_pcm,cbse,91.89,58.67,68.96,76.89,2.26,3.35,4.1,2.94,1.47,4.51,4.05,3.31,1.3,2.75,4.07,Data Scientist
STU060108,19,F,undergraduate,science_pcm,ib,63.2,82.63,83.78,66.48,1.74,3.59,3.4,2.1,1.55,3.5,4.45,1.98,4.01,3.6,2.33,Mechanical Engineer
STU190146,18,F,undergraduate,science_pcm,icse,94.0,63.35,64.59,60.32,3.52,3.36,3.2,3.55,1.81,3.22,3.61,3.13,2.13,3.4,2.33,Entrepreneur
STU140022,17,F,class_12,arts,ib,74.02,63.68,97.22,100.0,2.99,4.43,4.7,2.34,1.83,2.72,3.25,1.63,2.81,5.0,4.29,Chartered Accountant
STU170060,16,M,class_10,arts,icse,100.0,63.85,92.0,40.0,2.17,3.6,4.17,4.46,3.68,1.55,2.12,4.63,1.37,4.76,2.47,Digital Marketing Manager
STU030109,17,F,class_11,science_pcm,cbse,72.92,73.77,66.88,60.68,3.0,1.7,3.05,3.36,3.19,3.85,3.68,1.67,3.03,1.6,2.47,AI/ML Engineer
STU020021,17,M,class_12,science_pcm,cbse,94.5,81.36,82.05,78.75,3.65,3.97,2.87,3.16,2.75,4.7,4.73,4.47,3.36,1.88,3.94,Data Scientist
STU040091,17,F,class_11,science_pcm,cbse,89.06,54.53,79.83,68.81,3.0,3.75,3.33,3.96,2.77,1.16,3.8,3.46,1.78,2.0,2.67,Cybersecurity Analyst
STU160054,18,M,undergraduate,science_pcm,ib,68.26,90.81,83.75,81.14,3.9,4.04,3.94,2.42,2.15,2.38,4.12,2.0,2.97,4.63,4.05,Management Consultant
STU310038,18,F,undergraduate,science_pcm,cbse,77.93,84.05,89.85,25.7,3.72,4.81,3.0,3.46,2.05,2.76,3.39,4.6,4.09,3.5,2.14,Environmental Scientist
STU180124,18,M,class_12,undecided,state,70.95,97.59,92.0,50.69,3.46,5.0,3.46,3.59,2.69,2.15,4.4,3.67,3.32,3.88,3.28,Product Manager
STU050014,17,F,class_12,science_pcm,state,91.89,29.21,71.69,72.54,3.19,3.1,4.1,1.82,3.7,5.0,4.22,3.06,1.58,2.38,1.77,Cloud Architect
STU110096,17,F,class_11,science_pcm,cbse,60.77,87.73,62.49,42.08,4.09,3.76,2.22,5.0,2.92,3.19,3.84,2.27,2.49,3.46,3.42,Biomedical Engineer
STU130142,15,M,class_10,undecided,cbse,92.0,74.26,92.83,49.07,3.23,4.83,4.47,3.77,2.8,2.9,2.66,3.32,3.56,2.79,3.24,Physiotherapist
STU250129,22,M,undergraduate,arts,cbse,60.32,63.85,64.97,64.89,4.48,3.32,2.52,4.28,3.92,2.47,4.0,5.0,4.22,3.81,3.35,Fashion Designer
STU080112,18,M,class_12,science_pcb,icse,69.92,76.35,100.0,78.19,2.86,4.26,3.0,4.23,2.94,1.82,4.08,3.14,4.35,1.78,1.6,Doctor (MBBS)
STU220127,19,M,undergraduate,science_pcm,ib,60.34,77.81,50.43,80.98,4.92,2.89,4.6,2.98,2.55,3.73,4.0,4.23,3.68,4.24,3.13,UX/UI Designer
STU170063,20,F,undergraduate,arts,state,70.88,72.54,76.38,70.33,4.34,4.67,3.36,2.45,3.85,1.4,3.88,2.43,1.88,4.41,4.7,Digital Marketing Manager
STU160062,18,M,class_12,commerce,cbse,76.49,65.55,85.28,70.64,4.79,4.34,4.95,4.24,1.8,3.97,5.0,1.82,4.17,3.99,2.52,Management Consultant
STU120077,20,F,undergraduate,arts,icse,92.0,59.25,91.05,61.44,2.8,3.97,2.29,4.48,2.16,2.96,4.52,1.96,3.6,2.59,2.73,Clinical Psychologist
STU110079,16,F,class_10,science_pcm,icse,68.75,76.0,81.81,85.0,4.48,5.0,2.32,4.48,2.26,3.57,3.5,2.89,3.87,3.43,2.16,Biomedical Engineer
STU220089,15,F,class_10,undecided,ib,67.08,73.5,51.6,99.31,4.4,4.12,4.9,2.56,4.5,3.31,4.54,4.01,4.66,3.05,1.75,UX/UI Designer
STU040115,17,M,class_12,science_pcm,cbse,79.12,63.38,78.71,87.18,4.64,4.5,2.74,2.64,1.3,2.93,3.79,3.07,3.23,3.28,3.07,Cybersecurity Analyst
STU260143,15,F,class_10,undecided,cbse,72.28,84.11,54.23,51.02,2.71,3.04,4.06,4.72,1.71,2.97,3.48,5.0,1.8,2.73,3.8,Journalist
STU290137,17,M,class_12,commerce,icse,71.1,84.36,81.3,93.87,4.63,4.0,4.37,3.75,1.31,2.55,3.45,3.74,4.18,4.4,3.31,IAS Officer
STU220054,14,F,class_9,science_pcm,icse,71.0,70.83,66.44,82.97,4.04,3.15,3.9,4.2,4.5,3.58,2.71,1.63,3.27,3.31,1.77,UX/UI Designer
STU320067,14,M,class_9,commerce,cbse,60.0,90.51,54.0,48.38,3.86,4.36,4.51,3.44,3.17,3.76,2.6,3.34,3.75,3.98,3.02,Sports Manager
STU100128,16,F,class_10,science_pcb,icse,79.66,87.75,66.75,47.1,3.49,4.61,2.85,4.17,2.96,1.43,3.48,2.13,4.71,1.73,1.89,Pharmacist
STU120094,18,M,class_12,undecided,cbse,66.83,62.81,64.78,54.18,3.45,4.31,2.31,5.0,3.87,4.04,4.51,1.88,4.47,3.34,4.0,Clinical Psychologist
STU340078,21,M,undergraduate,science_pcm,cbse,61.52,72.84,83.95,78.37,2.09,4.9,3.02,4.51,1.86,3.78,2.77,3.59,3.49,3.64,4.8,Airline Pilot
STU340080,17,F,class_11,science_pcm,state,52.89,78.0,58.25,74.14,4.03,4.33,4.51,3.83,2.02,3.87,3.66,1.94,4.4,4.3,2.39,Airline Pilot
STU280138,22,F,undergraduate,arts,cbse,39.87,89.8,74.84,55.55,3.43,4.43,4.34,3.81,1.4,1.18,1.4,4.05,4.52,3.62,2.38,Content Writer
STU320107,15,M,class_9,arts,cbse,76.36,61.12,79.05,50.03,3.76,4.92,3.37,3.71,3.42,2.24,4.09,3.64,3.0,4.16,2.62,Sports Manager
STU180037,14,M,class_9,undecided,cbse,62.16,74.11,77.56,74.58,4.65,4.17,3.25,2.35,3.26,2.03,4.36,3.77,3.32,3.96,2.96,Product Manager
STU280079,22,M,undergraduate,arts,cbse,67.81,95.3,74.57,68.72,3.99,3.27,4.23,3.96,3.84,1.7,2.74,3.26,3.77,3.98,1.46,Content Writer
STU080123,17,M,class_12,science_pcb,cbse,83.09,100.0,74.38,54.83,4.22,4.06,4.25,4.54,3.41,1.91,2.1,1.94,4.79,3.42,4.18,Doctor (MBBS)
STU220113,17,M,class_12,science_pcm,state,79.9,67.55,39.79,75.22,4.41,3.24,3.27,4.34,3.97,1.59,2.83,4.39,4.9,3.92,1.89,UX/UI Designer
STU030026,16,M,class_10,science_pcm,cbse,92.44,53.4,82.32,60.52,4.77,4.33,1.85,3.99,3.3,2.84,4.23,2.44,3.01,2.71,5.0,AI/ML Engineer
STU080002,17,M,class_12,science_pcb,state,72.53,69.75,77.25,74.31,3.05,3.77,2.8,3.99,2.17,3.1,3.85,1.87,3.92,2.4,3.87,Doctor (MBBS)
STU210077,15,M,class_9,arts,cbse,49.75,74.89,90.0,35.0,3.99,2.98,2.3,4.42,3.04,1.95,3.71,2.79,3.93,3.57,3.93,Civil Lawyer
STU310057,15,F,class_10,science_pcm,cbse,76.63,91.1,92.59,78.49,4.82,1.9,3.64,3.21,4.31,4.45,4.49,3.13,4.73,3.63,3.39,Environmental Scientist
STU210015,16,F,class_11,arts,cbse,83.88,83.8,83.2,41.16,3.31,4.81,3.1,4.51,1.63,1.1,3.35,1.69,4.4,4.1,2.7,Civil Lawyer
STU270105,18,M,undergraduate,arts,state,45.61,74.96,70.72,87.91,4.07,1.89,2.78,3.31,3.97,2.46,1.56,2.99,2.3,3.9,2.56,Film Director
STU310047,17,F,class_11,science_pcm,cbse,94.83,94.23,95.14,84.92,3.18,4.1,4.36,3.84,1.76,3.65,4.47,2.3,4.54,4.76,3.82,Environmental Scientist
STU080147,14,M,class_9,undecided,cbse,59.29,68.57,59.03,76.28,3.03,3.79,3.0,3.5,3.53,2.6,3.59,2.7,3.75,1.75,1.6,Doctor (MBBS)
STU050021,18,M,undergraduate,science_pcm,cbse,91.66,56.23,72.1,54.29,4.2,3.89,2.12,4.01,2.08,4.33,4.28,1.69,2.0,3.22,1.98,Cloud Architect
STU180027,17,M,class_11,undecided,state,91.52,69.29,68.53,54.09,4.44,3.1,3.54,2.2,3.69,2.53,3.51,3.33,3.61,4.02,3.37,Product Manager
STU210011,22,F,undergraduate,undecided,cbse,68.3,80.74,53.33,67.35,3.84,4.25,3.33,3.04,1.82,1.89,3.88,2.18,4.62,3.58,3.32,Civil Lawyer
STU080140,18,F,class_12,undecided,cbse,74.29,77.09,96.69,69.02,3.78,4.27,3.92,3.66,1.46,4.0,3.74,2.5,4.57,4.88,1.71,Doctor (MBBS)
STU030029,14,F,class_9,science_pcm,cbse,42.08,63.24,66.11,68.25,4.45,4.28,3.41,3.88,1.74,4.7,3.89,3.9,1.96,2.51,1.64,AI/ML Engineer
STU050049,16,F,class_11,science_pcm,state,82.86,70.68,67.05,52.0,3.43,3.1,2.77,3.31,2.79,3.09,4.61,1.47,1.69,2.99,3.77,Cloud Architect
STU060148,21,M,undergraduate,science_pcm,cbse,85.66,59.6,64.01,90.11,3.6,4.67,4.78,3.59,2.33,3.74,2.75,1.3,1.56,2.73,3.89,Mechanical Engineer
STU270037,21,F,undergraduate,undecided,state,63.92,68.69,47.16,65.96,4.46,3.32,3.83,4.39,2.81,2.06,2.41,3.84,4.21,3.23,3.46,Film Director
STU080074,18,M,undergraduate,science_pcb,state,56.37,71.33,95.98,63.36,2.6,3.9,3.19,3.5,3.12,1.83,4.21,1.42,4.64,3.26,2.72,Doctor (MBBS)
STU250104,20,F,undergraduate,arts,icse,67.67,71.21,56.22,75.88,4.88,3.7,4.89,3.15,4.77,2.97,1.89,4.31,4.66,2.51,1.19,Fashion Designer
STU320090,17,M,class_12,commerce,icse,60.82,81.18,43.83,83.71,3.62,3.99,3.68,3.79,1.4,3.4,3.0,2.86,2.99,3.58,2.47,Sports Manager
STU210056,19,F,undergraduate,arts,cbse,68.62,78.05,70.01,48.41,3.51,3.65,4.22,3.81,3.39,3.28,2.63,2.12,3.68,3.66,3.08,Civil Lawyer
STU210091,21,M,undergraduate,arts,state,94.23,88.9,67.41,51.74,3.3,3.69,4.22,3.34,5.0,2.95,3.67,1.68,2.81,4.0,2.53,Civil Lawyer
STU300056,14,F,class_9,science_pcm,icse,61.98,73.35,49.55,92.9,3.33,4.45,3.36,3.73,3.06,4.61,3.27,1.3,1.49,4.2,3.44,Defence Officer (Indian Armed Forces)
STU110040,18,M,undergraduate,science_pcm,state,68.12,58.0,73.93,52.73,3.42,4.36,2.46,3.05,3.89,3.81,4.5,3.7,3.62,3.13,2.83,Biomedical Engineer
STU240009,17,M,class_12,arts,cbse,69.24,55.07,47.49,73.98,3.96,4.32,2.73,4.8,3.94,4.2,1.79,4.06,2.83,4.63,1.54,Architect
STU150137,16,F,class_11,commerce,icse,67.24,39.45,85.91,78.85,4.47,3.87,3.69,3.08,1.94,1.47,4.8,1.51,1.42,3.44,4.3,Investment Banker
STU130108,19,M,undergraduate,science_pcb,icse,79.38,60.12,95.0,67.03,3.04,4.8,3.03,3.5,3.39,3.86,4.59,2.39,4.83,2.76,3.75,Physiotherapist
STU110119,18,F,undergraduate,science_pcm,cbse,72.52,59.38,77.07,68.16,4.89,4.37,4.16,3.5,2.98,3.57,3.48,1.21,3.47,3.76,1.6,Biomedical Engineer
STU070124,17,F,class_11,science_pcm,cbse,56.53,51.11,57.53,76.21,3.99,3.78,3.72,3.81,2.73,3.66,2.69,1.3,2.01,1.98,4.31,Civil Engineer
STU310023,15,M,class_9,arts,ib,86.62,86.26,70.0,92.21,3.33,2.45,2.57,4.17,2.12,4.4,2.52,3.33,4.04,4.64,1.36,Environmental Scientist
STU210115,18,M,class_12,undecided,ib,72.01,49.72,56.91,78.53,2.71,3.86,4.3,3.94,1.58,2.04,4.29,2.38,3.1,4.01,2.82,Civil Lawyer
STU120069,22,F,undergraduate,commerce,cbse,90.1,70.72,84.35,100.0,3.54,4.42,3.79,4.4,3.09,4.2,4.04,2.43,3.39,3.66,3.91,Clinical Psychologist
STU160112,16,M,class_11,undecided,state,81.14,71.06,78.41,78.15,4.55,4.19,3.2,4.28,1.11,2.82,2.5,3.05,2.8,3.4,4.67,Management Consultant
STU290022,15,M,class_9,science_pcb,cbse,98.2,76.44,100.0,91.27,4.85,4.81,3.6,3.69,3.29,3.11,3.44,2.1,4.54,3.84,3.13,IAS Officer
STU060060,15,M,class_9,science_pcm,cbse,93.38,43.32,58.75,87.81,2.38,3.46,2.59,4.47,2.58,4.56,2.0,3.13,1.2,3.86,2.41,Mechanical Engineer
STU330005,17,M,class_12,undecided,state,86.74,77.31,86.67,78.59,4.47,3.72,4.06,2.65,1.1,4.46,2.7,1.66,2.62,1.94,2.23,Chef / Culinary Arts
STU070079,17,F,class_12,vocational,state,66.31,69.09,59.72,64.92,3.86,4.0,4.46,3.03,2.58,3.97,2.0,2.67,3.11,2.81,3.84,Civil Engineer
STU310046,14,F,class_9,science_pcb,icse,84.7,91.33,79.11,83.47,3.0,4.56,3.76,3.06,1.0,2.08,3.39,2.72,2.16,4.01,3.65,Environmental Scientist
STU190105,17,M,class_12,commerce,cbse,89.99,64.43,58.37,42.43,4.31,4.45,4.18,3.52,2.34,2.98,3.56,1.92,3.61,4.85,3.97,Entrepreneur
STU280026,18,O,undergraduate,arts,cbse,79.62,74.85,59.98,35.0,4.68,2.85,3.91,4.56,2.13,4.42,1.4,4.37,3.68,3.47,1.65,Content Writer
STU340035,21,M,undergraduate,science_pcm,cbse,48.48,60.59,60.58,66.39,4.15,3.38,3.42,2.1,1.59,4.59,2.0,3.36,4.11,1.75,2.11,Airline Pilot
STU300066,17,F,class_11,arts,state,70.23,35.0,62.7,87.9,3.39,4.02,4.6,2.23,3.19,3.56,4.42,3.72,1.6,2.39,4.59,Defence Officer (Indian Armed Forces)
STU110004,16,F,class_11,science_pcb,cbse,75.01,86.36,64.5,55.15,4.4,4.77,4.5,3.31,2.71,2.83,4.33,1.57,3.57,2.87,2.77,Biomedical Engineer
STU190027,17,F,class_11,science_pcm,icse,80.29,93.28,75.21,53.36,4.47,5.0,4.78,2.77,1.76,1.46,3.99,2.02,4.25,4.6,2.33,Entrepreneur
STU190077,17,M,class_11,science_pcm,cbse,79.25,56.78,75.31,86.0,4.1,4.66,3.57,2.74,2.77,1.43,2.46,1.07,2.81,3.4,1.92,Entrepreneur
STU250100,18,F,class_12,arts,cbse,80.89,90.28,46.55,82.24,4.45,4.32,4.31,2.79,3.59,2.68,3.89,4.05,2.43,3.68,3.05,Fashion Designer
STU130095,22,M,undergraduate,undecided,cbse,92.0,85.5,87.79,74.5,3.6,2.86,3.41,4.45,2.42,4.09,4.87,2.09,3.57,1.71,4.21,Physiotherapist
STU020025,14,F,class_9,science_pcm,state,97.0,56.69,81.14,58.63,3.09,3.34,3.72,3.18,1.59,3.49,4.22,1.4,1.48,1.76,3.74,Data Scientist
STU330082,16,M,class_10,vocational,cbse,86.41,48.46,56.97,92.01,2.21,4.26,3.62,3.26,1.69,4.98,4.88,4.33,2.2,2.55,3.12,Chef / Culinary Arts
STU290044,21,M,undergraduate,commerce,cbse,91.29,71.0,90.63,87.72,3.43,4.93,3.55,3.25,3.53,3.33,3.88,3.19,4.28,4.68,3.09,IAS Officer
STU180138,20,F,undergraduate,science_pcm,icse,89.78,93.85,63.51,76.89,2.22,4.05,3.2,2.31,2.9,1.3,3.4,1.2,4.23,4.17,3.65,Product Manager
STU310055,22,M,undergraduate,science_pcm,state,99.0,77.83,84.34,92.57,4.27,5.0,3.58,4.0,1.47,4.5,2.8,2.35,4.7,4.65,2.1,Environmental Scientist
STU020068,21,M,undergraduate,science_pcm,cbse,81.31,72.18,80.24,31.11,4.49,3.45,2.31,2.4,1.49,3.94,3.94,2.14,2.01,2.28,2.47,Data Scientist
STU280038,16,M,class_11,arts,cbse,85.15,81.63,39.52,45.47,5.0,3.81,3.43,4.47,2.1,1.6,2.61,4.73,3.5,3.98,3.8,Content Writer
STU260134,22,F,undergraduate,undecided,cbse,42.51,75.0,36.76,80.6,4.95,3.46,4.02,4.8,1.61,3.01,2.51,4.4,5.0,3.97,1.78,Journalist
STU100095,16,M,class_10,science_pcm,cbse,79.5,88.03,66.16,60.3,3.79,1.24,3.72,4.6,1.41,1.8,4.51,2.06,4.23,1.2,3.53,Pharmacist
STU050091,20,M,undergraduate,science_pcm,icse,86.63,80.87,93.5,82.49,3.75,4.8,1.68,4.22,3.67,3.68,4.33,3.52,1.3,2.43,2.96,Cloud Architect
STU180137,18,M,undergraduate,science_pcm,cbse,90.84,80.48,90.67,67.83,4.1,3.95,4.7,4.14,2.29,2.08,3.65,2.67,3.71,4.2,2.0,Product Manager
STU330016,19,F,undergraduate,arts,icse,67.93,70.43,14.88,71.59,2.83,3.56,4.1,2.49,2.53,4.35,4.51,3.39,2.68,4.6,2.7,Chef / Culinary Arts
STU280091,20,F,undergraduate,commerce,cbse,77.01,95.15,52.46,85.0,1.0,3.64,4.42,4.14,3.15,2.03,3.82,3.84,4.63,2.52,1.89,Content Writer
STU080057,15,F,class_9,science_pcb,state,66.21,67.76,93.96,77.09,2.72,4.92,4.26,3.97,2.85,3.4,3.79,1.88,3.84,2.4,2.02,Doctor (MBBS)
STU250053,18,M,class_12,arts,icse,84.0,62.89,46.87,87.56,4.73,3.04,3.1,3.96,4.15,1.44,2.98,4.61,2.98,3.17,2.88,Fashion Designer
STU140087,16,M,class_10,commerce,ib,75.15,50.0,82.84,57.57,4.49,4.05,2.77,2.71,1.96,2.44,4.43,1.85,2.53,3.16,3.65,Chartered Accountant
STU340090,16,F,class_10,science_pcm,state,87.71,74.61,90.0,77.42,2.42,3.48,3.52,4.32,2.07,4.67,2.25,3.96,3.01,2.26,3.35,Airline Pilot
STU050012,16,O,class_11,science_pcb,cbse,81.56,66.13,92.45,85.61,4.54,4.21,3.54,3.39,1.71,3.85,3.6,2.65,2.78,4.0,2.06,Cloud Architect
STU280051,16,M,class_10,undecided,icse,85.92,87.11,66.05,50.61,1.11,2.6,4.47,4.57,3.18,1.25,1.45,4.53,3.96,4.14,3.62,Content Writer
STU250066,16,M,class_11,commerce,state,44.62,95.72,39.97,67.88,4.54,3.61,2.51,3.82,1.4,3.65,2.11,4.02,3.69,3.11,3.5,Fashion Designer
STU260124,19,F,undergraduate,arts,cbse,50.11,77.65,86.29,77.26,3.53,2.63,4.15,3.7,3.8,3.4,2.47,4.02,4.57,4.8,3.22,Journalist
STU040127,18,F,class_12,commerce,cbse,94.34,69.31,78.47,57.1,4.9,4.04,2.22,3.64,1.76,3.39,4.39,2.0,3.16,4.09,3.85,Cybersecurity Analyst
STU300110,17,M,class_12,science_pcb,icse,63.65,46.83,88.75,60.0,4.09,4.16,2.28,2.77,2.61,3.9,3.38,4.5,1.72,3.22,3.89,Defence Officer (Indian Armed Forces)
STU310029,15,M,class_10,science_pcb,icse,86.73,89.89,75.23,85.42,3.47,4.08,4.79,3.92,3.4,4.24,4.26,4.05,4.68,4.11,3.77,Environmental Scientist
STU080131,17,M,class_12,science_pcb,icse,68.6,64.0,95.72,62.15,2.98,3.9,4.22,5.0,3.9,2.89,3.44,2.16,4.16,2.88,2.3,Doctor (MBBS)
STU060139,17,M,class_11,vocational,state,69.38,73.41,67.75,41.66,2.9,4.13,2.95,2.95,2.97,4.97,2.64,1.85,2.06,1.72,4.4,Mechanical Engineer
STU270150,17,M,class_11,arts,cbse,42.0,51.83,58.62,96.76,2.27,3.75,2.47,2.43,2.58,2.53,3.18,4.16,2.47,4.67,2.34,Film Director
STU130133,14,F,class_9,science_pcb,icse,58.93,62.77,87.61,56.13,2.5,3.64,2.61,4.81,3.57,2.73,4.42,2.17,3.89,2.06,3.8,Physiotherapist
STU330128,22,M,undergraduate,arts,cbse,77.56,50.27,50.19,82.88,3.87,4.19,2.53,3.56,1.14,5.0,2.06,2.73,2.81,3.51,3.23,Chef / Culinary Arts
STU060068,22,F,undergraduate,science_pcm,icse,62.8,35.0,71.61,75.26,3.78,4.61,2.26,2.25,3.33,4.99,3.59,2.32,1.54,1.5,2.59,Mechanical Engineer
STU230124,15,M,class_10,commerce,ib,64.51,66.85,52.2,83.88,4.66,3.23,2.41,2.43,1.8,4.08,1.57,4.5,2.3,1.95,2.26,Graphic Designer
STU310019,16,M,class_11,science_pcm,cbse,72.38,89.95,39.75,57.29,3.0,4.34,1.81,4.08,2.54,3.27,3.83,3.73,5.0,4.13,2.78,Environmental Scientist
STU020059,18,F,class_12,undecided,cbse,69.93,55.62,50.67,79.88,4.9,4.12,3.02,3.54,1.3,3.33,4.79,3.5,3.47,2.71,1.7,Data Scientist
STU020144,22,F,undergraduate,science_pcm,state,90.47,67.52,53.54,67.94,3.16,3.52,2.99,2.2,3.48,4.65,4.76,1.94,2.55,2.53,2.83,Data Scientist
STU080070,16,M,class_10,science_pcb,state,81.99,68.0,92.75,84.62,3.81,3.59,3.49,4.25,2.85,2.81,3.95,2.7,4.78,3.8,3.33,Doctor (MBBS)
STU320049,15,M,class_9,arts,icse,61.16,78.45,34.85,66.19,4.9,4.83,3.2,2.64,1.71,2.11,3.49,1.26,2.2,4.73,2.21,Sports Manager
STU190136,18,F,undergraduate,commerce,icse,84.74,73.39,89.23,56.76,4.36,3.31,1.25,3.3,3.4,1.62,4.28,1.42,2.77,5.0,2.0,Entrepreneur
STU090065,16,M,class_10,science_pcb,cbse,25.67,66.54,25.39,78.73,3.55,4.58,3.92,4.91,1.38,3.31,3.53,2.17,4.85,2.45,2.93,Dentist
STU070091,16,M,class_11,science_pcm,icse,61.01,42.65,59.73,77.39,2.48,3.0,4.41,4.31,2.68,4.01,2.45,3.65,2.55,2.49,3.27,Civil Engineer
STU160120,17,F,class_11,commerce,cbse,66.19,62.41,54.7,82.21,3.17,3.44,2.1,4.8,2.6,3.41,3.22,2.03,4.04,4.7,3.94,Management Consultant
STU290085,15,M,class_9,science_pcm,icse,85.78,77.27,89.36,72.2,5.0,4.13,4.28,3.1,3.24,2.77,4.37,4.27,4.19,4.27,2.1,IAS Officer
STU250055,16,M,class_10,arts,cbse,55.62,59.21,54.24,66.16,3.7,3.2,3.92,2.31,2.71,3.17,2.31,4.54,3.5,3.38,2.74,Fashion Designer
STU030054,20,M,undergraduate,commerce,ib,68.0,75.57,66.91,83.78,3.48,3.67,2.47,2.2,2.96,4.41,4.96,1.85,2.46,1.9,4.2,AI/ML Engineer
STU230034,22,F,undergraduate,arts,cbse,46.15,66.89,39.96,80.26,4.64,3.03,1.55,4.06,1.57,2.44,2.01,4.41,2.97,3.98,1.36,Graphic Designer
STU110094,21,F,undergraduate,science_pcm,state,58.26,88.78,85.62,19.98,3.24,3.97,2.77,4.84,1.89,3.27,5.0,1.93,4.97,1.9,1.66,Biomedical Engineer
STU270141,20,M,undergraduate,arts,cbse,48.03,96.0,36.66,90.93,3.94,3.81,4.15,4.16,2.57,2.67,2.43,4.92,4.91,2.27,2.43,Film Director
STU100140,18,O,undergraduate,science_pcm,cbse,78.88,90.25,30.96,76.74,1.04,3.4,3.49,4.44,1.86,3.49,4.09,2.73,3.4,3.17,1.0,Pharmacist
STU260050,15,F,class_9,science_pcm,cbse,59.37,81.23,53.02,76.64,2.88,3.8,4.71,3.54,3.89,3.46,3.63,4.54,4.31,3.72,2.12,Journalist
STU200044,15,F,class_9,arts,cbse,79.49,90.41,80.93,56.79,3.29,4.93,3.09,2.51,1.0,3.5,4.28,4.87,2.05,4.08,3.38,Corporate Lawyer
STU280009,20,M,undergraduate,arts,cbse,48.22,86.6,47.57,85.0,4.91,2.64,2.8,4.96,4.6,3.4,2.9,3.25,4.91,3.01,1.1,Content Writer
STU090029,17,F,class_12,science_pcb,cbse,64.1,84.65,79.26,82.83,3.48,3.87,3.25,3.5,1.22,4.19,3.87,1.83,4.78,1.83,3.54,Dentist
STU020110,18,M,undergraduate,undecided,cbse,89.16,80.22,92.7,90.0,4.21,4.4,2.77,3.06,1.3,1.82,4.89,1.65,2.48,4.0,1.88,Data Scientist
STU110130,14,M,class_9,commerce,state,92.3,71.35,89.15,59.98,3.19,4.95,3.58,4.41,2.61,2.09,5.0,1.0,4.16,2.68,1.9,Biomedical Engineer
STU330120,17,F,class_12,vocational,cbse,83.74,63.95,77.23,42.89,3.68,4.9,3.58,2.43,1.36,4.83,2.8,2.52,1.62,1.5,3.82,Chef / Culinary Arts
STU330038,18,F,class_12,arts,icse,58.9,55.18,53.26,75.36,4.36,3.88,2.07,2.1,3.84,3.69,3.29,2.05,2.3,4.05,4.13,Chef / Culinary Arts
STU130098,18,F,class_12,science_pcb,state,83.58,100.0,67.56,66.78,4.25,1.72,3.18,5.0,3.13,2.69,4.99,3.36,4.36,3.2,2.26,Physiotherapist
STU180098,18,M,class_12,science_pcm,cbse,87.94,29.71,82.04,64.73,2.96,5.0,4.43,2.92,1.82,2.01,3.6,4.3,4.42,3.75,2.45,Product Manager
STU010053,18,M,class_12,science_pcm,state,81.57,79.49,87.0,76.8,3.5,4.8,3.25,3.94,3.03,3.86,4.1,1.72,1.3,2.57,5.0,Software Engineer
STU160038,14,M,class_9,science_pcm,state,65.15,94.55,79.12,57.85,4.9,4.14,3.2,3.27,3.16,2.95,3.08,2.75,3.83,2.14,3.14,Management Consultant
STU230013,17,F,class_11,arts,state,70.94,81.0,57.22,99.0,3.73,2.76,3.46,1.9,2.12,2.78,3.76,4.3,3.73,3.1,2.72,Graphic Designer
STU330101,15,O,class_10,vocational,state,48.0,75.12,45.0,72.36,2.36,3.13,3.43,4.6,2.57,3.71,3.67,2.5,1.69,2.33,4.12,Chef / Culinary Arts
STU290037,22,F,undergraduate,commerce,icse,93.51,85.43,96.79,94.1,3.25,4.23,3.5,4.03,2.63,4.22,3.99,3.6,4.06,3.78,4.1,IAS Officer
STU270057,17,F,class_11,undecided,icse,59.42,74.82,48.26,96.41,4.62,1.64,3.75,3.52,2.41,1.94,1.54,3.46,2.3,2.86,2.64,Film Director
STU170042,19,M,undergraduate,arts,icse,76.62,82.45,100.0,50.17,3.89,4.75,5.0,3.55,3.92,1.72,3.16,3.32,3.39,3.98,2.34,Digital Marketing Manager
STU100130,17,M,class_12,science_pcm,icse,92.0,96.22,72.45,62.07,3.41,3.47,5.0,5.0,2.45,3.02,3.96,2.27,3.59,1.54,3.75,Pharmacist
STU110008,17,F,class_11,science_pcb,cbse,92.0,94.79,68.38,63.42,2.58,4.0,3.66,3.16,2.86,3.31,4.13,2.09,3.73,1.51,4.18,Biomedical Engineer
STU070134,22,M,undergraduate,science_pcm,state,55.73,35.0,75.27,93.59,3.19,4.9,2.58,2.1,1.75,3.61,3.72,2.27,4.26,4.6,2.17,Civil Engineer
STU080048,22,M,undergraduate,vocational,cbse,67.4,96.7,97.5,77.63,2.58,4.89,4.09,1.76,3.7,2.85,3.52,2.09,3.63,2.27,2.66,Doctor (MBBS)
STU100120,15,F,class_10,science_pcm,state,40.07,94.16,77.97,64.76,3.44,3.62,3.79,4.04,2.95,5.0,4.82,1.2,3.59,1.4,2.01,Pharmacist
STU040094,18,F,undergraduate,science_pcm,cbse,74.66,62.06,97.59,33.46,4.3,3.87,2.33,4.21,2.54,3.33,4.07,2.71,2.46,1.69,3.48,Cybersecurity Analyst
STU070147,19,M,undergraduate,science_pcm,icse,76.56,48.58,61.06,87.31,2.34,4.29,3.28,2.1,2.19,4.39,2.53,2.74,1.86,2.1,1.8,Civil Engineer
STU220005,16,M,class_11,arts,state,46.53,61.64,39.7,100.0,4.35,4.7,4.18,2.77,3.74,2.96,2.73,4.12,3.77,2.57,2.57,UX/UI Designer
STU170117,16,F,class_10,undecided,cbse,65.21,86.58,51.19,52.3,2.19,3.78,4.12,3.62,3.09,3.26,3.64,4.3,2.84,4.22,3.46,Digital Marketing Manager
STU010031,16,M,class_10,science_pcm,state,79.34,66.88,95.63,73.37,5.0,4.5,3.22,3.56,1.11,4.72,4.26,3.5,3.51,2.3,2.4,Software Engineer
STU050126,18,M,undergraduate,commerce,ib,86.57,67.52,89.24,73.34,3.95,3.33,3.41,1.07,1.72,4.39,4.64,2.08,3.8,4.52,1.73,Cloud Architect
STU170134,17,F,class_11,science_pcm,icse,77.36,73.5,69.61,56.14,3.96,4.66,4.94,4.8,2.66,3.24,4.46,3.28,2.78,4.22,3.72,Digital Marketing Manager
STU220014,19,M,undergraduate,arts,state,53.95,29.69,35.0,91.34,4.45,3.72,3.88,3.66,2.37,2.34,1.74,4.87,4.07,4.5,2.12,UX/UI Designer
STU280027,18,F,class_12,arts,ib,83.76,55.56,79.37,35.76,4.88,3.22,4.07,4.53,3.61,1.0,2.36,3.3,2.68,4.12,1.36,Content Writer
STU100077,17,M,class_12,arts,icse,62.68,91.25,43.79,66.64,3.09,3.72,2.32,4.53,2.86,3.41,5.0,2.57,4.54,2.72,2.78,Pharmacist
STU250119,20,F,undergraduate,arts,state,81.08,80.34,49.0,99.0,1.29,3.11,2.4,3.87,3.9,4.2,3.74,4.11,3.84,4.68,1.32,Fashion Designer
STU280005,22,F,undergraduate,arts,state,63.27,96.73,80.0,57.3,5.0,4.1,4.05,4.25,4.28,2.31,1.83,3.44,4.61,2.29,2.48,Content Writer
STU030137,16,F,class_10,science_pcm,cbse,79.88,30.52,83.16,83.53,3.28,3.45,3.05,4.3,3.7,4.09,4.95,2.21,2.51,2.44,2.21,AI/ML Engineer
STU270056,21,F,undergraduate,commerce,state,42.0,34.5,57.0,80.5,3.71,3.21,3.37,3.19,1.93,3.63,3.11,4.3,2.53,3.04,3.5,Film Director
STU070013,20,M,undergraduate,science_pcm,cbse,86.25,54.43,88.81,85.3,4.42,4.42,3.05,2.84,4.2,4.09,4.3,3.01,3.31,3.66,2.01,Civil Engineer
STU290110,15,F,class_10,commerce,cbse,84.98,74.18,96.66,89.01,4.0,4.85,3.34,4.94,2.08,2.0,3.17,3.79,4.46,3.67,2.84,IAS Officer
STU290051,18,M,class_12,undecided,cbse,73.53,18.95,77.98,92.84,3.49,4.61,4.93,4.29,3.29,2.25,4.33,2.47,4.39,3.74,4.16,IAS Officer
STU310106,17,F,class_12,science_pcb,cbse,74.56,74.42,78.4,70.76,3.65,4.33,4.76,4.42,1.28,4.13,3.93,3.46,4.3,4.63,2.98,Environmental Scientist
STU240028,17,F,class_12,arts,state,26.54,68.19,46.97,27.13,4.12,3.72,3.22,4.74,3.74,3.45,2.68,4.59,2.31,3.38,1.44,Architect
STU300043,19,F,undergraduate,science_pcm,cbse,46.46,70.9,77.39,94.79,3.54,4.53,2.92,1.71,3.08,4.31,4.3,4.55,1.66,4.01,1.98,Defence Officer (Indian Armed Forces)
STU120050,18,M,class_12,science_pcb,icse,90.7,84.25,91.45,85.0,4.18,4.24,2.77,3.69,3.9,3.57,4.66,2.53,5.0,2.11,2.21,Clinical Psychologist
STU090039,16,F,class_10,science_pcb,icse,62.29,87.71,90.39,85.0,4.32,3.35,4.35,4.36,3.01,2.83,1.73,1.72,4.49,3.8,2.83,Dentist
STU070004,22,F,undergraduate,science_pcm,cbse,84.61,64.09,57.08,94.43,4.27,4.3,4.04,4.7,1.6,3.08,3.88,3.51,2.09,3.52,3.17,Civil Engineer
STU160055,19,F,undergraduate,undecided,state,78.71,87.64,51.36,69.52,3.69,3.79,3.2,4.74,3.44,3.05,4.43,4.02,2.73,4.89,3.57,Management Consultant
STU220139,18,F,class_12,arts,state,80.12,78.07,39.12,70.0,3.06,4.55,2.79,2.37,2.86,3.73,3.36,4.99,3.15,2.78,3.5,UX/UI Designer
STU110115,15,M,class_10,science_pcm,cbse,61.5,70.69,91.63,46.11,4.6,4.76,2.48,5.0,2.22,3.46,3.6,3.22,5.0,2.68,4.3,Biomedical Engineer
STU040058,18,M,class_12,science_pcm,cbse,71.02,80.59,76.09,77.39,3.36,3.33,3.58,2.56,4.02,4.6,4.7,3.14,2.12,3.33,4.08,Cybersecurity Analyst
STU280145,17,O,class_11,undecided,cbse,57.84,75.97,72.49,73.52,3.71,4.21,4.53,3.94,3.1,2.36,2.89,4.41,4.66,2.94,2.64,Content Writer
STU020034,21,F,undergraduate,science_pcm,cbse,83.26,72.86,84.15,79.78,3.56,3.1,3.35,2.73,2.58,4.62,4.3,2.91,3.34,2.93,1.91,Data Scientist
STU320145,17,F,class_11,arts,state,80.91,95.0,66.21,43.76,3.96,4.11,3.43,4.13,3.12,1.91,5.0,1.88,2.55,3.42,2.0,Sports Manager
STU100148,22,M,undergraduate,science_pcb,state,66.56,69.4,74.41,80.35,4.6,1.88,3.38,4.87,1.56,3.3,4.56,3.2,3.88,4.33,4.0,Pharmacist
STU140012,16,F,class_10,commerce,cbse,69.74,83.99,85.05,63.45,3.04,4.73,3.02,3.25,3.2,1.4,3.61,3.5,2.87,3.75,4.92,Chartered Accountant
STU030022,17,O,class_12,undecided,cbse,81.9,60.97,16.34,64.49,3.73,4.13,2.54,2.69,1.6,5.0,4.19,2.68,2.69,2.62,3.55,AI/ML Engineer
STU130106,19,M,undergraduate,science_pcb,cbse,92.0,74.71,79.52,85.0,3.53,4.67,2.92,3.5,1.97,2.27,4.68,2.71,4.8,1.88,2.99,Physiotherapist
STU110121,18,F,undergraduate,commerce,cbse,70.85,83.9,67.15,68.81,4.1,4.89,4.17,5.0,3.02,3.83,3.97,3.39,4.05,2.1,3.26,Biomedical Engineer
STU130087,16,M,class_11,science_pcb,state,68.84,59.68,52.59,55.53,2.71,3.4,2.2,5.0,3.03,4.83,5.0,2.78,2.44,2.12,2.23,Physiotherapist
STU240034,16,M,class_10,science_pcm,icse,71.84,51.29,78.0,67.01,4.34,3.47,4.77,4.66,1.87,3.96,2.49,4.57,4.12,4.37,3.22,Architect
STU130110,16,M,class_11,undecided,cbse,80.53,93.58,74.36,45.0,2.99,3.98,4.37,4.04,1.2,3.13,4.94,1.58,4.36,3.8,3.3,Physiotherapist
STU280130,19,F,undergraduate,undecided,state,86.0,86.96,66.39,61.77,3.3,3.97,2.87,3.52,4.6,1.66,1.82,3.39,4.05,4.46,2.56,Content Writer
STU270129,18,M,undergraduate,arts,cbse,42.0,52.35,61.22,83.58,4.04,1.99,4.9,4.55,2.54,4.16,2.6,4.02,4.4,2.09,3.5,Film Director
STU110052,14,O,class_9,science_pcm,icse,79.08,84.44,73.61,45.04,3.07,4.56,2.22,5.0,2.6,2.7,3.92,3.24,4.35,2.71,2.71,Biomedical Engineer
STU310031,18,F,undergraduate,arts,cbse,97.16,70.0,70.0,48.84,4.32,4.37,4.19,3.36,3.0,2.23,3.84,2.55,4.95,3.56,3.79,Environmental Scientist
STU080097,16,M,class_10,science_pcb,cbse,55.0,74.95,75.98,77.57,4.49,4.23,3.45,1.05,1.27,4.2,4.53,2.09,3.5,2.85,3.86,Doctor (MBBS)
STU300027,18,F,undergraduate,arts,cbse,58.07,56.74,68.41,97.61,3.44,4.51,3.47,2.58,1.19,4.38,4.5,1.96,1.81,3.76,4.8,Defence Officer (Indian Armed Forces)
STU170027,17,M,class_11,commerce,icse,77.76,72.63,62.37,82.21,3.06,4.33,4.43,2.21,2.6,2.18,3.03,2.32,3.36,4.61,4.39,Digital Marketing Manager
STU010045,16,M,class_11,science_pcm,cbse,71.54,73.39,74.73,58.14,3.0,3.46,4.09,3.72,2.94,3.0,4.6,3.8,2.11,1.63,3.24,Software Engineer
STU190076,16,M,class_11,arts,cbse,65.83,86.46,90.8,74.69,4.98,4.84,4.18,2.95,3.01,1.59,3.24,2.5,3.99,3.96,4.64,Entrepreneur
STU270055,22,M,undergraduate,arts,cbse,47.24,84.4,58.9,81.63,4.08,2.97,3.13,3.66,1.42,3.44,4.32,4.31,1.82,1.81,1.87,Film Director
STU140008,17,F,class_11,commerce,state,74.92,69.92,79.38,58.3,3.99,3.88,2.79,2.52,3.35,1.74,3.78,2.17,2.84,5.0,4.44,Chartered Accountant
STU240036,15,M,class_10,science_pcm,state,52.35,89.02,59.21,64.21,1.31,2.92,2.67,4.25,2.85,3.91,1.52,3.8,2.39,2.97,1.4,Architect
STU100029,21,M,undergraduate,undecided,state,73.25,61.14,62.0,65.7,3.31,4.67,3.27,4.45,3.55,4.06,4.61,3.07,3.45,1.2,1.7,Pharmacist
STU130093,17,F,class_11,undecided,cbse,80.2,67.76,73.17,67.3,3.51,5.0,3.8,4.09,3.33,1.86,4.63,1.2,3.95,3.8,3.81,Physiotherapist
STU210149,16,M,class_11,arts,state,86.58,75.79,70.41,91.0,2.74,4.19,2.97,3.94,3.07,1.79,4.67,2.73,3.32,4.16,4.39,Civil Lawyer
STU030114,15,M,class_10,science_pcm,state,87.81,80.43,75.29,64.57,4.79,4.8,4.1,3.79,2.57,2.12,4.09,3.66,2.14,2.85,2.46,AI/ML Engineer
STU300020,20,M,undergraduate,commerce,cbse,75.66,39.03,60.22,82.41,3.11,3.62,2.31,3.67,4.2,5.0,3.19,1.61,1.33,3.14,3.52,Defence Officer (Indian Armed Forces)
STU100058,18,M,undergraduate,undecided,cbse,92.0,86.61,92.54,57.69,3.51,3.4,3.62,2.0,5.0,1.87,4.08,3.7,4.48,1.81,3.24,Pharmacist
STU120130,19,F,undergraduate,arts,icse,56.1,66.0,83.82,69.6,2.5,4.72,3.38,3.95,2.72,3.32,3.91,2.35,4.2,1.31,2.42,Clinical Psychologist
STU060052,21,F,undergraduate,science_pcm,cbse,59.59,48.19,59.12,98.0,2.65,4.46,2.67,3.03,3.38,3.57,4.5,1.37,1.27,3.97,3.04,Mechanical Engineer
STU090089,22,F,undergraduate,arts,state,92.0,72.68,89.07,64.37,3.26,2.55,3.93,3.96,1.84,3.1,4.3,2.02,5.0,3.13,3.01,Dentist
STU110059,17,F,class_12,science_pcm,state,81.85,87.27,69.09,50.56,3.93,4.87,3.59,4.01,3.44,3.28,4.32,2.24,3.73,1.99,2.96,Biomedical Engineer
STU250057,16,F,class_11,undecided,cbse,73.97,92.85,48.44,84.16,3.7,4.12,4.68,3.82,1.97,1.21,1.85,4.4,4.15,3.81,1.57,Fashion Designer
STU260086,22,F,undergraduate,arts,state,85.31,82.96,52.8,67.48,3.72,4.34,4.51,4.02,1.96,2.31,1.76,3.73,1.65,3.98,1.53,Journalist
STU120013,17,M,class_12,arts,cbse,69.01,92.26,83.98,80.89,2.5,3.62,3.01,3.5,1.2,3.51,4.28,3.7,4.53,4.02,2.54,Clinical Psychologist
STU180073,18,M,class_12,science_pcm,cbse,79.86,38.76,80.95,55.79,4.22,4.04,3.93,3.4,1.85,3.29,2.57,2.64,2.2,3.98,4.56,Product Manager
STU020107,17,M,class_12,science_pcm,cbse,81.81,65.5,93.6,54.32,4.55,3.23,3.0,2.81,2.97,3.05,4.44,3.69,2.87,3.95,3.89,Data Scientist
STU130125,18,F,class_12,science_pcm,cbse,83.39,95.33,75.35,54.92,2.5,4.31,4.96,3.86,2.07,1.88,4.55,1.68,3.71,2.14,2.59,Physiotherapist
STU170010,18,F,class_12,undecided,state,47.04,81.52,45.73,63.95,4.34,3.24,3.6,3.28,4.2,1.2,3.24,3.14,4.87,4.79,3.27,Digital Marketing Manager
STU080102,17,M,class_12,science_pcb,cbse,55.0,76.51,81.67,64.38,4.1,2.33,1.19,4.25,1.66,2.93,4.01,1.86,3.5,2.04,3.15,Doctor (MBBS)
STU180080,17,F,class_12,science_pcm,cbse,76.76,95.0,49.27,84.87,3.3,3.76,4.22,3.61,1.51,2.49,2.5,3.01,4.02,3.81,2.63,Product Manager
STU050048,17,M,class_12,science_pcm,state,70.19,49.09,87.73,60.75,3.07,3.97,2.9,3.41,3.35,5.0,4.61,3.18,1.78,2.36,2.45,Cloud Architect
STU300118,16,F,class_10,arts,cbse,80.53,57.27,85.43,91.0,3.86,3.94,3.86,3.45,1.26,5.0,3.27,2.45,3.6,3.13,2.45,Defence Officer (Indian Armed Forces)
STU160123,17,M,class_11,commerce,cbse,70.41,57.31,80.67,75.78,4.62,3.35,4.99,3.75,2.62,2.11,2.56,4.3,3.35,2.12,1.85,Management Consultant
STU210035,17,F,class_11,undecided,icse,55.51,39.57,76.73,66.7,3.87,3.95,3.66,3.72,2.87,2.28,3.02,2.89,4.9,3.66,3.66,Civil Lawyer
STU190005,22,M,undergraduate,science_pcm,state,71.92,55.0,92.0,40.0,4.5,3.5,3.9,3.28,2.48,1.23,4.12,2.36,4.16,3.71,3.36,Entrepreneur
STU290123,22,F,undergraduate,science_pcm,cbse,80.09,87.21,74.29,65.94,4.73,4.0,3.0,4.97,3.8,2.53,4.62,3.85,4.66,4.63,2.44,IAS Officer
STU270035,18,F,undergraduate,arts,state,69.71,72.35,39.28,82.3,3.7,3.94,3.1,2.26,3.9,1.42,3.47,4.0,3.32,2.25,1.0,Film Director
STU090116,19,F,undergraduate,undecided,cbse,56.74,75.49,100.0,68.52,4.6,3.76,3.1,4.09,2.62,1.8,3.5,2.53,4.25,2.3,2.94,Dentist
STU080039,22,M,undergraduate,science_pcb,cbse,85.53,73.42,66.23,74.78,3.24,3.97,3.19,4.19,1.86,3.71,4.45,2.93,4.05,2.37,3.63,Doctor (MBBS)
STU140139,16,F,class_10,commerce,cbse,100.0,88.0,79.46,55.33,3.39,4.0,3.78,4.03,1.3,5.0,3.93,1.0,3.04,3.13,4.65,Chartered Accountant
STU290006,20,F,undergraduate,arts,cbse,87.49,83.34,86.82,71.78,4.11,4.81,4.17,5.0,2.68,3.67,3.74,2.59,4.32,4.45,4.01,IAS Officer
STU130103,18,F,undergraduate,science_pcm,cbse,90.64,88.54,31.96,59.76,2.54,4.06,2.26,4.35,1.67,3.44,4.92,2.55,4.42,2.71,1.99,Physiotherapist
STU100001,22,M,undergraduate,science_pcb,state,57.69,67.43,74.32,77.99,3.61,3.41,3.23,4.05,1.4,3.59,3.51,1.2,3.65,1.44,1.6,Pharmacist
STU180053,19,F,undergraduate,science_pcm,cbse,66.24,45.84,56.74,50.07,4.11,4.41,5.0,2.23,2.95,1.2,2.28,1.48,4.37,2.06,2.1,Product Manager
STU010113,16,M,class_10,science_pcm,icse,100.0,55.18,81.01,66.17,4.32,3.17,2.58,2.52,2.56,3.8,4.05,1.67,1.64,2.49,2.66,Software Engineer
STU220128,15,O,class_9,undecided,cbse,49.2,80.0,53.59,88.59,4.69,4.17,4.78,2.47,3.51,3.13,3.08,4.36,4.1,3.1,2.64,UX/UI Designer
STU020114,20,M,undergraduate,undecided,state,86.35,79.08,85.77,65.41,4.3,3.31,4.1,4.01,3.7,3.31,4.65,2.78,2.97,2.96,3.73,Data Scientist
STU100044,18,F,class_12,science_pcb,state,57.38,62.26,85.61,75.2,3.53,4.63,4.34,4.01,1.66,3.89,4.92,2.67,3.5,4.39,1.71,Pharmacist
STU300106,18,F,class_12,arts,icse,49.75,70.5,90.0,79.71,3.51,3.95,2.24,3.92,2.17,4.81,3.37,3.49,1.76,1.57,1.62,Defence Officer (Indian Armed Forces)
STU080137,20,F,undergraduate,science_pcm,icse,78.13,76.16,91.83,45.0,3.59,4.23,3.11,4.25,3.44,3.04,3.97,2.33,4.89,2.53,2.24,Doctor (MBBS)
STU290075,16,O,class_10,arts,state,94.36,80.25,74.77,97.51,4.62,4.3,4.38,4.8,1.85,2.98,4.11,2.87,4.58,2.31,3.02,IAS Officer
STU010057,17,M,class_11,commerce,cbse,93.54,11.95,91.82,47.86,4.81,3.54,2.05,4.3,2.9,3.36,3.96,3.3,2.38,2.75,3.27,Software Engineer
STU090110,18,F,class_12,science_pcb,icse,75.37,80.7,64.69,72.36,2.93,4.98,2.93,3.93,3.64,4.47,4.78,3.27,1.66,1.66,1.6,Dentist
STU050096,19,F,undergraduate,commerce,cbse,91.84,82.0,79.91,55.92,3.96,3.21,3.06,3.29,2.0,3.03,3.64,2.71,1.71,2.79,3.35,Cloud Architect
STU290091,15,M,class_9,science_pcm,cbse,58.62,90.66,76.15,45.25,3.7,4.53,1.85,3.96,3.49,2.75,3.56,1.3,4.71,5.0,3.64,IAS Officer
STU140137,17,F,class_11,science_pcb,cbse,51.14,80.11,81.72,42.68,3.25,3.53,3.64,3.67,3.14,3.05,4.37,2.54,1.66,4.15,3.85,Chartered Accountant
STU180036,17,M,class_12,science_pcm,state,61.46,82.16,85.44,81.11,2.8,4.54,4.55,4.04,1.2,1.31,3.09,1.37,3.68,3.71,2.89,Product Manager
STU210033,17,F,class_11,commerce,state,87.71,82.37,60.2,55.28,2.7,4.6,3.39,3.7,1.82,3.16,4.88,4.0,4.13,4.01,2.91,Civil Lawyer
STU130063,22,M,undergraduate,science_pcb,icse,54.37,69.03,79.0,53.18,2.98,3.86,2.75,3.74,2.07,2.61,1.17,1.95,4.17,1.96,3.36,Physiotherapist
STU030020,17,F,class_12,science_pcm,cbse,71.84,66.61,72.13,83.54,4.55,3.49,4.59,3.18,2.81,2.7,3.71,1.4,2.95,4.24,2.08,AI/ML Engineer
STU220143,21,M,undergraduate,arts,cbse,52.92,71.11,54.23,83.37,4.49,4.61,3.38,3.88,3.7,1.99,3.13,4.33,3.91,1.7,1.51,UX/UI Designer
STU110090,21,M,undergraduate,science_pcm,cbse,62.92,92.83,70.68,49.49,3.82,4.46,2.98,3.77,1.2,4.2,4.09,2.93,3.68,2.51,2.83,Biomedical Engineer
STU050083,17,F,class_11,vocational,icse,78.11,47.67,74.27,52.0,3.0,4.48,3.6,2.42,2.13,3.9,3.83,1.84,3.32,1.92,1.87,Cloud Architect
STU240140,18,M,class_12,undecided,icse,47.8,92.77,61.32,65.39,4.32,4.42,4.2,2.33,4.37,2.85,2.57,4.34,4.37,1.25,3.42,Architect
STU260138,17,M,class_12,undecided,state,58.03,93.68,72.57,44.54,4.56,5.0,4.58,4.2,4.02,2.78,3.0,5.0,4.76,2.92,3.11,Journalist
STU040030,18,F,class_12,undecided,cbse,96.75,64.79,80.19,73.42,3.13,3.95,2.9,3.01,2.38,3.98,4.18,3.33,3.8,2.1,1.42,Cybersecurity Analyst
STU250060,17,M,class_12,arts,icse,84.0,44.22,58.03,87.27,4.72,2.66,3.22,2.63,2.49,3.47,2.36,4.13,3.06,2.74,1.74,Fashion Designer
STU200129,19,F,undergraduate,commerce,icse,69.27,20.01,90.0,43.16,4.59,3.62,3.04,2.17,2.03,1.57,4.65,3.02,4.9,3.65,2.63,Corporate Lawyer
STU020137,17,M,class_11,science_pcm,icse,73.57,39.89,92.66,83.76,4.34,3.1,2.07,3.29,3.02,2.97,4.82,2.75,1.3,2.99,3.0,Data Scientist
STU340064,15,M,class_10,science_pcm,state,63.9,68.49,79.58,77.27,1.78,3.59,3.79,2.19,3.23,2.89,2.97,2.97,3.89,4.46,3.04,Airline Pilot
STU260018,17,F,class_11,arts,icse,56.38,79.34,46.9,80.12,4.16,2.77,1.28,3.0,1.9,1.6,1.97,4.09,4.58,2.96,2.47,Journalist
STU260146,16,M,class_10,arts,cbse,75.43,97.26,67.7,35.0,4.0,4.23,4.65,3.0,4.11,2.74,4.1,4.49,4.69,4.0,1.53,Journalist
STU330099,20,F,undergraduate,undecided,cbse,80.24,32.13,90.0,73.56,2.97,3.57,2.37,3.79,2.68,4.37,3.8,3.16,4.4,3.54,2.69,Chef / Culinary Arts
STU130040,18,F,undergraduate,science_pcb,cbse,67.86,85.62,69.23,52.78,2.8,3.83,2.65,3.93,3.26,3.15,4.87,2.92,4.64,2.26,3.01,Physiotherapist
STU250052,20,F,undergraduate,arts,state,42.0,77.02,53.68,77.02,4.24,3.43,4.33,2.7,2.88,2.92,2.04,3.87,4.47,2.49,1.82,Fashion Designer
STU110099,14,F,class_9,science_pcm,cbse,64.47,58.29,88.65,62.97,3.95,4.18,1.64,3.83,2.77,2.74,4.34,1.49,3.7,1.25,3.25,Biomedical Engineer
STU120071,19,F,undergraduate,science_pcb,icse,69.6,64.74,68.65,52.16,3.53,5.0,2.33,4.02,3.51,1.58,3.79,1.62,3.8,3.8,3.83,Clinical Psychologist
STU150071,21,M,undergraduate,commerce,state,82.52,88.0,87.45,96.2,2.34,2.24,3.64,2.62,3.8,1.54,4.24,3.13,1.48,2.8,3.62,Investment Banker
STU050137,18,F,class_12,science_pcm,icse,93.63,55.56,70.12,77.58,5.0,3.1,2.53,4.06,2.16,3.01,4.14,1.83,1.3,3.27,2.98,Cloud Architect
STU130060,17,M,class_11,science_pcb,icse,65.4,95.3,90.14,71.23,3.69,4.46,3.58,4.11,1.2,2.99,5.0,2.46,4.82,2.45,3.8,Physiotherapist
STU030037,16,F,class_11,science_pcm,state,80.85,71.63,79.39,66.97,3.31,3.62,3.48,3.68,1.71,3.49,4.1,3.9,1.7,1.6,2.67,AI/ML Engineer
STU280147,22,F,undergraduate,arts,ib,78.24,65.08,60.24,61.66,3.3,4.68,1.41,3.0,1.99,2.62,2.36,5.0,4.63,3.12,2.44,Content Writer
STU280017,21,M,undergraduate,arts,state,76.26,97.13,60.89,42.82,4.01,1.35,4.34,3.32,2.43,2.27,4.1,3.99,4.71,4.15,2.56,Content Writer
STU190054,16,M,class_11,undecided,cbse,94.0,95.0,81.09,50.45,3.59,5.0,3.87,3.04,1.83,1.7,4.32,1.2,3.52,5.0,4.26,Entrepreneur
STU300145,17,O,class_12,science_pcm,state,57.0,59.9,47.35,69.54,2.4,4.04,4.03,3.34,2.43,4.68,3.07,3.46,1.46,3.94,4.35,Defence Officer (Indian Armed Forces)
STU080022,17,M,class_12,science_pcb,state,82.31,54.41,48.03,82.07,3.21,4.63,3.62,4.62,2.04,3.81,4.31,1.96,4.86,3.8,4.19,Doctor (MBBS)
STU320039,16,M,class_11,commerce,state,83.75,72.4,72.16,74.66,1.39,4.04,4.03,3.37,1.69,2.67,3.28,2.33,3.78,4.91,3.45,Sports Manager
STU140017,18,F,undergraduate,commerce,ib,65.0,67.48,86.12,57.21,2.32,4.76,2.83,4.4,3.1,4.36,4.8,3.01,3.65,3.47,4.57,Chartered Accountant
STU160138,15,M,class_10,commerce,cbse,75.4,77.84,88.07,56.39,4.9,3.46,4.25,4.41,3.76,3.41,3.71,2.94,1.21,3.91,4.0,Management Consultant
STU260083,21,F,undergraduate,arts,ib,42.0,95.61,35.0,58.18,4.62,3.52,2.74,4.12,3.51,2.88,3.65,4.94,3.5,4.23,1.0,Journalist
STU280149,15,M,class_10,science_pcb,icse,72.82,70.0,84.12,72.84,4.96,3.37,4.4,4.1,2.85,1.94,2.92,3.36,3.93,4.45,3.26,Content Writer
STU010082,16,M,class_11,undecided,state,70.0,46.38,94.58,100.0,3.45,3.17,3.39,2.77,2.75,3.41,4.84,2.35,1.96,3.78,2.64,Software Engineer
STU240066,19,M,undergraduate,science_pcm,icse,58.52,83.45,51.14,89.54,5.0,3.27,4.5,4.05,1.76,3.76,2.54,4.8,4.31,4.0,3.5,Architect
STU100139,20,M,undergraduate,science_pcb,state,72.56,58.0,88.3,26.1,2.5,4.57,2.68,4.78,2.72,3.64,4.28,1.6,3.71,3.75,4.3,Pharmacist
STU040049,18,M,undergraduate,science_pcm,cbse,83.98,69.01,98.0,90.0,3.86,4.0,3.07,3.21,1.33,3.82,4.28,3.44,2.13,3.04,3.02,Cybersecurity Analyst
STU300085,14,M,class_9,science_pcm,cbse,48.0,68.79,87.95,66.3,3.01,3.98,2.97,3.9,2.84,3.5,2.19,4.17,3.3,2.04,4.45,Defence Officer (Indian Armed Forces)
STU260038,18,F,undergraduate,arts,state,75.15,88.29,38.24,76.09,4.28,3.72,3.65,3.92,2.39,2.65,2.6,3.86,4.09,2.12,2.24,Journalist
STU180114,18,F,undergraduate,science_pcm,cbse,42.84,77.6,80.04,47.55,4.9,4.48,4.18,2.2,2.12,2.35,2.4,3.87,2.35,5.0,4.23,Product Manager
STU170038,16,M,class_10,undecided,icse,76.53,84.66,84.83,74.87,3.94,3.58,4.15,2.43,1.2,3.87,3.17,3.78,3.06,4.47,3.96,Digital Marketing Manager
STU210051,16,M,class_11,arts,icse,83.91,76.14,55.85,42.78,4.8,4.79,3.36,1.06,3.05,1.1,3.64,3.0,4.9,3.69,1.35,Civil Lawyer
STU320134,15,F,class_10,vocational,state,79.64,61.91,70.75,43.7,2.28,5.0,3.61,3.61,2.46,3.26,3.67,2.39,2.88,2.16,4.7,Sports Manager
STU150118,16,F,class_10,science_pcb,state,89.52,32.66,79.39,50.4,2.61,4.52,2.59,3.58,2.99,1.72,3.58,2.63,1.65,3.53,4.49,Investment Banker
STU110111,18,M,undergraduate,science_pcm,state,63.84,72.96,81.2,70.39,4.04,3.85,3.0,4.2,3.9,4.15,4.78,1.28,5.0,2.76,3.77,Biomedical Engineer
STU150146,14,F,class_9,science_pcm,cbse,89.43,58.07,89.12,51.64,4.5,4.35,4.7,2.95,2.18,4.58,4.22,2.63,1.43,1.38,5.0,Investment Banker
STU160125,21,M,undergraduate,science_pcm,cbse,65.89,82.69,60.77,65.38,4.21,3.7,4.06,2.97,2.18,2.16,2.06,2.8,2.37,4.45,4.07,Management Consultant
STU150028,16,M,class_10,commerce,cbse,48.63,17.23,72.9,59.56,3.72,3.82,4.18,4.23,1.89,1.93,3.76,2.72,2.49,1.71,4.9,Investment Banker
STU070123,22,F,undergraduate,undecided,cbse,58.2,53.3,86.98,64.15,2.79,4.87,2.86,2.1,3.81,3.65,3.09,2.27,3.95,4.34,4.32,Civil Engineer
STU160129,17,F,class_11,commerce,cbse,34.05,58.59,79.92,40.0,3.58,3.39,4.83,3.86,4.2,3.58,4.08,3.68,4.9,4.7,2.47,Management Consultant
STU340036,19,F,undergraduate,science_pcm,ib,72.17,36.96,64.08,73.72,2.38,4.03,2.59,2.1,2.23,4.26,2.87,2.65,1.96,3.48,2.52,Airline Pilot
STU140150,15,M,class_10,commerce,state,93.67,59.42,95.31,40.0,2.64,4.63,3.12,4.23,2.51,1.79,4.29,2.5,2.97,3.61,3.5,Chartered Accountant
STU340116,16,O,class_10,science_pcm,state,65.22,46.4,70.97,74.25,3.73,4.9,3.63,2.75,4.2,3.55,2.74,4.26,4.4,1.89,4.8,Airline Pilot
STU270066,22,M,undergraduate,undecided,cbse,50.01,59.63,49.67,47.36,3.87,2.63,1.96,2.29,4.62,2.92,3.03,4.7,3.85,3.99,1.34,Film Director
STU050066,16,F,class_10,commerce,icse,77.72,82.0,92.44,63.09,4.57,4.62,2.36,2.47,2.8,3.47,5.0,3.9,1.3,2.6,3.31,Cloud Architect
STU330103,15,M,class_9,undecided,state,78.27,84.51,81.23,60.0,2.01,4.56,2.12,2.53,1.47,3.55,2.69,3.62,3.49,4.44,2.34,Chef / Culinary Arts
STU190051,17,F,class_12,science_pcm,cbse,60.0,55.76,60.84,40.0,4.51,4.8,4.42,3.89,2.83,3.62,4.56,1.74,4.37,4.35,3.34,Entrepreneur
STU290118,15,F,class_9,commerce,icse,74.74,32.26,99.56,96.51,3.56,4.02,3.63,4.75,3.17,3.61,3.17,1.58,4.0,4.56,4.57,IAS Officer
STU300006,21,M,undergraduate,science_pcm,icse,81.95,76.55,73.34,90.81,2.28,3.25,4.11,4.07,2.71,4.19,2.89,3.64,2.04,1.03,3.64,Defence Officer (Indian Armed Forces)
STU310041,17,F,class_12,science_pcb,state,81.91,89.81,97.31,88.84,3.77,4.87,3.0,3.34,2.96,3.17,3.05,3.69,4.28,4.42,2.81,Environmental Scientist
STU070118,18,F,class_12,science_pcm,cbse,51.12,51.66,87.03,90.52,2.12,4.12,3.06,4.17,1.83,4.13,3.15,2.15,2.28,4.1,3.97,Civil Engineer
STU040108,15,F,class_10,science_pcm,icse,93.86,45.0,82.17,69.49,4.22,3.6,3.94,2.21,2.7,3.92,3.99,2.02,2.58,2.8,3.01,Cybersecurity Analyst
STU170098,18,F,class_12,commerce,cbse,93.65,74.23,78.61,66.9,2.2,3.54,1.0,2.2,3.8,3.58,3.11,2.21,4.29,4.48,2.0,Digital Marketing Manager
STU090008,14,F,class_9,vocational,icse,61.7,95.87,74.81,46.16,4.46,4.19,2.58,4.28,3.05,4.04,2.73,1.44,3.55,3.31,4.3,Dentist
STU250112,17,F,class_11,vocational,state,66.62,86.09,61.18,97.33,4.42,4.7,2.4,2.66,1.73,1.97,3.66,4.94,5.0,1.54,1.0,Fashion Designer
STU230143,20,F,undergraduate,arts,icse,67.25,100.0,50.21,86.92,4.64,4.2,1.73,2.62,3.76,3.08,3.04,4.05,2.89,3.4,4.24,Graphic Designer
STU150124,16,F,class_10,arts,state,65.71,88.0,87.56,40.0,4.29,3.96,3.83,4.22,3.85,3.27,4.5,2.8,3.5,3.95,4.15,Investment Banker
STU110011,14,M,class_9,science_pcb,cbse,78.52,80.92,69.8,76.78,2.96,4.65,3.16,4.75,1.93,3.27,3.99,3.63,3.4,1.55,1.6,Biomedical Engineer
STU200045,16,F,class_11,commerce,state,69.01,89.87,61.21,52.7,3.79,3.62,2.78,2.62,3.08,2.29,3.33,2.76,2.92,3.86,4.01,Corporate Lawyer
STU120035,18,M,undergraduate,science_pcb,state,85.64,62.95,84.27,71.24,3.96,4.29,3.15,3.73,2.25,2.84,4.0,1.6,4.11,2.62,4.35,Clinical Psychologist
STU020096,17,F,class_11,science_pcm,icse,100.0,60.28,70.98,90.0,4.3,2.39,1.83,2.62,4.09,3.51,4.49,2.67,3.69,3.79,1.8,Data Scientist
STU080114,17,F,class_11,science_pcb,icse,79.12,73.13,82.14,72.4,2.64,2.87,4.02,5.0,1.77,3.63,4.76,2.44,4.66,3.09,3.53,Doctor (MBBS)
STU340111,15,F,class_10,science_pcm,cbse,52.83,58.01,63.59,63.85,4.34,1.11,4.13,4.54,3.75,3.5,2.35,1.01,4.4,3.88,4.09,Airline Pilot
STU200148,18,M,class_12,arts,icse,74.37,71.81,77.58,44.81,3.62,3.92,3.28,4.2,3.94,1.1,3.9,3.73,3.64,4.5,4.9,Corporate Lawyer
STU020117,22,M,undergraduate,science_pcm,cbse,68.0,80.83,65.0,73.85,4.12,3.22,2.77,5.0,1.34,4.06,4.5,2.17,2.45,2.72,2.52,Data Scientist
STU170064,18,M,class_12,commerce,cbse,94.81,95.0,57.43,40.0,4.64,4.13,3.58,4.52,2.92,1.59,4.39,3.92,3.48,3.41,3.13,Digital Marketing Manager
STU080065,14,O,class_9,science_pcb,cbse,64.86,74.31,85.53,67.7,3.77,3.82,3.28,4.06,3.17,2.75,3.87,2.83,4.51,3.3,3.39,Doctor (MBBS)
STU010064,16,F,class_11,commerce,state,79.61,72.97,82.98,56.02,4.78,3.88,2.4,2.67,3.11,4.7,5.0,3.08,2.32,2.34,3.08,Software Engineer
STU270110,18,M,class_12,arts,state,51.97,59.91,59.62,62.16,4.64,4.0,3.63,2.72,3.56,2.85,1.26,4.89,2.7,3.62,2.96,Film Director
STU320121,15,M,class_10,commerce,cbse,73.57,55.0,56.53,77.04,3.89,4.68,4.47,2.62,1.69,1.2,3.72,3.64,2.31,4.13,4.7,Sports Manager
STU170072,20,O,undergraduate,commerce,state,86.78,74.75,54.7,40.0,4.32,4.13,3.35,3.88,2.18,3.8,2.52,4.28,3.99,4.36,3.73,Digital Marketing Manager
STU200028,18,F,undergraduate,science_pcm,cbse,67.79,82.99,45.0,73.08,4.79,3.54,4.03,2.84,4.2,2.33,3.21,3.18,4.28,3.61,4.19,Corporate Lawyer
STU320071,17,M,class_11,science_pcm,state,60.0,74.4,37.0,50.67,3.81,3.83,4.64,4.29,2.55,1.93,1.82,2.58,2.89,4.15,4.15,Sports Manager
STU270135,18,M,undergraduate,commerce,state,52.29,87.97,63.23,64.07,4.23,2.73,3.4,1.98,3.5,3.88,3.58,4.12,4.13,2.5,2.41,Film Director
STU160115,15,F,class_9,science_pcm,state,65.25,65.54,74.25,48.65,3.27,4.98,4.12,1.44,2.63,2.51,3.69,4.21,3.16,3.83,3.09,Management Consultant
STU320125,17,F,class_11,commerce,cbse,70.26,72.73,61.42,49.51,4.59,3.1,4.73,4.05,3.53,3.0,3.04,2.71,2.85,2.21,2.45,Sports Manager
STU160105,18,F,undergraduate,commerce,state,89.14,71.81,83.29,78.43,4.31,4.32,4.28,2.83,1.71,4.17,3.69,2.61,2.57,4.65,3.38,Management Consultant
STU210092,15,F,class_10,science_pcb,cbse,70.14,85.61,69.56,41.69,5.0,4.9,1.31,2.67,3.56,1.95,3.23,3.13,2.75,4.24,4.7,Civil Lawyer
STU120133,16,M,class_10,science_pcb,icse,67.98,67.69,89.1,65.75,3.04,5.0,3.46,4.88,3.75,3.7,4.9,1.33,4.64,3.62,2.73,Clinical Psychologist
STU160088,17,F,class_12,science_pcm,state,33.01,95.0,70.16,86.0,3.86,3.64,4.48,2.44,2.03,3.3,4.33,2.59,4.34,4.88,2.46,Management Consultant
STU090038,17,M,class_11,science_pcb,state,64.09,66.21,63.66,48.31,2.97,3.96,2.7,4.26,2.19,2.95,4.89,3.09,1.86,2.44,1.74,Dentist
STU010104,15,F,class_9,science_pcm,cbse,75.16,48.27,70.5,68.08,1.36,4.69,3.12,1.07,1.32,3.66,1.58,1.86,3.26,2.31,3.06,Software Engineer
STU190056,17,M,class_12,commerce,cbse,79.9,95.0,86.64,67.97,4.19,3.76,4.28,3.89,1.59,2.98,4.1,4.3,2.31,3.83,3.99,Entrepreneur
STU020123,17,F,class_11,commerce,icse,79.94,33.25,92.43,75.09,3.29,4.43,3.36,2.98,2.34,4.05,4.14,1.99,3.55,3.18,4.15,Data Scientist
STU040059,21,F,undergraduate,science_pcm,state,85.15,79.03,79.07,54.91,2.92,4.17,2.6,3.52,3.24,3.69,4.98,3.9,2.55,3.56,3.4,Cybersecurity Analyst
STU170082,16,F,class_10,undecided,state,70.02,94.64,59.28,61.49,3.8,4.59,3.32,2.87,2.32,3.11,3.65,1.98,3.96,4.08,1.87,Digital Marketing Manager
STU340083,20,F,undergraduate,science_pcm,ib,88.0,43.86,72.1,72.13,4.03,3.83,3.98,3.29,2.42,4.16,4.12,4.19,2.47,1.95,2.27,Airline Pilot
STU140029,18,F,undergraduate,science_pcm,state,77.41,65.68,76.93,64.46,2.2,1.94,4.0,2.36,2.15,1.93,2.68,2.39,3.52,2.29,2.18,Chartered Accountant
STU060116,19,O,undergraduate,science_pcm,cbse,64.63,67.74,62.19,76.21,2.75,3.59,3.57,4.13,4.2,3.5,4.5,2.18,3.35,2.71,2.7,Mechanical Engineer
STU220038,18,F,class_12,science_pcm,icse,67.46,68.9,39.13,78.78,3.24,3.14,2.58,3.15,3.66,2.11,3.07,4.47,4.29,3.63,3.09,UX/UI Designer
STU070009,18,M,class_12,science_pcb,cbse,88.0,58.71,62.76,84.98,3.0,3.04,2.7,4.13,3.93,2.42,3.73,3.76,2.62,3.66,3.39,Civil Engineer
STU150102,18,F,class_12,commerce,state,79.07,64.62,85.09,61.86,3.35,4.52,3.94,3.58,1.3,3.03,4.8,1.37,2.41,4.7,4.09,Investment Banker
STU310109,19,O,undergraduate,science_pcb,state,76.63,85.9,82.71,92.07,3.82,4.45,3.46,4.21,3.58,3.13,4.45,3.13,4.24,3.86,2.99,Environmental Scientist
STU280020,19,F,undergraduate,undecided,cbse,49.17,73.27,36.26,35.0,3.4,1.8,2.53,3.3,2.21,1.07,3.05,4.87,4.23,2.61,2.31,Content Writer
STU110128,16,F,class_10,science_pcm,cbse,31.36,92.75,76.22,54.99,4.34,3.88,2.94,3.76,1.39,3.32,2.66,3.48,4.54,3.27,3.22,Biomedical Engineer
STU210001,15,F,class_9,commerce,icse,78.36,93.47,83.98,52.63,3.5,3.7,2.57,3.74,1.54,1.64,4.08,4.0,3.14,4.03,4.9,Civil Lawyer
STU110023,15,F,class_10,science_pcm,state,80.16,85.55,84.93,56.36,2.87,4.3,4.28,3.5,3.46,3.94,2.97,3.46,4.92,1.61,4.24,Biomedical Engineer
STU060086,17,F,class_12,science_pcm,icse,66.17,43.75,76.52,98.0,3.33,3.09,4.36,4.7,1.39,3.87,4.06,4.35,3.5,4.78,1.48,Mechanical Engineer
STU030059,18,M,class_12,vocational,icse,69.25,46.66,75.16,55.82,1.24,2.08,2.97,4.3,1.56,4.99,4.27,3.27,1.63,2.36,4.2,AI/ML Engineer
STU010139,20,F,undergraduate,science_pcm,state,71.54,61.59,92.38,74.85,3.14,3.1,2.83,3.62,1.91,1.23,4.08,2.22,1.3,3.27,2.39,Software Engineer
STU020150,15,F,class_9,science_pcm,cbse,29.99,66.91,83.04,59.66,3.62,4.54,3.91,2.55,2.08,3.16,4.48,1.16,1.95,2.52,3.88,Data Scientist
STU110057,18,F,undergraduate,science_pcb,state,63.06,76.47,41.61,73.97,4.54,3.99,1.53,4.79,2.94,2.56,3.5,2.02,4.64,3.53,2.88,Biomedical Engineer
STU070104,17,F,class_12,science_pcm,icse,39.93,61.81,88.53,96.68,3.23,3.2,3.08,2.52,2.01,3.96,4.01,2.04,3.47,2.5,3.13,Civil Engineer
STU030083,20,F,undergraduate,commerce,cbse,78.66,51.49,65.37,57.23,3.8,3.23,2.05,3.17,3.7,5.0,3.96,3.05,2.39,2.76,1.84,AI/ML Engineer
STU070042,15,F,class_9,science_pcm,icse,65.57,45.17,72.91,80.6,4.05,3.48,4.14,3.58,1.93,4.52,2.21,2.01,1.2,2.79,2.24,Civil Engineer
STU140103,16,F,class_11,commerce,cbse,75.67,82.02,79.36,72.95,2.71,4.95,2.54,1.84,3.4,2.4,4.55,2.55,3.27,2.32,4.5,Chartered Accountant
STU270013,20,M,undergraduate,arts,cbse,56.09,52.03,71.5,80.65,4.72,4.0,3.98,2.93,1.4,2.85,3.29,4.33,4.11,4.74,1.0,Film Director
STU060012,14,M,class_9,science_pcm,cbse,71.96,50.68,45.0,88.87,4.18,4.47,2.0,2.7,2.62,4.54,4.5,4.5,3.17,2.53,2.94,Mechanical Engineer
STU200032,18,F,class_12,undecided,state,82.51,98.57,79.45,77.26,3.53,4.3,4.21,3.11,2.11,3.5,4.37,3.64,3.65,4.92,4.41,Corporate Lawyer
STU250007,17,M,class_12,undecided,state,64.63,60.3,47.78,61.3,3.92,2.71,3.19,4.71,2.28,3.44,1.73,4.59,4.49,4.75,3.43,Fashion Designer
STU180106,17,M,class_11,science_pcb,ib,26.59,65.67,85.3,86.0,3.51,4.45,3.76,3.45,1.82,1.58,3.7,2.45,2.34,4.52,2.34,Product Manager
STU150074,18,M,class_12,undecided,ib,73.39,88.0,92.31,46.53,4.04,3.9,2.98,2.65,2.02,3.8,3.95,1.92,3.82,4.83,4.31,Investment Banker
STU160039,15,F,class_10,science_pcm,icse,63.58,94.82,67.43,60.11,3.05,4.43,4.11,3.19,3.92,2.22,3.04,4.14,4.65,5.0,4.48,Management Consultant
STU060149,19,F,undergraduate,science_pcm,state,79.15,70.36,72.82,79.44,2.82,4.72,3.36,4.36,4.38,4.84,3.38,2.35,4.27,1.89,3.93,Mechanical Engineer
STU280081,15,M,class_10,undecided,cbse,69.37,100.0,66.63,69.7,1.86,3.66,5.0,4.78,3.9,2.92,1.65,4.48,4.5,3.12,1.04,Content Writer
STU300063,15,F,class_9,science_pcm,cbse,53.13,41.72,62.43,67.31,2.42,3.0,4.39,4.25,1.68,4.25,4.24,3.01,1.36,2.48,2.41,Defence Officer (Indian Armed Forces)
STU100053,17,M,class_12,science_pcm,icse,70.31,81.98,63.69,84.28,1.37,3.68,2.2,4.56,3.8,2.46,4.53,2.29,4.2,1.32,4.14,Pharmacist
STU210017,15,F,class_10,undecided,cbse,91.34,95.16,86.69,100.0,2.98,5.0,4.43,4.1,1.3,1.61,3.21,2.39,3.09,4.11,4.27,Civil Lawyer
STU270052,17,M,class_12,arts,state,47.5,78.45,35.66,69.64,5.0,3.83,3.48,4.16,2.55,1.97,4.0,1.72,3.52,2.72,1.0,Film Director
STU300127,21,M,undergraduate,science_pcm,ib,82.88,75.72,73.85,75.78,4.2,1.4,3.9,4.7,1.1,4.53,2.51,2.76,1.99,3.38,3.09,Defence Officer (Indian Armed Forces)
STU270127,21,M,undergraduate,undecided,cbse,47.52,65.04,68.98,30.25,3.7,3.95,2.89,4.55,2.39,3.07,1.92,5.0,2.75,2.38,2.53,Film Director
STU110013,18,F,class_12,science_pcm,icse,100.0,71.4,90.39,50.24,5.0,4.49,2.7,3.64,1.8,1.8,4.51,4.7,3.56,3.04,3.47,Biomedical Engineer
STU080139,18,O,undergraduate,science_pcb,state,72.81,73.18,81.87,85.0,4.26,4.56,3.63,4.38,3.14,1.8,1.0,1.54,4.68,3.8,4.94,Doctor (MBBS)
STU210124,14,F,class_9,arts,cbse,69.76,84.8,89.79,67.33,3.49,4.74,4.8,4.44,3.15,2.54,2.78,2.72,3.39,3.76,4.9,Civil Lawyer
STU150034,18,F,undergraduate,science_pcm,icse,79.98,75.95,93.01,79.59,2.5,3.78,2.81,2.79,2.91,2.35,3.39,1.98,1.83,4.31,3.4,Investment Banker
STU270148,18,M,class_12,arts,cbse,33.09,24.38,75.58,90.36,4.32,2.49,1.31,4.92,3.81,1.97,1.0,4.1,3.04,4.42,2.77,Film Director
STU260088,18,M,class_12,vocational,cbse,53.83,77.85,61.49,73.84,4.2,3.95,4.64,4.49,1.4,2.61,2.19,3.82,4.67,4.13,2.28,Journalist
STU300005,16,F,class_11,arts,cbse,75.0,38.63,69.22,87.95,3.83,4.75,2.69,4.7,2.5,5.0,4.31,2.92,4.63,2.96,3.78,Defence Officer (Indian Armed Forces)
STU010109,18,F,undergraduate,science_pcm,state,65.62,48.96,70.05,78.03,4.73,3.6,1.84,3.61,2.94,4.45,4.54,1.7,3.8,1.0,3.88,Software Engineer
STU210013,16,F,class_11,science_pcm,ib,82.24,80.42,82.27,73.87,3.99,3.3,3.17,1.81,3.61,3.21,4.28,2.01,4.23,4.31,2.74,Civil Lawyer
STU170005,17,M,class_12,undecided,cbse,72.74,69.17,76.63,41.07,4.19,4.52,3.98,4.25,3.06,3.62,2.06,4.27,2.52,4.9,4.23,Digital Marketing Manager
STU230085,18,F,undergraduate,undecided,icse,77.14,89.58,62.48,84.92,3.8,2.88,3.27,3.87,2.32,1.75,2.78,5.0,3.57,2.81,1.74,Graphic Designer
STU010059,22,M,undergraduate,science_pcm,icse,89.88,80.09,85.19,76.36,4.49,4.33,2.17,3.35,2.13,4.62,3.98,3.07,2.71,2.45,3.96,Software Engineer
STU010077,17,F,class_12,science_pcm,state,71.92,56.91,65.0,70.38,1.32,3.89,2.76,2.51,2.05,4.25,4.14,1.7,3.17,1.65,3.75,Software Engineer
STU060047,18,F,class_12,science_pcm,state,51.44,35.0,60.34,91.37,4.26,3.67,2.85,4.17,4.24,4.62,2.47,2.01,1.35,4.55,3.43,Mechanical Engineer
STU030069,18,M,undergraduate,science_pcm,cbse,80.45,57.16,86.24,79.98,3.64,3.41,4.1,4.41,2.31,4.58,3.78,1.0,1.77,2.64,4.02,AI/ML Engineer
STU340055,17,M,class_11,science_pcm,cbse,58.09,68.14,90.0,88.83,3.36,4.5,2.97,2.84,4.04,3.63,3.11,1.3,1.35,3.3,3.15,Airline Pilot
STU060036,15,F,class_9,science_pcm,cbse,58.31,61.63,62.92,77.88,2.58,3.0,3.39,2.44,1.84,3.91,2.16,2.23,2.76,4.6,2.95,Mechanical Engineer
STU180104,17,F,class_11,science_pcm,cbse,95.68,73.93,73.68,51.24,2.96,4.58,4.83,2.09,3.57,1.92,3.01,2.81,3.28,3.4,4.61,Product Manager
STU280004,21,M,undergraduate,arts,icse,78.08,89.35,42.65,36.83,3.37,2.83,4.25,3.85,3.83,1.81,3.01,4.73,3.92,2.41,3.25,Content Writer
STU340085,16,F,class_11,science_pcm,cbse,55.52,89.61,79.14,93.97,3.78,5.0,3.03,2.64,3.07,3.98,4.04,1.59,3.28,4.21,2.94,Airline Pilot
STU150011,18,M,class_12,commerce,state,99.7,65.11,95.48,40.0,3.25,4.3,2.21,4.37,3.08,1.61,2.61,1.93,2.32,5.0,4.1,Investment Banker
STU150096,17,M,class_12,commerce,cbse,84.77,68.99,86.57,43.33,2.58,4.09,2.59,2.71,1.58,2.93,4.5,2.55,3.23,4.04,3.65,Investment Banker
STU250086,17,F,class_12,arts,state,78.19,48.0,29.94,86.57,3.81,2.99,3.54,2.85,3.97,1.21,2.05,3.99,4.22,2.5,2.46,Fashion Designer
STU140093,21,F,undergraduate,commerce,state,68.21,62.39,68.58,61.84,3.76,3.53,2.46,2.62,1.39,3.67,3.71,2.0,4.0,3.81,3.5,Chartered Accountant
STU190119,18,F,class_12,commerce,cbse,90.13,89.74,68.28,81.6,4.38,4.55,4.42,4.46,2.7,1.8,2.69,1.2,3.24,4.58,3.63,Entrepreneur
STU010122,17,F,class_12,science_pcm,state,98.28,70.94,72.22,53.04,4.81,3.63,3.39,3.63,2.84,4.51,4.52,3.77,4.38,1.88,3.24,Software Engineer
STU310021,16,F,class_11,science_pcm,state,89.27,78.26,99.0,78.35,3.17,3.64,4.7,3.81,3.23,2.61,4.21,1.56,4.53,4.73,3.19,Environmental Scientist
STU200106,16,F,class_10,commerce,state,67.81,24.48,90.0,82.0,3.55,3.84,3.1,3.28,3.59,3.76,4.9,3.03,4.27,5.0,4.48,Corporate Lawyer
STU260054,15,M,class_9,arts,cbse,53.39,81.52,58.15,50.95,3.52,3.81,4.51,2.73,4.6,1.89,3.74,3.59,3.76,3.78,2.93,Journalist
STU070011,21,F,undergraduate,science_pcm,state,51.01,56.9,46.66,67.9,3.98,4.02,2.74,4.58,1.1,3.92,2.82,3.72,1.97,3.98,2.18,Civil Engineer
STU010125,17,M,class_12,vocational,state,83.63,74.27,100.0,58.39,3.13,4.13,3.8,3.93,3.7,4.4,4.81,3.05,1.3,2.33,2.19,Software Engineer
STU140129,17,M,class_11,commerce,icse,83.18,60.58,95.17,68.69,4.42,3.81,4.7,3.01,3.47,2.22,2.91,1.0,2.98,3.27,4.78,Chartered Accountant
STU110087,16,M,class_11,science_pcm,cbse,76.43,30.91,81.21,72.54,4.6,3.4,3.59,4.25,2.17,1.27,4.49,3.45,4.55,1.2,2.37,Biomedical Engineer
STU090058,15,O,class_10,science_pcb,icse,70.36,51.03,93.43,49.27,4.48,4.3,2.94,5.0,1.37,3.65,3.63,2.1,4.78,2.05,3.46,Dentist
STU240142,18,M,class_12,undecided,state,62.9,54.03,45.95,77.76,4.47,4.0,3.26,3.41,3.13,3.56,1.71,4.88,2.93,1.74,2.43,Architect
STU250033,21,F,undergraduate,arts,cbse,65.11,64.26,45.63,72.13,4.55,4.2,4.19,4.62,3.54,1.58,1.97,4.13,3.92,4.26,2.94,Fashion Designer
STU240083,19,F,undergraduate,science_pcm,state,69.07,55.74,45.16,62.0,4.29,2.96,4.23,4.26,2.31,2.0,1.0,3.9,3.01,3.36,3.5,Architect
STU080129,22,M,undergraduate,science_pcb,cbse,55.61,60.0,65.0,46.38,2.5,4.49,3.93,4.54,1.86,1.88,3.82,2.76,5.0,3.94,1.75,Doctor (MBBS)
STU190135,15,F,class_9,arts,cbse,60.0,70.2,71.12,48.78,3.29,4.51,3.2,2.88,1.95,3.43,4.13,3.39,4.9,3.85,3.1,Entrepreneur
STU330034,16,M,class_10,vocational,state,58.83,74.56,68.19,91.41,2.81,4.73,3.15,3.05,1.53,3.53,2.0,4.41,4.4,1.5,4.11,Chef / Culinary Arts
STU250022,19,F,undergraduate,arts,cbse,65.54,76.63,78.0,76.16,3.7,2.57,2.93,3.52,1.5,3.47,4.0,3.81,4.31,3.11,1.93,Fashion Designer
STU170033,18,F,class_12,science_pcm,state,74.43,66.06,66.15,46.18,4.05,4.01,1.88,4.42,1.62,2.21,3.76,1.57,4.46,4.18,3.15,Digital Marketing Manager
STU190130,22,M,undergraduate,undecided,state,88.48,83.99,75.7,61.24,4.38,3.88,3.35,4.24,2.74,3.8,4.39,2.68,4.9,3.71,3.89,Entrepreneur
STU030143,18,F,class_12,science_pcm,icse,81.04,71.54,73.42,46.52,3.61,3.71,2.08,3.2,3.12,2.7,4.55,1.89,4.87,2.32,3.28,AI/ML Engineer
STU230108,18,F,class_12,commerce,state,53.35,80.27,50.83,88.91,3.85,3.67,4.68,4.21,1.4,2.59,2.6,4.33,1.53,2.87,3.15,Graphic Designer
STU200149,20,M,undergraduate,arts,icse,96.0,74.21,76.6,74.39,4.57,3.56,4.8,4.36,2.89,1.26,2.6,1.23,4.9,1.03,3.28,Corporate Lawyer
STU070026,17,F,class_12,science_pcb,state,77.39,58.69,91.6,98.0,3.49,3.69,2.59,4.68,2.76,3.92,4.01,1.3,1.37,3.96,3.42,Civil Engineer
STU190065,14,M,class_9,undecided,cbse,75.06,90.68,91.37,50.03,4.9,3.5,3.87,2.72,4.94,1.24,3.21,2.87,4.52,3.61,2.9,Entrepreneur
STU150134,18,F,class_12,science_pcm,state,71.9,84.85,96.01,70.57,3.52,3.69,4.31,3.5,3.23,3.8,3.08,1.83,3.46,2.86,5.0,Investment Banker
STU330069,18,M,class_12,vocational,state,85.06,67.74,59.64,64.05,3.42,4.55,4.38,4.59,2.74,4.59,2.8,3.12,3.14,4.09,4.15,Chef / Culinary Arts
STU100062,16,M,class_11,science_pcb,state,92.0,61.7,74.77,78.21,2.5,3.79,3.59,1.0,3.64,3.27,4.32,2.96,4.56,1.69,3.69,Pharmacist
STU250019,14,F,class_9,arts,cbse,77.2,96.0,52.58,62.0,4.22,3.63,3.69,2.54,1.69,1.73,3.47,3.59,2.51,3.31,2.79,Fashion Designer
STU130077,17,M,class_12,science_pcb,state,76.72,72.27,94.74,84.45,3.18,3.8,3.87,2.84,1.87,4.11,3.89,2.45,3.63,1.95,3.24,Physiotherapist
STU110010,16,M,class_10,science_pcb,cbse,72.41,74.86,73.23,65.15,2.86,3.58,2.9,4.1,1.61,3.19,3.75,3.51,4.83,2.74,2.74,Biomedical Engineer
STU090028,22,M,undergraduate,vocational,cbse,88.76,58.0,70.5,64.04,3.24,4.7,4.5,3.37,1.86,3.77,4.65,1.29,1.64,2.8,2.79,Dentist
STU260009,18,F,class_12,science_pcm,cbse,79.91,56.26,60.77,69.25,4.22,3.71,4.65,1.58,2.81,3.15,2.7,3.8,3.69,4.49,3.24,Journalist
STU170089,18,M,undergraduate,undecided,icse,81.3,55.0,72.77,59.44,4.18,3.55,3.88,4.8,2.41,3.16,2.0,2.22,4.11,4.6,4.36,Digital Marketing Manager
STU250065,20,F,undergraduate,arts,cbse,50.27,48.0,41.26,64.51,3.97,4.21,2.65,3.39,3.96,1.52,2.24,4.74,3.22,3.12,3.5,Fashion Designer
STU340011,17,F,class_12,science_pcm,cbse,100.0,100.0,86.66,100.0,3.02,3.36,4.01,3.96,3.57,4.15,2.0,3.3,2.92,4.6,2.99,Airline Pilot
STU230127,17,M,class_11,arts,cbse,70.32,82.63,67.05,85.02,4.25,1.83,3.29,2.76,4.16,3.27,2.12,4.3,1.23,4.05,1.77,Graphic Designer
STU030025,17,F,class_11,science_pcm,state,74.34,58.55,65.0,76.97,3.17,3.37,1.86,5.0,3.57,1.26,4.15,2.39,2.05,3.6,4.44,AI/ML Engineer
STU220071,17,F,class_11,commerce,cbse,62.71,73.74,78.0,83.87,4.0,3.99,4.06,2.32,2.88,2.7,2.85,4.73,4.4,3.23,2.15,UX/UI Designer
STU150087,18,F,undergraduate,undecided,state,75.37,61.23,72.01,80.0,3.45,3.92,3.9,3.05,2.24,2.32,4.49,1.31,2.17,1.96,3.32,Investment Banker
STU310085,16,M,class_11,science_pcm,state,76.63,92.69,87.18,68.98,4.97,4.6,5.0,4.61,3.79,2.77,4.51,3.3,4.21,3.5,3.04,Environmental Scientist
STU260016,16,M,class_10,undecided,cbse,63.17,75.0,73.56,52.53,4.72,4.38,3.86,5.0,3.11,3.07,1.47,4.91,4.56,4.55,3.71,Journalist
STU330019,20,F,undergraduate,arts,state,79.67,61.42,64.7,88.14,3.01,4.44,3.22,4.7,1.67,3.99,3.92,1.36,4.4,2.58,2.36,Chef / Culinary Arts
STU220024,15,M,class_9,science_pcm,icse,42.0,61.91,52.31,100.0,3.29,2.74,4.54,4.49,3.62,2.62,2.23,1.0,5.0,4.8,1.72,UX/UI Designer
STU100149,18,M,class_12,science_pcb,ib,77.68,72.95,84.62,62.19,3.38,3.44,4.37,4.79,2.07,3.21,4.55,2.69,4.2,3.24,3.48,Pharmacist
STU110003,18,F,undergraduate,arts,icse,63.7,61.57,88.67,75.72,3.86,3.72,4.31,3.87,1.54,2.23,3.71,2.28,4.15,2.85,2.87,Biomedical Engineer
STU070107,15,M,class_10,science_pcm,cbse,69.87,60.55,45.0,84.78,2.56,4.65,3.08,2.26,2.83,4.21,4.46,1.89,1.99,4.13,3.06,Civil Engineer
STU160033,14,F,class_9,science_pcm,cbse,82.55,54.57,54.0,70.51,1.6,5.0,4.01,2.55,4.16,4.11,3.68,1.96,3.55,4.4,4.05,Management Consultant
STU270076,20,M,undergraduate,arts,icse,50.75,55.46,45.07,85.05,4.07,2.98,4.4,3.25,3.66,3.43,1.9,4.36,2.61,3.4,2.11,Film Director
STU250069,16,F,class_11,undecided,cbse,58.02,62.04,56.31,62.0,4.72,3.04,3.31,3.23,4.21,2.76,1.49,4.74,4.59,3.92,2.58,Fashion Designer
STU100118,17,F,class_11,science_pcb,state,75.54,88.61,72.12,67.91,3.17,3.94,4.51,4.55,3.21,3.45,4.64,2.3,3.78,3.14,3.26,Pharmacist
STU090026,18,M,undergraduate,science_pcb,icse,89.86,62.76,84.05,54.09,3.27,3.62,2.2,2.89,2.76,3.16,4.7,1.31,3.4,2.16,3.59,Dentist
STU260132,17,M,class_12,undecided,state,86.0,100.0,48.88,65.64,3.59,2.76,4.39,4.06,3.09,3.31,1.71,3.61,4.57,4.44,1.19,Journalist
STU170110,17,M,class_12,undecided,cbse,71.31,55.0,69.8,49.4,3.58,4.29,3.75,4.8,2.61,3.32,2.83,4.08,3.19,4.71,4.18,Digital Marketing Manager
STU320099,16,F,class_10,arts,state,81.59,36.86,67.03,42.43,4.11,3.1,4.18,3.59,1.2,1.44,4.57,1.2,3.55,4.0,2.63,Sports Manager
STU260002,16,M,class_11,arts,cbse,54.82,77.48,80.0,85.0,4.47,3.66,4.91,4.28,2.91,1.17,1.83,4.17,3.65,2.72,2.83,Journalist
STU090017,17,M,class_12,science_pcb,icse,55.0,54.48,74.0,85.0,3.4,4.2,4.17,4.69,3.9,3.36,3.83,1.64,3.85,3.17,2.91,Dentist
STU300093,18,M,class_12,arts,state,69.44,35.0,69.6,30.44,2.19,4.3,2.85,4.61,2.99,3.5,3.33,2.56,2.33,2.65,3.47,Defence Officer (Indian Armed Forces)
STU250051,15,F,class_9,arts,cbse,53.59,65.22,59.83,88.12,4.38,2.37,3.23,4.15,4.05,1.56,2.97,4.29,3.83,3.47,1.45,Fashion Designer
STU030121,14,M,class_9,science_pcm,state,87.83,70.57,51.08,31.65,3.0,3.83,2.42,3.59,1.93,4.33,4.5,3.33,3.23,3.57,3.78,AI/ML Engineer
STU240122,18,F,class_12,science_pcb,cbse,59.11,79.18,56.89,95.67,4.71,2.78,3.99,3.9,2.86,3.06,2.55,4.42,3.71,1.04,2.28,Architect
STU010007,22,M,undergraduate,science_pcm,icse,74.01,48.85,79.12,72.55,4.94,3.33,4.06,3.57,3.64,3.51,4.71,3.38,3.56,5.0,2.51,Software Engineer
STU070033,16,F,class_10,science_pcm,cbse,53.76,69.11,54.65,83.98,3.9,3.88,4.65,2.1,2.02,4.38,4.33,3.61,2.75,4.22,4.14,Civil Engineer
STU120042,22,F,undergraduate,undecided,cbse,71.13,97.0,79.33,63.61,3.54,4.04,2.97,4.88,2.93,3.78,5.0,2.52,3.4,2.38,3.76,Clinical Psychologist
STU030140,16,F,class_10,science_pcb,state,75.57,59.22,86.68,59.35,4.9,4.03,2.25,4.09,3.39,4.24,5.0,3.05,3.78,2.83,1.86,AI/ML Engineer
STU090114,18,M,undergraduate,science_pcb,cbse,74.03,58.0,68.97,66.11,2.67,3.98,3.27,3.63,3.9,2.4,3.87,3.68,4.25,2.45,3.19,Dentist
STU050079,17,M,class_11,vocational,cbse,90.22,54.05,72.05,83.88,3.01,3.43,2.99,2.2,2.7,4.07,3.9,2.01,2.42,3.27,3.46,Cloud Architect
STU190042,22,M,undergraduate,commerce,state,62.43,71.2,68.6,56.58,4.34,4.31,4.27,3.89,3.21,2.79,2.21,2.21,4.15,4.1,3.41,Entrepreneur
STU320055,14,F,class_9,undecided,cbse,67.88,95.0,54.63,51.95,3.35,3.51,3.59,2.2,1.81,1.27,3.0,3.19,2.2,3.66,2.8,Sports Manager
STU140005,14,M,class_9,commerce,state,54.67,44.93,78.04,60.02,3.25,4.06,2.39,3.96,3.09,3.18,4.8,2.48,1.55,3.0,4.76,Chartered Accountant
STU300117,15,F,class_9,science_pcm,cbse,60.64,68.32,68.11,81.33,2.88,3.0,3.09,5.0,2.47,4.53,2.82,2.84,1.56,2.01,3.87,Defence Officer (Indian Armed Forces)
STU340109,17,F,class_11,science_pcm,ib,66.89,31.33,99.94,77.57,3.92,3.44,2.27,3.26,1.0,4.4,3.8,1.96,1.2,3.15,2.16,Airline Pilot
STU320079,18,F,class_12,undecided,state,71.49,66.86,81.54,74.42,3.15,4.94,4.39,2.64,2.66,1.78,2.16,1.79,4.19,4.35,2.47,Sports Manager
STU150110,15,M,class_9,science_pcm,state,86.43,58.23,79.05,40.0,4.06,2.6,3.07,2.97,2.28,2.43,3.52,1.44,3.2,4.45,4.15,Investment Banker
STU180071,17,F,class_11,science_pcm,state,94.0,89.02,92.0,77.2,4.51,4.05,3.64,2.72,3.5,1.02,3.83,3.39,3.01,3.4,2.35,Product Manager
STU280060,20,F,undergraduate,arts,icse,66.97,91.62,44.93,68.79,4.46,2.89,3.4,4.28,2.87,2.24,3.53,4.3,4.93,2.34,3.54,Content Writer
STU080037,22,F,undergraduate,science_pcm,cbse,58.26,89.76,86.65,50.99,2.27,5.0,2.77,4.77,2.6,2.23,4.25,3.24,3.79,2.88,3.1,Doctor (MBBS)
STU260057,21,M,undergraduate,arts,cbse,54.46,76.12,80.0,41.81,4.6,2.76,4.46,3.86,3.52,1.11,3.91,4.7,3.99,4.8,3.43,Journalist
STU290133,16,M,class_10,science_pcm,cbse,71.02,79.15,70.61,97.58,3.33,5.0,1.37,4.57,1.45,3.43,3.21,4.1,1.06,4.28,4.23,IAS Officer
STU290082,16,F,class_11,science_pcb,icse,70.6,86.38,77.22,34.3,2.72,4.94,3.0,4.62,2.5,2.08,4.31,4.1,4.47,4.17,3.44,IAS Officer
STU240109,15,F,class_10,arts,cbse,57.96,61.26,66.66,72.75,3.92,2.43,3.66,4.8,4.39,3.87,3.3,4.19,5.0,2.67,2.17,Architect
STU020045,14,F,class_9,science_pcm,cbse,81.06,51.23,55.58,62.83,3.61,3.24,1.58,3.63,2.16,4.3,3.6,2.99,3.45,2.43,1.7,Data Scientist
STU100125,16,F,class_10,undecided,cbse,72.55,67.13,74.36,84.39,3.65,4.16,4.13,4.45,1.2,2.53,4.25,1.45,2.99,2.11,4.3,Pharmacist
STU240069,20,F,undergraduate,arts,state,66.37,77.42,53.49,82.33,4.11,3.62,3.66,2.7,4.16,2.46,2.58,4.84,4.94,2.09,3.46,Architect
STU250049,18,M,class_12,commerce,icse,46.64,66.32,48.83,93.07,4.72,4.7,3.03,4.3,3.81,3.76,2.47,4.13,4.03,1.97,1.75,Fashion Designer
STU150130,15,F,class_9,arts,cbse,21.16,70.93,94.76,56.3,3.05,4.89,2.67,2.66,3.21,2.85,2.72,1.0,3.53,4.44,4.18,Investment Banker
STU090012,18,F,class_12,science_pcb,cbse,84.84,65.2,54.53,62.8,2.86,4.68,3.7,1.0,2.32,2.51,3.88,3.7,4.73,2.24,2.68,Dentist
STU170137,17,M,class_12,arts,state,66.8,95.0,61.56,75.18,3.4,4.81,4.98,3.87,3.15,2.85,2.76,3.1,4.06,3.87,2.65,Digital Marketing Manager
STU120008,21,M,undergraduate,commerce,cbse,64.51,75.28,80.92,62.54,2.66,3.74,2.14,3.78,2.79,3.56,4.39,1.75,4.88,3.47,4.3,Clinical Psychologist
STU320098,15,M,class_10,commerce,cbse,66.98,77.15,92.0,78.29,2.8,2.98,3.4,3.88,1.97,3.8,2.59,3.78,4.9,4.25,4.36,Sports Manager
STU280053,16,M,class_11,arts,cbse,61.54,80.49,43.33,47.5,4.43,2.4,3.4,3.55,2.99,2.3,1.43,4.13,4.57,3.04,1.01,Content Writer
STU190120,17,M,class_11,arts,icse,93.1,71.61,83.24,40.0,4.29,5.0,4.54,2.2,1.33,2.79,3.37,3.54,2.45,3.43,2.91,Entrepreneur
STU160064,21,M,undergraduate,commerce,ib,88.89,72.25,82.7,59.08,4.23,3.18,3.3,4.61,2.7,2.25,2.71,2.07,2.2,4.8,4.33,Management Consultant
STU230021,20,F,undergraduate,undecided,icse,42.05,92.33,75.45,80.83,2.55,2.86,2.54,4.08,3.95,3.6,3.73,4.63,4.29,2.08,1.28,Graphic Designer
STU140039,18,M,class_12,vocational,cbse,75.38,54.05,64.85,53.06,2.23,2.1,2.59,3.71,3.77,2.77,4.68,3.05,1.4,3.96,3.84,Chartered Accountant
STU080081,22,M,undergraduate,science_pcb,state,69.69,60.0,48.71,59.46,2.91,4.56,4.27,4.38,3.73,3.46,3.5,3.52,3.54,2.55,3.77,Doctor (MBBS)
STU100112,17,M,class_12,science_pcb,state,64.47,71.7,75.62,45.0,3.59,4.69,3.65,4.76,3.82,3.22,4.53,3.6,4.72,4.37,3.45,Pharmacist
STU020127,18,M,undergraduate,science_pcm,state,71.5,63.01,88.93,62.99,4.59,4.03,2.06,4.3,3.29,4.37,4.8,1.91,2.11,2.06,2.12,Data Scientist
STU310123,22,M,undergraduate,science_pcm,cbse,76.79,79.55,77.53,81.99,3.99,4.34,4.56,4.84,2.95,1.89,1.71,2.99,3.27,3.92,3.24,Environmental Scientist
STU160067,14,M,class_9,undecided,icse,72.14,95.0,82.37,75.19,4.64,3.57,3.89,4.8,3.72,1.87,1.92,2.17,3.99,4.68,3.23,Management Consultant
STU190095,22,O,undergraduate,undecided,cbse,62.59,65.32,69.09,67.44,4.6,4.9,3.61,2.95,3.33,2.54,2.12,3.2,2.36,1.99,3.96,Entrepreneur
STU300054,15,M,class_9,science_pcm,state,88.0,25.25,75.4,74.73,3.33,4.68,2.17,3.2,1.86,3.91,2.31,4.09,2.21,1.65,3.16,Defence Officer (Indian Armed Forces)
STU090103,14,F,class_9,science_pcb,cbse,90.26,90.81,83.66,75.17,2.63,3.85,3.18,3.92,2.73,3.41,4.28,3.03,4.34,2.11,2.92,Dentist
STU180070,20,F,undergraduate,undecided,cbse,89.07,30.45,87.01,83.66,2.9,4.87,3.9,2.15,2.97,1.34,4.24,3.57,3.07,4.41,2.89,Product Manager
STU020073,22,F,undergraduate,science_pcm,cbse,75.41,65.98,88.78,60.14,3.75,4.72,2.62,2.48,1.86,2.75,4.52,2.38,2.99,1.0,2.36,Data Scientist
STU330093,15,M,class_9,arts,cbse,77.01,70.37,86.66,69.54,2.71,3.16,2.42,3.63,1.88,4.21,3.59,2.56,1.2,2.48,2.49,Chef / Culinary Arts
STU010049,14,F,class_9,vocational,cbse,94.96,71.86,90.21,70.73,4.14,3.15,2.37,4.15,2.51,4.2,5.0,2.52,2.61,1.28,2.94,Software Engineer
STU040124,18,M,undergraduate,science_pcm,state,88.42,59.18,97.27,60.05,4.2,4.19,1.33,4.27,2.08,4.64,3.63,2.81,3.26,1.94,2.75,Cybersecurity Analyst
STU090037,16,M,class_10,undecided,state,76.77,66.46,87.8,52.57,4.42,3.72,3.02,3.67,5.0,3.46,3.5,2.12,4.54,1.2,2.31,Dentist
STU250099,18,F,class_12,arts,state,81.49,96.0,48.28,64.26,4.72,2.79,3.16,2.62,4.31,2.65,1.45,5.0,1.0,4.67,4.78,Fashion Designer
STU150122,17,M,class_12,commerce,cbse,85.85,65.54,72.63,55.73,2.48,3.69,4.39,4.4,1.81,2.36,4.71,2.84,3.97,3.38,3.84,Investment Banker
STU210075,17,M,class_11,arts,state,81.57,100.0,60.05,74.09,3.42,4.29,3.61,3.27,1.98,1.1,3.48,2.73,3.44,4.59,3.43,Civil Lawyer
STU090135,18,M,class_12,science_pcb,icse,88.42,61.41,68.24,81.51,3.58,2.62,2.95,3.71,3.03,3.05,4.42,5.0,3.84,2.65,1.65,Dentist
STU310090,16,F,class_11,commerce,cbse,86.71,92.68,97.93,87.2,4.92,4.24,3.0,3.81,3.62,4.75,4.89,1.75,4.07,4.22,4.8,Environmental Scientist
STU220047,22,M,undergraduate,arts,cbse,76.54,72.09,47.19,86.78,4.25,2.9,3.42,2.57,2.46,2.35,2.36,4.56,3.95,3.95,3.14,UX/UI Designer
STU030119,16,F,class_10,commerce,cbse,88.71,82.0,66.65,77.24,4.51,3.28,3.5,2.86,3.68,4.51,4.72,2.43,1.51,3.51,3.2,AI/ML Engineer
STU020118,22,F,undergraduate,science_pcm,icse,51.59,68.97,97.88,70.8,4.83,4.26,3.77,2.5,1.62,3.73,4.88,3.15,1.98,4.0,2.54,Data Scientist
STU080055,18,M,undergraduate,science_pcb,cbse,85.55,78.92,76.27,24.25,3.43,4.56,3.53,4.68,1.2,3.54,4.92,2.82,4.66,3.3,3.6,Doctor (MBBS)
STU020108,17,F,class_12,science_pcm,icse,91.69,45.69,93.55,63.86,4.04,3.36,4.07,3.27,2.1,2.7,4.55,3.47,1.13,2.41,4.05,Data Scientist
STU020146,15,M,class_10,science_pcm,state,88.02,58.18,91.07,63.74,3.54,4.03,1.99,3.98,1.99,5.0,3.75,2.45,3.64,3.28,3.06,Data Scientist
STU170059,16,M,class_11,arts,cbse,81.86,77.88,68.9,77.6,4.35,4.72,3.54,1.7,1.67,2.28,1.84,3.1,2.98,4.28,2.32,Digital Marketing Manager
STU130136,15,M,class_9,science_pcm,cbse,85.94,74.09,81.26,45.72,4.52,4.65,4.09,3.62,3.74,2.72,4.27,3.25,4.85,3.8,3.1,Physiotherapist
STU030087,17,F,class_12,science_pcm,state,88.4,68.16,85.77,69.69,3.09,3.97,3.5,2.05,2.02,3.6,4.49,3.75,2.32,2.28,2.73,AI/ML Engineer
STU240005,21,F,undergraduate,undecided,state,61.1,72.85,57.78,68.84,2.82,4.24,4.33,3.05,3.74,4.2,3.17,4.03,3.14,3.42,1.43,Architect
STU220082,18,M,undergraduate,commerce,state,53.94,72.25,53.38,100.0,4.31,3.54,4.1,3.29,3.2,4.03,2.23,4.03,4.25,2.47,1.8,UX/UI Designer
STU330015,18,M,undergraduate,vocational,state,61.32,41.14,76.73,60.0,3.81,3.0,2.06,2.43,3.57,4.53,3.52,3.64,2.02,2.34,2.11,Chef / Culinary Arts
STU160093,15,O,class_10,commerce,state,67.59,85.19,75.01,74.13,4.38,4.25,4.3,3.99,2.22,2.88,4.7,1.42,4.41,3.75,3.63,Management Consultant
STU300076,19,M,undergraduate,commerce,cbse,73.14,40.42,81.83,83.78,2.91,4.51,4.52,4.7,3.0,5.0,4.5,2.85,2.92,4.01,1.96,Defence Officer (Indian Armed Forces)
STU250068,19,F,undergraduate,arts,state,72.75,48.0,56.17,96.03,3.7,4.7,3.12,3.08,2.28,3.32,2.92,4.43,4.17,2.75,1.89,Fashion Designer
STU300016,16,F,class_11,science_pcm,cbse,75.96,62.41,50.78,67.9,3.58,3.15,4.01,3.83,1.45,4.38,2.78,3.65,1.64,3.93,2.9,Defence Officer (Indian Armed Forces)
STU340059,16,O,class_10,science_pcm,cbse,86.25,44.65,56.88,72.59,2.37,4.47,2.49,2.57,2.21,3.7,3.04,3.02,3.15,1.97,3.26,Airline Pilot
STU110064,16,O,class_10,science_pcm,icse,55.36,67.25,67.57,45.0,4.37,3.69,3.85,3.6,4.87,2.94,3.88,2.14,4.28,2.83,2.13,Biomedical Engineer
STU140082,19,M,undergraduate,commerce,state,78.7,50.0,95.81,59.91,4.46,3.69,4.72,3.55,2.51,3.56,3.06,1.8,1.49,3.4,4.84,Chartered Accountant
STU100051,21,M,undergraduate,science_pcb,cbse,80.9,97.0,53.29,77.81,2.5,4.72,3.05,3.84,1.88,3.25,3.75,1.6,3.65,2.12,3.33,Pharmacist
STU050113,19,F,undergraduate,science_pcm,cbse,74.08,74.45,87.64,97.47,3.98,3.65,4.0,2.23,2.87,4.1,4.19,3.88,3.24,2.65,1.85,Cloud Architect
STU210045,20,F,undergraduate,arts,icse,71.1,95.88,82.02,52.64,4.38,4.39,3.87,2.84,1.3,1.2,2.84,3.99,4.22,3.84,4.29,Civil Lawyer
STU180084,17,F,class_12,undecided,cbse,81.38,58.98,64.57,42.74,3.78,3.99,4.75,2.27,1.7,1.95,3.71,3.93,4.9,4.23,3.92,Product Manager
STU020060,18,F,class_12,arts,cbse,77.65,73.02,67.37,80.86,3.38,3.1,2.71,3.93,1.82,4.47,4.81,1.66,1.9,2.8,3.93,Data Scientist
STU070010,17,F,class_12,science_pcm,cbse,57.56,77.55,74.89,75.71,3.32,4.6,4.23,2.75,2.98,3.68,4.03,1.7,2.24,1.73,2.58,Civil Engineer
STU090090,16,F,class_10,science_pcb,cbse,87.74,87.27,72.98,54.5,2.5,4.49,3.71,3.89,3.41,2.29,4.76,1.21,3.4,3.8,2.51,Dentist
STU330132,14,M,class_9,commerce,state,85.95,77.4,24.06,70.94,2.0,3.77,3.52,4.41,1.69,3.5,3.85,4.26,4.32,2.44,4.34,Chef / Culinary Arts
STU130043,20,M,undergraduate,science_pcb,icse,57.11,76.36,89.27,85.0,3.89,4.42,2.27,3.52,2.39,2.52,4.0,1.2,3.88,3.11,2.59,Physiotherapist
STU030150,17,F,class_12,science_pcm,cbse,89.65,48.63,52.13,52.0,4.9,4.0,3.27,2.95,2.84,2.96,2.85,3.31,3.61,3.81,2.19,AI/ML Engineer
STU280128,19,M,undergraduate,arts,state,72.12,81.63,36.4,42.36,3.78,2.93,5.0,3.0,3.79,1.75,3.57,5.0,4.73,3.35,3.46,Content Writer
STU340008,16,M,class_10,commerce,cbse,75.78,58.09,78.4,80.5,3.64,2.12,5.0,4.29,3.01,3.85,2.07,3.87,1.38,5.0,4.19,Airline Pilot
STU130021,19,M,undergraduate,science_pcb,cbse,71.91,61.82,69.08,55.65,2.99,3.99,4.06,4.17,1.62,3.93,3.7,1.87,4.94,1.72,2.97,Physiotherapist
STU070059,15,M,class_9,science_pcm,cbse,75.06,47.74,65.33,62.87,4.42,3.0,4.15,3.75,5.0,5.0,2.45,1.47,1.9,2.05,4.09,Civil Engineer
STU120144,15,F,class_10,arts,state,33.01,88.79,66.06,70.47,2.79,3.73,4.31,3.63,1.87,1.8,3.95,3.44,4.07,4.34,3.53,Clinical Psychologist
STU140085,19,F,undergraduate,commerce,state,84.34,86.03,85.68,51.99,4.13,4.77,4.56,2.75,2.88,1.76,4.28,1.92,3.57,4.2,4.35,Chartered Accountant
STU150036,16,F,class_10,undecided,state,63.0,64.12,75.49,74.66,2.64,4.24,4.09,4.11,1.3,2.65,1.87,1.0,3.08,5.0,4.09,Investment Banker
STU050055,16,M,class_11,undecided,cbse,68.0,54.22,87.62,85.27,4.61,1.57,2.76,3.96,1.0,3.8,3.6,1.56,2.28,4.0,3.25,Cloud Architect
STU170106,19,M,undergraduate,commerce,cbse,91.71,90.3,92.0,76.93,3.38,1.2,3.2,3.19,1.29,1.23,2.91,1.89,2.2,4.27,4.63,Digital Marketing Manager
STU270123,21,M,undergraduate,arts,cbse,80.3,48.24,73.98,97.61,4.77,2.37,4.17,2.53,1.19,1.17,3.24,5.0,4.29,4.36,1.1,Film Director
STU030032,18,M,undergraduate,vocational,icse,82.56,72.76,85.74,52.0,4.38,3.21,2.85,4.3,3.17,4.56,3.94,2.57,3.55,3.6,2.27,AI/ML Engineer
STU120111,16,F,class_11,science_pcb,cbse,59.12,36.94,62.86,80.93,2.5,4.86,4.36,4.63,1.32,3.48,3.91,3.54,4.65,2.92,3.88,Clinical Psychologist
STU170052,16,M,class_11,undecided,state,70.1,62.53,71.39,46.11,4.09,4.75,4.89,2.31,1.7,1.65,2.77,2.45,3.25,4.39,3.68,Digital Marketing Manager
STU280141,18,F,undergraduate,commerce,cbse,86.0,55.34,52.58,53.6,4.2,3.91,4.13,3.4,4.09,3.07,2.05,4.01,4.34,3.67,3.8,Content Writer
STU330061,17,F,class_12,arts,state,64.75,68.36,53.73,98.0,4.5,4.27,3.67,2.66,4.2,3.8,2.23,3.17,3.29,2.73,2.72,Chef / Culinary Arts
STU030112,15,F,class_9,science_pcm,icse,56.45,54.71,65.0,79.91,3.95,4.2,1.8,4.24,1.68,3.97,3.9,3.58,2.46,2.41,2.78,AI/ML Engineer
STU120125,18,F,undergraduate,arts,icse,55.0,65.79,100.0,69.93,2.75,4.15,4.26,5.0,2.94,2.96,4.87,3.7,4.83,1.33,2.86,Clinical Psychologist
STU270051,15,M,class_10,arts,state,84.0,78.92,51.7,40.47,1.87,3.19,4.15,4.37,2.13,1.66,1.0,4.08,4.53,3.39,1.51,Film Director
STU160026,17,M,class_12,science_pcm,cbse,93.94,67.4,62.29,72.21,4.04,3.55,3.2,4.17,1.2,2.14,2.47,3.12,3.06,4.45,2.9,Management Consultant
STU170077,16,M,class_11,arts,cbse,67.2,76.48,77.91,66.11,2.9,4.47,4.09,3.93,1.2,1.89,3.54,4.04,2.27,4.62,4.1,Digital Marketing Manager
STU220033,20,M,undergraduate,commerce,icse,42.0,69.55,97.7,89.43,4.18,4.43,3.93,4.08,3.13,3.72,1.97,4.32,4.3,1.7,2.08,UX/UI Designer
STU300052,18,F,undergraduate,undecided,icse,83.48,36.21,85.27,64.41,3.11,4.01,2.49,3.82,3.25,4.38,3.25,2.38,2.63,3.2,2.03,Defence Officer (Indian Armed Forces)
STU330073,17,M,class_12,commerce,ib,85.12,42.79,62.46,93.64,2.81,3.0,2.33,3.48,2.34,4.28,3.28,1.74,3.0,3.27,1.99,Chef / Culinary Arts
STU260115,17,O,class_11,commerce,state,81.29,86.29,37.55,36.59,3.9,3.9,4.66,3.22,3.67,2.67,2.7,3.87,4.36,3.75,2.47,Journalist
STU150012,18,F,class_12,science_pcm,cbse,83.18,75.11,73.79,65.08,3.27,3.51,2.93,3.39,2.66,2.36,4.2,2.83,2.34,4.27,3.91,Investment Banker
STU190106,18,F,class_12,arts,cbse,74.83,61.89,85.26,30.63,3.52,4.06,1.94,2.42,3.27,3.64,4.03,4.76,4.72,4.04,3.45,Entrepreneur
STU190081,15,M,class_9,commerce,state,66.94,60.28,60.37,60.75,4.37,5.0,3.6,2.47,2.29,4.59,2.71,1.83,2.2,4.36,2.5,Entrepreneur
STU250113,16,F,class_11,arts,state,64.99,83.66,66.97,66.73,4.27,3.95,4.62,4.41,1.9,2.71,4.38,3.8,3.35,2.48,1.13,Fashion Designer
STU250018,15,F,class_10,undecided,state,54.56,57.74,58.75,78.16,3.91,2.63,2.89,3.19,3.12,2.71,1.63,4.2,1.45,3.92,1.55,Fashion Designer
STU240067,17,F,class_12,science_pcm,ib,44.5,74.12,57.68,78.13,3.87,4.64,1.36,2.93,3.18,2.14,3.6,4.2,5.0,1.73,1.21,Architect
STU300032,15,M,class_9,undecided,state,75.22,47.27,57.3,97.06,2.16,3.57,4.29,4.43,2.49,4.07,3.48,4.5,4.98,3.7,3.19,Defence Officer (Indian Armed Forces)
STU250125,17,M,class_12,arts,icse,79.54,58.2,47.86,96.04,4.04,4.21,2.37,3.03,1.9,2.01,3.93,4.59,2.75,3.04,1.0,Fashion Designer
STU030131,21,M,undergraduate,science_pcm,cbse,77.07,63.62,76.97,63.99,4.1,3.62,2.24,3.38,2.76,4.4,4.6,2.95,1.41,2.05,3.36,AI/ML Engineer
STU220116,20,F,undergraduate,arts,icse,45.72,59.36,38.4,72.17,5.0,2.68,3.24,2.46,1.66,3.66,2.28,5.0,4.57,3.18,2.03,UX/UI Designer
STU240024,18,M,undergraduate,science_pcm,cbse,46.38,48.0,51.36,74.36,3.92,3.63,3.61,3.81,3.45,1.2,2.4,4.43,4.6,3.76,1.86,Architect
STU100017,17,F,class_11,undecided,icse,62.35,69.54,65.77,57.58,3.0,4.46,3.83,3.96,2.02,3.1,4.87,2.17,3.24,1.55,1.87,Pharmacist
STU020024,15,F,class_10,science_pcm,icse,83.32,55.83,71.03,85.33,4.03,3.51,1.88,2.24,2.55,4.37,4.79,3.18,1.76,2.86,1.96,Data Scientist
STU330097,22,F,undergraduate,vocational,cbse,80.49,50.43,52.11,80.94,1.27,3.23,2.96,2.9,2.68,3.58,3.71,3.23,1.2,1.02,3.47,Chef / Culinary Arts
STU080127,14,F,class_9,science_pcb,cbse,76.25,83.29,80.01,75.41,4.0,4.41,3.11,3.57,3.22,2.04,4.04,2.76,4.91,2.14,3.84,Doctor (MBBS)
STU240030,17,M,class_12,science_pcm,ib,31.49,44.75,55.26,90.44,4.52,4.09,4.21,2.95,3.79,1.27,3.96,4.35,4.43,2.94,2.62,Architect
STU100127,16,F,class_10,science_pcm,cbse,57.13,77.26,76.85,72.92,3.39,4.78,4.33,3.98,3.6,2.46,4.44,1.35,4.11,1.81,2.8,Pharmacist
STU300091,22,F,undergraduate,arts,cbse,51.89,44.92,66.71,69.99,2.2,3.45,4.06,4.78,1.3,3.72,3.02,1.3,3.7,3.82,2.93,Defence Officer (Indian Armed Forces)
STU210076,17,F,class_12,undecided,state,96.0,99.16,55.55,80.24,4.14,3.45,2.75,2.0,2.45,1.77,3.53,3.25,5.0,4.07,3.91,Civil Lawyer
STU010103,18,M,class_12,science_pcm,state,86.16,40.26,91.63,70.71,4.31,3.86,2.6,4.0,3.56,4.31,4.7,2.43,2.41,2.87,2.66,Software Engineer
STU230065,17,F,class_11,undecided,cbse,84.0,61.14,34.02,63.13,4.99,4.62,4.19,4.52,1.49,3.45,1.81,4.24,3.36,2.62,1.56,Graphic Designer
STU240010,16,F,class_10,arts,icse,47.8,48.0,77.43,91.79,3.46,4.37,2.73,3.84,2.29,2.34,1.8,4.3,2.88,2.17,3.19,Architect
STU140003,18,M,undergraduate,commerce,cbse,76.68,68.28,98.6,49.6,3.67,3.62,4.41,2.89,2.93,1.68,3.86,2.93,2.94,3.81,2.88,Chartered Accountant
STU090064,17,M,class_12,science_pcb,cbse,89.33,78.03,81.75,67.2,3.22,3.95,1.84,4.4,1.36,3.73,4.01,1.52,4.55,2.36,2.42,Dentist
STU210009,16,M,class_11,science_pcm,state,86.17,97.16,61.78,75.57,2.7,3.78,3.5,2.36,1.58,1.95,3.02,1.78,4.37,4.48,2.62,Civil Lawyer
STU220133,14,F,class_9,commerce,state,68.49,74.3,71.86,77.77,4.18,3.77,2.72,2.15,3.29,1.67,1.67,4.97,1.99,3.8,1.0,UX/UI Designer
STU240043,22,F,undergraduate,science_pcm,cbse,14.34,86.13,78.0,93.07,4.77,3.12,2.9,2.99,1.43,4.2,2.77,3.85,4.39,3.93,1.63,Architect
STU220051,17,F,class_12,arts,state,70.77,66.67,57.25,100.0,4.0,2.41,4.42,3.06,2.26,3.61,3.35,4.78,3.32,3.53,3.4,UX/UI Designer
STU200010,22,M,undergraduate,undecided,icse,83.75,87.64,47.12,63.59,3.08,5.0,4.57,3.95,3.63,1.74,4.07,1.68,4.74,4.31,4.16,Corporate Lawyer
STU330059,20,F,undergraduate,vocational,cbse,84.83,58.58,78.14,32.64,3.6,4.18,2.0,2.9,1.33,5.0,2.28,1.94,1.2,4.06,3.65,Chef / Culinary Arts
STU230017,16,M,class_11,undecided,cbse,53.41,70.0,59.45,69.18,4.75,3.93,1.28,3.29,4.05,2.83,2.2,4.59,3.35,3.72,1.25,Graphic Designer
STU210107,22,F,undergraduate,arts,cbse,90.06,72.83,53.25,43.93,3.85,4.92,2.42,3.28,3.44,3.32,2.38,3.86,3.44,3.72,1.38,Civil Lawyer
STU110144,14,M,class_9,undecided,state,75.03,69.58,70.83,56.28,4.03,3.4,4.29,4.82,2.65,3.68,4.84,3.61,4.18,2.65,2.66,Biomedical Engineer
STU340052,17,M,class_12,science_pcm,icse,82.35,68.86,93.2,76.44,4.37,3.7,3.56,4.2,1.88,4.91,2.33,3.96,1.81,3.76,3.31,Airline Pilot
STU010001,19,M,undergraduate,science_pcm,icse,72.75,50.25,91.7,61.17,4.06,3.29,2.68,3.24,1.81,4.3,3.66,3.09,3.79,2.07,1.7,Software Engineer
STU110081,19,M,undergraduate,science_pcm,cbse,56.58,93.76,71.8,64.82,4.6,4.68,2.84,4.34,2.18,1.8,4.58,3.27,4.19,2.31,2.53,Biomedical Engineer
STU340060,17,F,class_12,vocational,cbse,64.19,35.0,77.42,91.35,2.98,3.49,2.85,2.71,1.1,4.37,3.77,3.94,4.07,3.13,3.28,Airline Pilot
STU290002,14,F,class_9,arts,cbse,89.25,100.0,84.42,97.74,4.32,4.47,4.39,4.55,3.8,2.96,4.55,2.56,4.72,2.82,4.33,IAS Officer
STU100007,16,F,class_11,science_pcb,state,82.24,90.5,21.05,76.57,3.95,5.0,2.32,3.59,3.36,1.77,4.82,1.54,4.59,1.98,4.09,Pharmacist
STU240091,20,O,undergraduate,undecided,state,69.64,87.2,48.79,78.67,4.65,4.45,4.37,3.55,2.65,3.46,2.06,4.65,4.61,4.8,3.14,Architect
STU180028,16,F,class_10,commerce,icse,77.02,76.12,62.46,68.48,4.75,3.39,3.55,2.77,3.06,1.68,2.05,3.29,2.89,4.41,2.64,Product Manager
STU160079,15,M,class_10,undecided,ib,75.53,59.87,65.63,52.98,3.18,3.93,3.47,2.49,1.75,1.95,2.32,3.96,4.61,4.07,3.97,Management Consultant
STU150024,18,O,class_12,vocational,icse,84.69,65.46,82.92,58.62,4.14,4.17,2.57,3.35,3.48,1.56,3.41,1.89,3.27,4.05,4.9,Investment Banker
STU160063,20,F,undergraduate,science_pcm,icse,72.56,68.23,34.06,71.42,3.1,4.92,4.75,2.9,2.8,1.24,1.77,1.98,3.68,3.68,4.1,Management Consultant
STU030097,15,F,class_10,science_pcm,icse,74.06,52.53,76.97,70.34,3.63,4.22,2.54,2.59,3.48,3.73,4.79,1.94,1.3,1.8,3.72,AI/ML Engineer
STU250012,21,M,undergraduate,commerce,cbse,76.75,53.51,63.79,67.04,3.9,4.29,2.79,4.8,2.25,2.43,2.62,4.15,4.88,1.92,1.08,Fashion Designer
STU080015,16,F,class_11,science_pcb,state,57.05,40.91,86.41,85.0,3.58,4.14,2.36,3.96,3.32,3.44,4.25,3.02,4.45,3.22,1.92,Doctor (MBBS)
STU170058,16,M,class_11,commerce,state,63.65,100.0,74.79,86.0,4.22,3.64,3.77,3.62,3.97,4.8,4.58,1.3,5.0,2.62,3.87,Digital Marketing Manager
STU150098,15,M,class_10,commerce,cbse,82.54,57.15,72.0,76.89,2.69,2.6,3.52,3.12,2.43,1.69,3.95,2.38,3.72,3.69,4.24,Investment Banker
STU150143,21,F,undergraduate,vocational,cbse,55.07,73.79,89.09,42.08,3.34,4.57,3.69,3.15,1.3,1.68,2.6,3.11,3.43,3.31,3.67,Investment Banker
STU060069,15,M,class_10,science_pcm,cbse,66.07,51.43,90.0,72.29,3.64,3.36,4.03,3.77,2.03,4.16,4.17,3.88,1.58,3.59,3.96,Mechanical Engineer
STU130013,17,M,class_11,science_pcb,icse,50.17,88.2,72.79,56.94,3.48,4.29,3.15,4.57,1.71,4.2,3.76,3.03,3.55,3.94,1.6,Physiotherapist
STU180109,17,M,class_12,science_pcm,icse,85.78,83.27,90.15,65.17,3.41,3.55,3.35,3.52,3.27,3.28,2.52,3.7,2.52,3.99,3.05,Product Manager
STU110053,19,F,undergraduate,science_pcm,icse,62.5,80.32,87.68,82.48,4.02,2.96,3.91,3.55,1.91,2.98,4.72,2.25,3.66,3.41,3.1,Biomedical Engineer
STU220115,20,F,undergraduate,undecided,cbse,70.58,54.33,69.01,94.66,3.94,2.3,2.71,2.26,1.92,3.76,5.0,4.84,4.47,1.75,2.75,UX/UI Designer
STU060067,22,M,undergraduate,science_pcm,state,58.52,65.43,81.15,80.21,3.7,4.12,3.45,2.26,1.28,3.92,4.25,3.9,1.69,4.04,3.58,Mechanical Engineer
STU110073,22,F,undergraduate,science_pcm,icse,76.33,69.4,62.0,67.96,4.18,4.92,4.3,4.55,3.83,3.7,4.44,3.06,3.99,2.79,4.28,Biomedical Engineer
STU210101,19,M,undergraduate,arts,state,71.1,84.04,38.04,39.55,4.48,4.38,3.74,2.84,4.11,1.1,4.09,2.9,3.85,3.96,2.2,Civil Lawyer
STU130001,18,M,class_12,undecided,cbse,75.86,65.04,87.04,77.71,4.35,4.61,2.67,4.09,2.29,4.55,3.78,3.29,5.0,1.85,3.46,Physiotherapist
STU300028,15,M,class_10,vocational,icse,65.2,66.65,45.0,98.0,2.38,1.56,2.32,2.1,3.6,4.67,3.66,1.52,3.22,2.31,3.38,Defence Officer (Indian Armed Forces)
STU030082,16,F,class_10,science_pcm,ib,47.26,57.34,80.94,46.38,4.38,4.56,3.64,2.33,1.6,3.91,5.0,1.68,2.57,3.55,1.76,AI/ML Engineer
STU210002,18,F,class_12,undecided,cbse,63.0,86.13,55.84,59.55,3.52,4.53,3.54,3.59,2.29,2.21,4.04,3.65,4.01,4.66,4.37,Civil Lawyer
STU330072,17,M,class_11,undecided,cbse,55.69,67.31,62.91,66.61,2.52,4.02,4.14,4.1,3.89,4.74,4.5,1.55,4.09,3.53,3.65,Chef / Culinary Arts
STU250056,18,F,class_12,commerce,cbse,84.0,55.37,66.62,62.0,4.09,2.6,4.25,2.75,3.62,3.11,1.48,4.69,3.55,4.13,1.56,Fashion Designer
STU320050,18,F,undergraduate,commerce,state,60.0,85.55,60.54,75.79,3.19,2.45,4.56,4.8,1.2,3.0,4.7,1.2,2.42,3.99,2.32,Sports Manager
STU300065,14,F,class_9,science_pcm,icse,33.06,29.93,62.99,62.34,3.14,3.63,2.34,2.44,3.25,4.15,4.46,4.05,3.27,2.6,3.85,Defence Officer (Indian Armed Forces)
STU190144,19,M,undergraduate,undecided,icse,94.0,55.37,72.59,52.44,3.12,3.15,4.22,3.13,3.46,2.06,4.52,1.65,2.44,3.56,4.65,Entrepreneur
STU170136,18,F,undergraduate,undecided,state,83.16,70.37,74.64,53.85,3.66,3.61,3.62,4.2,2.21,2.42,3.74,4.16,4.45,4.65,2.29,Digital Marketing Manager
STU230066,14,M,class_9,arts,icse,62.77,80.57,52.28,89.21,4.02,4.37,4.02,2.2,1.67,3.28,3.43,3.45,5.0,2.82,3.09,Graphic Designer
STU260131,21,M,undergraduate,arts,state,72.77,97.73,35.0,59.5,3.96,3.78,5.0,3.08,2.89,3.0,2.0,4.16,4.03,4.51,2.99,Journalist
STU230010,17,M,class_11,arts,icse,84.0,52.32,52.95,94.7,4.18,2.45,2.99,2.2,1.73,3.55,3.84,4.44,4.62,1.4,2.74,Graphic Designer
STU040105,16,M,class_11,vocational,state,100.0,52.0,48.84,64.1,2.34,4.35,3.58,3.23,3.16,2.7,4.3,2.17,1.75,2.56,2.42,Cybersecurity Analyst
STU080110,19,M,undergraduate,science_pcb,cbse,55.0,98.0,75.25,53.0,3.59,4.36,3.04,1.0,1.2,3.39,3.89,2.82,3.92,3.49,2.52,Doctor (MBBS)
STU090014,18,M,class_12,undecided,cbse,92.0,77.07,66.75,68.49,3.9,3.87,4.32,3.5,3.46,2.33,5.0,1.2,5.0,2.21,2.46,Dentist
STU160046,18,M,undergraduate,science_pcm,state,61.66,80.9,86.31,63.34,4.22,2.9,4.64,2.55,1.55,2.78,2.45,3.51,3.4,4.46,4.13,Management Consultant
STU290031,17,M,class_11,science_pcm,state,43.14,78.13,79.31,72.44,4.88,3.57,3.0,4.13,2.92,4.14,4.7,2.74,4.26,3.5,3.6,IAS Officer
STU170065,17,F,class_12,science_pcm,cbse,87.59,95.0,92.0,43.01,2.86,3.76,3.43,3.03,2.73,2.17,4.2,2.32,2.75,4.17,2.85,Digital Marketing Manager
STU050101,22,M,undergraduate,vocational,cbse,75.69,82.0,89.97,29.9,3.27,3.27,1.8,3.54,2.43,4.81,4.51,3.23,1.87,2.18,3.08,Cloud Architect
STU310101,21,F,undergraduate,undecided,state,72.63,80.21,99.0,71.95,4.42,4.0,3.76,3.19,1.5,2.87,3.54,1.73,4.97,4.37,3.09,Environmental Scientist
STU220058,16,F,class_10,arts,icse,47.66,70.77,78.0,91.11,4.22,1.0,1.03,4.14,1.68,3.8,3.18,5.0,3.1,1.7,1.44,UX/UI Designer
STU330140,15,M,class_10,vocational,ib,83.97,55.99,59.15,72.08,2.56,3.23,3.52,2.78,3.75,3.72,3.47,3.21,1.2,4.31,4.78,Chef / Culinary Arts
STU100106,15,F,class_9,science_pcb,cbse,92.0,61.19,68.03,79.74,4.51,4.32,2.8,3.5,3.54,2.6,4.38,1.75,3.4,1.73,1.68,Pharmacist
STU330111,15,F,class_10,vocational,icse,74.61,74.63,76.16,93.39,2.42,3.41,2.84,3.5,1.71,4.73,4.5,4.08,1.05,1.7,4.02,Chef / Culinary Arts
STU150073,16,M,class_10,commerce,icse,88.28,75.56,96.49,54.32,2.2,4.63,2.0,2.33,1.99,1.5,4.48,2.56,1.96,3.65,3.71,Investment Banker
STU150005,17,F,class_11,science_pcm,cbse,61.91,60.08,95.73,41.82,2.13,3.5,2.6,3.5,1.43,2.52,4.16,1.27,4.0,1.58,3.52,Investment Banker
STU060117,15,F,class_10,science_pcm,state,57.29,49.55,77.84,86.71,4.63,3.76,3.59,3.92,3.18,4.38,2.04,3.59,3.19,1.95,3.4,Mechanical Engineer
STU110145,18,F,class_12,science_pcm,state,51.25,43.55,91.33,51.77,3.9,1.0,3.5,5.0,3.02,3.25,4.02,3.29,5.0,2.74,3.24,Biomedical Engineer
STU300082,19,M,undergraduate,undecided,icse,52.84,45.81,84.71,96.96,2.11,3.42,1.37,4.39,2.27,3.86,3.52,2.85,3.63,2.66,3.48,Defence Officer (Indian Armed Forces)
STU340048,18,F,undergraduate,science_pcm,state,88.0,38.59,84.33,32.86,1.86,4.18,3.36,3.89,3.73,4.37,3.59,4.51,1.85,3.01,5.0,Airline Pilot
STU100141,18,F,class_12,science_pcb,state,64.14,64.19,62.0,64.64,2.77,4.9,4.23,4.85,3.85,2.94,4.27,1.97,4.01,2.18,5.0,Pharmacist
STU160017,18,M,class_12,undecided,cbse,86.2,62.9,65.0,60.2,4.25,3.51,2.99,3.1,2.11,2.53,2.22,1.2,4.1,3.43,3.85,Management Consultant
STU050130,15,F,class_10,commerce,state,92.7,73.24,88.89,52.0,3.25,3.31,3.66,3.62,3.18,3.06,4.07,1.95,1.64,1.83,2.1,Cloud Architect
STU290107,18,M,class_12,vocational,cbse,96.38,100.0,80.36,71.77,4.24,4.63,3.62,3.48,4.93,2.0,4.83,3.29,4.98,4.24,2.1,IAS Officer
STU180023,14,M,class_9,commerce,cbse,83.63,63.51,56.83,55.19,3.56,4.04,3.55,4.46,4.8,3.55,3.07,3.92,4.43,3.44,4.4,Product Manager
STU130137,21,M,undergraduate,undecided,cbse,62.24,72.0,73.39,69.9,2.9,5.0,4.55,4.79,2.11,1.86,3.71,3.36,4.19,1.66,3.35,Physiotherapist
STU080061,15,M,class_10,science_pcb,icse,55.0,60.0,93.92,77.86,3.25,3.7,2.69,3.74,2.82,4.28,3.74,3.45,4.41,2.58,3.0,Doctor (MBBS)
STU280102,20,F,undergraduate,arts,state,55.93,100.0,36.55,82.57,3.46,4.82,4.45,4.72,3.83,2.27,2.73,3.46,1.0,4.2,3.62,Content Writer
STU310065,16,F,class_10,undecided,cbse,71.11,93.19,78.66,93.56,3.5,4.21,4.28,4.83,2.57,4.13,4.03,1.3,4.59,4.42,3.11,Environmental Scientist
STU080136,18,M,class_12,undecided,cbse,88.49,27.14,95.82,80.46,3.97,4.55,4.5,3.59,4.79,3.38,2.59,3.64,4.92,3.8,2.75,Doctor (MBBS)
STU140058,18,F,class_12,commerce,ib,80.89,71.36,82.35,62.06,3.13,3.78,3.51,3.01,1.58,2.07,4.05,1.22,2.77,4.61,3.99,Chartered Accountant
STU020044,18,F,class_12,science_pcm,icse,75.26,65.63,65.56,89.77,3.89,4.8,2.44,4.31,2.44,4.35,3.6,2.56,2.56,1.94,2.88,Data Scientist
STU110016,18,F,class_12,science_pcm,state,62.4,64.28,96.25,78.51,3.12,4.16,3.18,4.2,3.5,2.78,5.0,1.26,3.44,4.05,3.68,Biomedical Engineer
STU040129,17,M,class_11,science_pcm,cbse,97.0,48.69,81.77,68.23,3.55,4.04,2.96,2.78,2.64,2.86,4.43,3.17,2.84,2.46,3.84,Cybersecurity Analyst
STU100080,15,M,class_10,science_pcb,cbse,72.23,85.32,64.01,74.41,4.6,4.69,3.22,4.63,1.86,2.49,3.99,2.89,4.54,1.87,1.6,Pharmacist
STU340003,17,F,class_12,science_pcm,icse,62.71,78.0,52.05,82.89,2.6,4.63,3.28,4.62,2.85,3.69,2.25,3.06,3.25,1.67,3.15,Airline Pilot
STU340137,17,M,class_12,science_pcm,cbse,52.96,78.0,67.42,65.16,3.72,4.56,2.52,4.7,3.49,4.56,2.22,1.52,1.66,3.88,2.83,Airline Pilot
STU130047,14,F,class_9,science_pcb,cbse,33.46,85.18,78.49,78.24,2.87,3.65,4.2,4.92,4.11,2.56,4.74,2.53,4.78,1.38,1.97,Physiotherapist
STU010132,17,M,class_11,science_pcm,icse,86.47,75.65,89.04,76.63,3.65,3.69,1.95,2.82,2.17,4.71,4.47,2.03,2.14,3.83,2.85,Software Engineer
STU020029,18,F,class_12,science_pcm,state,85.58,49.06,93.71,60.59,3.97,4.22,2.04,3.1,3.41,3.46,4.73,1.33,2.6,2.64,2.49,Data Scientist
STU310060,17,F,class_12,arts,state,83.26,70.0,91.59,96.36,4.51,4.71,3.4,3.12,1.92,3.45,3.64,2.91,4.42,4.33,3.27,Environmental Scientist
STU190110,18,F,class_12,arts,cbse,78.57,61.02,85.85,97.53,4.34,3.35,4.82,3.32,3.04,2.63,2.83,1.26,3.38,4.97,4.12,Entrepreneur
STU260040,16,M,class_11,arts,icse,47.38,18.03,69.08,41.57,3.5,1.03,3.92,4.7,2.71,1.09,2.68,3.92,4.44,2.59,3.0,Journalist
STU170071,17,M,class_12,undecided,cbse,60.0,65.77,72.82,81.32,3.58,3.94,3.24,2.2,3.6,3.57,2.85,2.09,3.85,3.94,4.16,Digital Marketing Manager
STU300019,17,F,class_11,vocational,state,76.7,48.71,61.18,91.61,4.36,3.31,3.07,3.88,4.05,4.39,2.63,3.41,2.22,2.82,2.06,Defence Officer (Indian Armed Forces)
STU140124,20,M,undergraduate,commerce,ib,70.85,55.12,76.8,50.53,3.94,1.28,3.24,2.81,3.77,1.91,4.05,1.56,2.16,4.12,4.71,Chartered Accountant
STU050059,16,M,class_10,science_pcm,cbse,93.79,60.59,74.08,66.23,3.0,3.93,1.8,2.44,1.63,3.72,4.48,3.03,2.77,3.85,4.2,Cloud Architect
STU130097,16,F,class_10,science_pcb,state,86.79,83.37,69.74,63.07,3.03,3.6,3.52,4.48,3.9,3.41,4.36,1.2,4.6,2.13,3.28,Physiotherapist
STU240015,15,F,class_10,science_pcm,cbse,27.38,66.69,42.96,96.35,3.62,3.93,4.13,4.8,4.0,4.19,3.32,4.1,4.6,1.16,1.27,Architect
STU260073,21,F,undergraduate,commerce,icse,75.23,79.33,45.49,68.85,1.0,4.52,4.3,3.93,2.27,2.98,1.45,4.73,4.95,4.8,3.8,Journalist
STU030043,15,M,class_10,vocational,state,68.51,48.65,73.98,56.2,4.47,3.89,3.53,2.2,2.37,2.89,3.6,4.1,3.49,3.84,4.2,AI/ML Engineer
STU180102,16,M,class_11,science_pcm,cbse,40.28,62.78,77.7,71.75,1.79,4.95,4.09,4.34,3.21,1.3,4.55,2.2,3.63,3.22,3.67,Product Manager
STU050128,18,F,class_12,commerce,cbse,68.0,62.38,100.0,75.11,3.0,3.16,2.22,3.96,2.52,4.31,5.0,1.4,1.88,1.84,3.57,Cloud Architect
STU270050,14,F,class_9,arts,cbse,100.0,72.85,65.51,84.16,5.0,4.51,2.4,3.08,1.77,4.05,3.4,4.37,2.3,4.8,2.04,Film Director
STU070077,16,F,class_10,science_pcm,cbse,86.23,78.0,82.09,85.8,3.07,3.38,2.97,2.1,3.51,5.0,3.01,2.5,3.59,3.39,4.7,Civil Engineer
STU150025,17,M,class_12,commerce,icse,63.0,65.55,90.84,68.11,3.48,4.98,4.04,3.72,4.1,3.7,3.29,1.41,1.4,3.61,4.05,Investment Banker
STU240078,18,M,undergraduate,science_pcm,icse,74.31,74.41,35.0,73.17,4.19,4.7,2.58,1.59,2.41,1.28,4.0,3.87,2.96,4.8,2.76,Architect
STU130129,15,M,class_9,science_pcb,ib,69.36,44.72,82.1,84.76,2.51,5.0,3.24,3.55,1.93,2.13,3.74,2.82,4.21,2.87,2.66,Physiotherapist
STU300137,17,F,class_11,science_pcm,state,74.69,59.22,45.0,60.75,3.61,4.88,4.25,3.92,1.88,4.9,2.68,1.94,1.77,2.55,4.25,Defence Officer (Indian Armed Forces)
STU230083,16,F,class_10,undecided,state,73.0,56.41,75.89,70.58,4.87,2.7,4.81,2.97,2.05,2.45,3.99,3.8,3.68,3.83,3.5,Graphic Designer
STU090100,17,F,class_12,undecided,cbse,84.67,97.0,95.0,76.51,3.57,4.72,3.12,3.38,2.26,2.04,3.89,1.2,4.76,1.97,2.11,Dentist
STU210126,17,M,class_12,arts,cbse,88.95,85.8,81.38,44.24,3.15,4.28,2.77,2.68,2.38,3.5,3.24,2.55,3.34,4.39,3.66,Civil Lawyer
STU320044,18,F,class_12,commerce,cbse,84.46,89.54,58.56,54.22,2.8,4.42,1.88,2.24,1.46,2.22,2.0,2.15,3.75,4.3,3.7,Sports Manager
STU050061,17,F,class_11,science_pcm,state,93.36,56.95,91.22,74.41,4.9,3.91,3.57,2.79,2.39,3.68,3.93,1.85,2.76,2.21,3.07,Cloud Architect
STU120141,16,F,class_11,science_pcb,cbse,62.94,76.09,71.6,56.24,3.99,4.13,4.08,4.54,2.65,3.99,4.39,2.61,4.44,2.19,3.8,Clinical Psychologist
STU170093,20,F,undergraduate,arts,cbse,60.0,71.09,64.18,72.8,3.1,4.18,2.39,4.8,3.16,2.71,4.05,2.35,3.13,3.63,3.65,Digital Marketing Manager
STU200056,17,M,class_12,arts,cbse,86.84,91.61,83.06,48.88,4.55,3.32,4.7,3.54,3.98,1.1,4.0,1.8,2.86,4.74,4.23,Corporate Lawyer
STU210110,15,M,class_9,commerce,cbse,66.3,86.78,51.56,82.0,4.8,4.84,4.44,2.07,2.51,3.25,2.6,3.61,4.9,3.35,2.65,Civil Lawyer
STU160031,15,F,class_10,arts,icse,67.77,76.54,76.99,50.59,4.28,4.46,3.51,4.17,2.48,2.22,2.66,1.88,2.94,4.96,2.87,Management Consultant
STU220040,16,M,class_11,arts,cbse,66.34,70.56,65.39,87.4,4.5,3.45,4.73,4.06,1.72,3.64,2.24,4.31,3.67,3.87,2.08,UX/UI Designer
STU190143,14,F,class_9,arts,ib,84.96,93.31,64.62,69.99,4.14,3.88,3.2,3.28,2.05,1.55,4.17,4.89,2.35,4.39,3.94,Entrepreneur
STU260004,18,F,class_12,science_pcb,ib,61.59,77.35,39.68,48.4,4.78,2.4,3.87,3.57,2.07,3.7,2.18,4.17,3.75,3.82,2.47,Journalist
STU230037,15,F,class_9,undecided,cbse,44.15,61.57,40.73,78.74,4.19,4.59,2.94,3.73,4.5,5.0,3.71,4.59,3.38,4.74,2.06,Graphic Designer
STU090079,18,O,class_12,science_pcb,state,55.0,70.66,73.51,45.3,2.71,4.2,2.2,3.93,3.9,3.0,5.0,2.12,4.28,3.74,2.84,Dentist
STU220060,17,F,class_12,arts,icse,48.92,47.36,66.68,76.55,4.63,2.95,3.83,4.81,3.85,3.64,1.86,4.27,3.0,1.16,1.38,UX/UI Designer
STU110122,18,M,class_12,undecided,state,64.24,85.02,77.23,76.51,3.86,3.88,3.18,4.44,1.61,2.34,4.44,2.11,4.31,1.2,1.17,Biomedical Engineer
STU220001,22,F,undergraduate,arts,state,71.77,50.54,67.47,79.24,4.0,4.48,4.24,2.72,3.73,3.72,3.02,1.75,4.57,2.8,2.5,UX/UI Designer
STU200105,16,F,class_11,arts,icse,74.75,97.75,86.32,63.6,4.13,3.6,4.74,2.0,1.3,3.38,4.9,2.11,4.58,4.24,2.49,Corporate Lawyer
STU010068,18,M,class_12,science_pcm,cbse,93.96,69.81,30.99,64.58,4.88,4.4,2.25,3.73,2.86,3.53,3.52,3.06,2.23,2.27,1.96,Software Engineer
STU180140,22,M,undergraduate,science_pcm,state,88.3,69.65,61.58,57.68,3.77,3.84,4.6,4.65,3.81,1.27,3.96,4.16,4.62,4.78,4.07,Product Manager
STU150114,18,M,undergraduate,commerce,cbse,23.32,50.0,97.4,55.06,3.76,2.89,2.63,2.71,1.9,1.4,2.75,2.78,3.4,3.29,3.9,Investment Banker
STU270058,14,F,class_9,arts,state,51.97,66.23,44.95,90.17,4.54,3.75,1.65,2.88,1.4,4.1,3.16,4.65,1.0,4.1,1.61,Film Director
STU060071,22,F,undergraduate,vocational,state,84.68,57.73,72.02,87.93,4.85,4.25,3.95,4.7,3.44,5.0,2.5,1.56,1.37,4.03,2.59,Mechanical Engineer
STU090027,17,M,class_12,science_pcb,cbse,79.81,77.61,90.44,85.0,3.41,3.79,2.63,4.55,4.37,3.84,3.64,1.37,4.86,2.71,3.36,Dentist
STU210127,17,F,class_12,commerce,icse,80.71,86.3,58.41,70.88,4.36,4.25,3.02,4.7,3.0,3.22,4.9,3.12,3.65,4.21,3.04,Civil Lawyer
STU290076,15,F,class_10,science_pcm,cbse,70.0,72.92,72.49,82.76,3.9,4.84,3.53,3.1,1.73,2.98,3.49,2.89,4.12,4.11,3.64,IAS Officer
STU270083,17,M,class_11,commerce,cbse,68.46,82.01,45.29,83.63,3.91,3.5,4.9,3.93,3.38,2.5,1.63,4.68,4.16,4.15,3.39,Film Director
STU340093,20,M,undergraduate,undecided,cbse,58.16,43.96,97.63,82.15,4.21,4.94,4.36,2.53,1.29,4.2,2.0,2.32,3.15,3.69,1.8,Airline Pilot
STU310051,15,M,class_10,science_pcm,cbse,82.86,86.15,82.61,89.29,4.28,4.95,5.0,4.86,1.1,3.17,4.38,3.25,4.0,4.73,2.6,Environmental Scientist
STU300010,20,M,undergraduate,arts,icse,81.56,57.36,72.04,61.33,2.86,3.92,3.27,2.94,1.95,4.31,1.75,1.64,1.27,1.5,2.38,Defence Officer (Indian Armed Forces)
STU240048,16,O,class_10,undecided,cbse,49.75,47.75,37.86,81.48,4.5,4.11,4.08,4.63,2.87,3.55,1.16,2.88,2.54,3.31,3.5,Architect
STU080094,15,F,class_9,science_pcb,cbse,71.24,65.72,100.0,45.76,2.78,4.1,2.89,3.98,2.47,2.08,2.72,1.94,4.67,2.28,2.2,Doctor (MBBS)
STU030098,16,F,class_10,science_pcm,icse,90.03,61.49,68.26,73.64,3.56,3.77,2.98,1.81,2.08,5.0,4.18,1.7,1.76,3.07,2.93,AI/ML Engineer
STU210036,19,M,undergraduate,undecided,cbse,69.94,94.59,80.24,35.0,2.9,3.87,2.32,2.36,2.73,2.22,3.97,2.39,4.65,4.08,1.95,Civil Lawyer
STU300042,20,F,undergraduate,undecided,icse,59.15,35.0,78.21,69.15,4.08,4.1,3.77,3.48,2.82,4.12,4.5,3.79,2.41,1.5,2.46,Defence Officer (Indian Armed Forces)
STU200030,20,M,undergraduate,commerce,cbse,84.61,71.23,67.85,44.95,3.18,4.82,3.38,2.42,2.89,1.88,3.29,2.45,4.44,4.52,3.76,Corporate Lawyer
STU100049,17,M,class_11,science_pcb,state,80.69,66.26,87.88,50.18,3.42,5.0,3.01,4.17,1.04,3.63,4.77,2.91,4.12,2.86,2.28,Pharmacist
STU120010,15,M,class_9,science_pcm,cbse,88.49,94.62,74.38,59.07,2.83,4.08,2.24,1.73,1.42,1.0,4.12,2.45,4.51,1.66,2.06,Clinical Psychologist
STU070080,19,M,undergraduate,vocational,icse,92.87,78.0,68.06,71.33,3.54,3.03,3.83,3.28,1.78,4.47,2.49,2.84,2.36,4.04,1.0,Civil Engineer
STU090099,17,M,class_11,science_pcb,cbse,70.01,88.75,67.32,77.7,2.5,4.74,2.2,4.73,4.21,1.8,3.89,1.7,3.84,1.49,2.54,Dentist
STU210144,17,F,class_11,commerce,state,74.08,72.41,55.45,44.91,3.4,4.65,3.02,2.72,1.93,3.01,3.98,2.36,4.83,4.27,3.66,Civil Lawyer
STU010083,22,M,undergraduate,science_pcm,ib,87.46,77.48,81.64,60.47,4.09,3.68,2.82,3.38,2.2,3.18,3.81,1.78,4.64,1.83,4.2,Software Engineer
STU230106,22,M,undergraduate,arts,icse,92.99,96.0,35.0,97.25,4.49,4.32,4.04,4.8,3.74,1.68,3.0,4.03,5.0,3.56,3.5,Graphic Designer
STU180010,16,F,class_10,undecided,icse,73.59,72.08,73.23,40.0,2.9,3.98,3.7,3.93,3.33,1.52,4.34,2.8,4.33,4.76,3.25,Product Manager
STU270003,14,O,class_9,arts,state,71.78,56.0,57.06,72.71,4.84,2.4,4.23,3.8,2.14,1.67,2.62,4.03,3.07,3.15,1.96,Film Director
STU270048,15,M,class_9,commerce,cbse,84.0,62.94,72.21,76.19,3.84,3.97,4.56,2.86,2.93,2.2,3.99,4.18,3.61,2.32,1.11,Film Director
STU160135,17,M,class_11,undecided,ib,82.25,75.14,62.15,80.74,4.9,1.8,3.86,3.99,3.32,2.4,2.34,1.74,3.17,4.2,2.19,Management Consultant
STU030124,17,M,class_12,science_pcm,state,95.2,77.04,76.51,88.8,4.1,4.1,2.6,2.85,2.86,4.59,4.5,2.74,2.64,1.6,4.2,AI/ML Engineer
STU300080,17,F,class_11,undecided,cbse,78.61,58.69,56.84,84.22,3.12,3.87,4.6,2.1,1.88,4.25,2.0,4.08,4.4,2.69,4.73,Defence Officer (Indian Armed Forces)
STU130105,16,M,class_11,commerce,icse,55.0,78.36,95.0,52.78,4.1,3.94,2.14,3.63,2.46,4.13,3.93,4.74,3.8,3.26,3.74,Physiotherapist
STU310132,17,F,class_11,science_pcm,cbse,76.15,77.9,76.54,70.0,3.26,4.49,3.31,4.46,2.34,2.53,2.84,2.39,4.93,4.74,3.95,Environmental Scientist
STU260037,21,F,undergraduate,arts,cbse,96.84,75.0,44.69,45.16,4.67,3.75,4.21,3.0,2.02,1.61,2.0,3.71,3.74,3.97,2.11,Journalist
STU220094,15,F,class_10,arts,icse,55.88,51.48,35.39,100.0,4.86,4.04,4.07,2.48,3.99,3.06,4.0,4.8,1.82,3.13,1.32,UX/UI Designer
STU110066,17,O,class_12,science_pcb,cbse,76.69,88.47,72.21,70.67,2.78,5.0,3.03,4.55,1.2,3.21,4.64,3.13,4.7,2.76,2.55,Biomedical Engineer
STU240054,14,F,class_9,science_pcm,cbse,72.03,48.0,35.0,79.22,4.68,2.81,3.52,2.69,1.86,1.74,4.0,2.28,4.67,2.9,2.2,Architect
STU060090,20,F,undergraduate,science_pcm,icse,63.47,35.0,82.39,84.69,3.56,4.27,2.97,2.11,2.79,2.69,2.04,4.43,2.69,1.95,3.59,Mechanical Engineer
STU040051,14,M,class_9,science_pcm,state,80.52,24.57,65.0,86.24,3.82,4.35,3.69,3.15,1.45,3.2,4.41,3.6,2.83,2.29,2.2,Cybersecurity Analyst
STU010142,17,F,class_12,science_pcm,state,60.69,80.43,99.5,90.0,4.13,3.42,4.1,3.13,2.55,3.69,3.57,2.0,2.75,3.21,3.06,Software Engineer
STU100028,17,O,class_12,undecided,cbse,57.14,72.85,73.66,85.0,2.78,3.4,2.83,4.81,2.63,3.26,3.68,2.83,3.88,2.51,3.14,Pharmacist
STU260110,18,M,undergraduate,commerce,cbse,51.73,88.04,35.0,54.77,3.95,3.49,4.2,3.17,3.14,2.81,3.01,4.16,3.95,2.52,3.19,Journalist
STU150133,16,F,class_10,science_pcm,state,64.46,81.78,49.08,71.34,2.26,2.66,3.41,3.03,4.75,2.6,3.8,1.27,3.15,2.98,3.82,Investment Banker
STU080089,15,M,class_9,science_pcb,cbse,66.84,86.66,69.25,59.48,2.5,1.0,3.12,3.67,2.75,2.07,4.4,3.15,4.29,1.58,3.42,Doctor (MBBS)
STU180101,19,M,undergraduate,commerce,state,85.29,87.1,65.19,83.79,4.55,4.08,3.78,4.53,2.07,1.42,4.48,3.34,4.81,4.51,3.01,Product Manager
STU120138,14,M,class_9,arts,state,65.48,58.1,69.04,64.98,4.15,2.03,2.2,3.7,3.9,3.93,3.86,2.59,3.4,3.6,4.26,Clinical Psychologist
STU320012,17,O,class_11,arts,state,76.08,78.16,82.86,42.07,3.3,3.77,3.33,3.52,4.73,2.76,3.94,1.2,2.62,4.46,2.0,Sports Manager
STU040101,22,F,undergraduate,science_pcm,cbse,92.45,55.17,68.2,53.9,3.55,3.33,2.77,4.1,2.52,3.67,3.66,2.02,2.26,2.16,3.72,Cybersecurity Analyst
STU220091,14,F,class_9,undecided,state,84.0,56.43,35.0,97.0,4.97,2.86,2.57,4.8,1.66,4.2,2.86,4.5,4.26,2.48,2.65,UX/UI Designer
STU140070,16,F,class_11,vocational,icse,74.17,66.59,88.53,63.04,4.44,4.22,4.19,2.14,2.99,3.24,3.33,1.15,2.63,3.47,4.72,Chartered Accountant
STU070049,17,O,class_11,science_pcm,state,67.77,64.98,90.0,77.75,4.32,3.79,2.81,3.84,4.2,4.15,2.3,1.93,4.52,4.42,2.39,Civil Engineer
STU180145,15,F,class_10,science_pcm,ib,93.63,74.21,57.83,41.33,4.13,1.48,4.33,3.55,3.02,3.51,4.7,2.86,2.52,4.72,2.47,Product Manager
STU040083,14,F,class_9,science_pcm,state,91.45,66.44,81.35,70.46,4.55,1.0,3.66,3.95,3.05,4.56,4.44,1.65,2.99,2.32,2.2,Cybersecurity Analyst
STU130030,18,F,class_12,science_pcb,state,81.65,66.3,68.56,72.07,3.66,3.59,2.22,5.0,2.16,1.89,4.67,2.24,4.47,3.24,1.73,Physiotherapist
STU210047,21,F,undergraduate,commerce,cbse,86.65,76.7,74.81,74.4,3.48,3.51,4.8,2.75,3.39,1.21,3.5,2.2,2.99,3.17,2.54,Civil Lawyer
STU310010,16,M,class_11,science_pcm,ib,70.0,74.5,99.0,89.49,3.5,4.07,4.45,5.0,3.58,4.5,3.91,1.39,4.38,3.6,3.97,Environmental Scientist
STU300087,18,M,undergraduate,science_pcm,cbse,59.5,35.0,82.43,62.37,4.5,3.94,3.3,2.57,2.9,3.78,4.15,1.39,2.32,4.6,2.29,Defence Officer (Indian Armed Forces)
STU110103,19,M,undergraduate,science_pcm,cbse,85.61,76.55,23.51,65.58,4.38,4.32,3.13,3.91,3.45,2.39,3.85,3.27,4.58,5.0,3.81,Biomedical Engineer
STU050040,18,F,undergraduate,science_pcm,icse,95.07,77.28,84.64,82.6,4.03,3.14,3.75,2.33,1.77,3.26,3.75,3.37,1.8,3.51,2.55,Cloud Architect
STU330131,18,M,undergraduate,arts,cbse,83.89,67.63,88.66,92.83,3.0,1.68,3.96,4.49,2.26,4.4,3.68,4.5,3.3,1.77,1.16,Chef / Culinary Arts
STU070068,14,F,class_9,vocational,icse,49.94,66.38,45.0,94.43,3.64,4.02,4.6,4.34,1.11,4.23,2.41,4.36,2.72,4.55,3.68,Civil Engineer
STU290126,16,F,class_11,science_pcm,cbse,94.99,100.0,80.14,84.53,3.35,4.89,3.69,4.99,2.92,3.07,2.97,3.5,5.0,4.51,4.1,IAS Officer
STU290112,16,M,class_11,arts,icse,98.4,73.97,86.37,46.61,4.42,4.93,4.56,3.42,2.6,3.04,4.61,2.25,4.7,4.98,2.73,IAS Officer
STU120034,22,F,undergraduate,science_pcb,cbse,63.38,58.0,71.21,85.0,3.66,5.0,2.44,5.0,3.48,1.26,4.51,4.13,3.67,1.96,1.6,Clinical Psychologist
STU310064,18,F,undergraduate,science_pcm,cbse,89.82,70.0,93.07,75.21,4.44,3.14,4.76,4.62,3.8,2.85,4.2,2.39,4.89,3.5,3.1,Environmental Scientist
STU170040,14,F,class_9,commerce,state,67.16,62.79,79.82,47.37,3.91,4.29,4.72,2.26,3.43,3.05,3.69,2.33,3.98,4.74,2.4,Digital Marketing Manager
STU020006,15,M,class_10,undecided,icse,81.9,60.42,79.15,94.97,4.41,4.6,3.23,4.1,2.99,3.96,4.97,1.4,1.67,2.5,3.92,Data Scientist
STU180040,16,F,class_10,science_pcm,icse,78.6,59.82,78.77,50.38,3.89,3.96,2.57,2.54,2.6,2.32,4.27,3.86,2.54,5.0,2.55,Product Manager
STU200113,20,F,undergraduate,undecided,state,73.75,83.27,64.75,69.1,3.77,3.52,3.85,2.61,3.87,3.5,3.87,3.59,3.84,3.65,2.28,Corporate Lawyer
STU080040,16,F,class_10,science_pcb,state,40.21,74.48,94.8,71.8,3.67,4.69,4.0,5.0,1.43,2.6,4.91,1.2,4.52,4.83,4.23,Doctor (MBBS)
STU190068,16,M,class_11,commerce,icse,84.64,66.8,74.32,70.38,3.75,4.7,4.91,4.37,2.71,1.64,3.74,1.74,3.91,3.32,3.77,Entrepreneur
STU290129,15,M,class_9,commerce,cbse,73.47,44.41,70.0,99.56,4.03,5.0,3.4,3.37,2.96,3.48,4.24,3.18,5.0,4.2,2.93,IAS Officer
STU020139,18,F,class_12,commerce,cbse,70.87,69.54,90.46,86.29,4.9,4.15,2.91,2.95,2.49,4.54,4.07,1.56,2.19,2.15,1.02,Data Scientist
STU070031,19,M,undergraduate,science_pcm,icse,74.69,50.48,53.68,76.39,2.53,4.01,4.39,3.63,3.31,4.76,2.98,1.76,1.86,2.81,3.23,Civil Engineer
STU180091,18,F,class_12,undecided,cbse,69.53,80.02,62.3,97.55,4.11,3.73,4.23,4.17,2.63,2.23,2.88,3.5,4.12,4.44,2.28,Product Manager
STU160108,17,M,class_11,undecided,cbse,76.3,76.38,77.29,60.54,1.33,3.2,3.2,3.98,2.54,1.56,2.88,2.45,4.67,3.93,2.83,Management Consultant
STU240071,22,F,undergraduate,science_pcm,state,75.8,66.88,38.67,70.66,4.41,2.72,3.05,3.08,2.54,3.83,2.38,3.59,3.8,4.7,2.43,Architect
STU170066,16,O,class_11,commerce,icse,81.04,91.22,74.15,79.31,3.07,3.64,4.05,3.54,2.82,2.6,2.94,4.3,3.16,4.62,3.67,Digital Marketing Manager
STU230138,15,F,class_9,commerce,state,38.03,81.39,48.61,70.21,4.1,1.0,3.94,3.49,2.23,3.2,2.68,4.84,3.61,1.7,2.27,Graphic Designer
STU070043,16,F,class_11,science_pcm,cbse,54.26,94.73,71.74,98.0,2.45,4.49,3.23,4.5,2.5,4.29,3.39,1.3,4.35,2.05,3.38,Civil Engineer
STU340009,17,M,class_12,science_pcm,icse,50.33,51.39,62.94,95.62,4.22,3.37,4.31,4.42,1.1,4.36,3.79,4.17,2.32,4.4,2.16,Airline Pilot
STU320109,20,F,undergraduate,arts,icse,85.25,81.21,73.04,45.55,3.69,3.95,3.88,4.36,4.18,1.8,2.95,3.21,2.82,4.79,2.61,Sports Manager
STU120049,21,F,undergraduate,science_pcm,cbse,83.53,92.47,62.0,60.77,2.81,4.14,4.23,3.8,2.88,3.96,4.2,3.25,3.77,2.64,1.6,Clinical Psychologist
STU330006,19,M,undergraduate,vocational,state,63.5,77.64,78.67,63.23,2.04,4.28,2.04,2.56,1.5,3.58,3.27,4.29,1.71,2.57,1.8,Chef / Culinary Arts
STU210090,17,F,class_11,commerce,state,75.54,71.2,64.22,76.29,3.78,4.65,1.33,3.87,4.2,2.77,4.33,2.55,4.45,3.92,3.24,Civil Lawyer
STU210083,16,F,class_11,arts,ib,94.66,28.61,48.89,55.44,2.7,4.75,2.3,4.27,3.09,2.25,4.48,2.19,4.75,1.09,3.42,Civil Lawyer
STU200143,20,F,undergraduate,arts,icse,63.64,70.22,52.06,78.32,3.3,3.86,2.78,2.11,3.48,3.5,3.89,3.32,3.43,3.62,3.73,Corporate Lawyer
STU220057,20,M,undergraduate,arts,cbse,81.86,57.25,65.52,93.6,4.56,2.74,3.46,2.8,3.12,1.72,2.83,4.64,4.64,1.7,2.59,UX/UI Designer
STU070086,17,M,class_11,science_pcm,cbse,88.0,53.16,54.52,87.59,2.45,4.9,3.82,2.65,1.46,4.73,3.54,3.07,2.65,3.76,2.48,Civil Engineer
STU200043,22,M,undergraduate,commerce,cbse,69.56,99.55,51.02,45.7,2.61,3.58,2.3,3.28,2.12,2.74,3.86,3.89,4.39,5.0,4.27,Corporate Lawyer
STU170118,18,F,class_12,science_pcm,state,65.91,45.39,69.53,40.0,4.9,2.73,3.59,3.52,3.45,3.53,3.77,2.23,3.5,3.4,2.0,Digital Marketing Manager
STU160069,17,F,class_11,science_pcm,cbse,79.22,67.4,75.25,49.16,4.68,3.55,3.2,3.53,1.2,2.15,3.48,2.16,3.03,2.09,3.9,Management Consultant
STU340054,21,F,undergraduate,science_pcm,cbse,50.9,45.19,68.78,73.83,2.34,1.74,2.68,2.14,4.2,3.87,3.89,3.14,2.81,2.16,2.33,Airline Pilot
STU070082,18,F,class_12,vocational,state,72.46,62.38,58.48,81.66,3.3,3.94,4.17,3.37,2.87,3.77,2.14,2.31,1.31,3.06,4.0,Civil Engineer
STU180045,16,M,class_11,science_pcm,icse,88.04,69.31,85.88,73.79,3.0,3.69,4.23,3.17,2.62,2.12,4.24,3.43,4.37,4.14,3.73,Product Manager
STU170129,17,M,class_12,arts,icse,86.89,61.25,77.11,46.32,4.66,4.62,4.15,2.47,2.49,4.41,2.56,3.53,2.74,4.8,2.43,Digital Marketing Manager
STU230006,18,F,undergraduate,arts,cbse,49.05,58.58,52.92,64.37,5.0,4.44,4.32,4.54,3.99,1.09,3.29,4.19,3.16,4.54,1.67,Graphic Designer
STU210130,14,M,class_9,commerce,state,91.71,49.65,67.01,35.63,3.87,4.87,4.16,3.3,4.07,2.41,3.99,2.25,3.32,4.45,2.2,Civil Lawyer
STU250080,18,M,class_12,arts,icse,73.04,68.66,75.58,65.18,4.06,4.53,4.36,4.51,4.35,1.2,3.87,4.65,3.14,1.96,3.3,Fashion Designer
STU270114,20,F,undergraduate,arts,cbse,47.19,76.27,49.34,85.41,4.14,3.55,3.31,3.59,4.1,1.2,2.66,3.96,2.49,3.71,2.55,Film Director
STU100108,21,M,undergraduate,science_pcb,cbse,88.31,67.66,76.38,75.09,4.32,5.0,3.78,4.32,3.9,3.33,4.43,1.2,3.74,2.79,2.63,Pharmacist
STU100046,17,M,class_11,science_pcb,state,65.31,97.0,90.51,26.98,3.19,4.35,3.08,4.36,3.24,2.44,4.54,5.0,3.7,3.79,2.27,Pharmacist
STU020115,22,F,undergraduate,commerce,cbse,87.95,45.84,73.22,71.53,4.04,2.5,1.8,3.3,1.28,3.31,4.55,3.9,3.8,2.35,2.36,Data Scientist
STU190079,17,F,class_12,science_pcm,state,81.04,92.48,80.96,85.03,4.51,4.14,4.09,4.31,3.53,2.5,3.32,4.52,2.67,2.11,2.89,Entrepreneur
STU070030,16,F,class_10,vocational,state,68.63,61.72,56.81,49.65,3.56,1.75,3.7,2.84,3.61,3.85,4.12,2.06,1.85,2.23,3.92,Civil Engineer
STU220050,16,M,class_11,science_pcm,icse,100.0,55.14,70.73,80.03,4.97,4.1,4.89,2.7,3.59,3.63,1.43,4.49,3.8,1.7,1.93,UX/UI Designer
STU150079,14,M,class_9,undecided,state,84.29,53.15,40.72,53.37,2.2,3.79,3.67,1.17,1.34,1.42,3.82,3.37,2.84,2.98,4.48,Investment Banker
STU280070,15,M,class_9,undecided,state,81.6,83.02,68.35,82.73,3.75,3.59,3.4,4.77,2.49,2.44,2.57,4.16,4.79,3.58,3.69,Content Writer
STU020097,18,F,class_12,undecided,cbse,72.17,64.81,69.67,74.21,4.43,4.23,3.58,3.09,2.53,4.5,4.75,3.37,2.2,2.83,2.75,Data Scientist
STU250148,18,M,class_12,undecided,cbse,58.63,62.39,80.94,98.14,4.39,4.4,4.16,4.65,1.43,2.1,2.07,4.69,3.8,1.97,1.76,Fashion Designer
STU120109,15,F,class_9,undecided,state,84.44,79.61,67.75,6.24,3.1,3.44,2.41,4.18,3.51,1.8,3.58,3.68,4.46,1.78,3.8,Clinical Psychologist
STU340014,16,M,class_11,science_pcm,icse,57.68,78.0,80.98,65.47,1.0,4.9,3.82,2.94,3.29,3.74,4.5,4.16,1.51,3.15,3.79,Airline Pilot
STU270060,18,M,undergraduate,undecided,state,51.13,76.39,85.69,96.81,3.78,2.66,3.0,3.04,1.7,3.31,2.85,4.16,2.67,4.4,1.32,Film Director
STU070024,18,M,class_12,science_pcm,state,48.0,61.08,89.41,68.16,2.32,4.04,2.63,2.95,1.1,4.73,4.5,4.18,3.34,4.91,3.43,Civil Engineer
STU190015,14,M,class_9,undecided,icse,70.16,82.46,72.18,67.98,4.07,3.47,4.85,2.66,2.25,2.21,4.1,3.39,4.59,3.39,2.56,Entrepreneur
STU020119,18,M,class_12,science_pcm,state,31.11,45.7,94.46,42.55,3.47,4.05,2.19,3.35,2.69,3.65,3.94,1.56,2.01,3.52,1.9,Data Scientist
STU050070,15,F,class_10,science_pcm,cbse,68.75,45.38,98.0,72.57,4.9,4.28,2.14,2.96,3.46,2.87,2.46,2.28,3.29,3.09,1.7,Cloud Architect
STU200006,18,M,undergraduate,science_pcm,state,83.97,90.59,73.1,55.77,4.12,5.0,3.67,3.91,2.49,2.1,3.11,2.55,3.74,4.11,3.14,Corporate Lawyer
STU130111,18,F,class_12,science_pcb,state,61.79,73.87,90.85,58.99,3.64,4.76,3.12,4.9,4.06,3.09,4.93,1.21,1.12,1.6,2.59,Physiotherapist
STU210120,18,M,class_12,arts,cbse,54.41,46.24,64.0,37.67,3.7,3.39,4.0,2.99,2.35,4.2,2.6,3.48,4.99,4.26,2.43,Civil Lawyer
STU080103,17,F,class_12,science_pcb,state,93.3,100.0,65.0,56.75,2.54,3.98,3.75,4.75,1.58,2.94,4.31,1.25,4.94,3.8,4.24,Doctor (MBBS)
STU330116,20,F,undergraduate,vocational,state,68.75,63.11,90.0,69.51,2.62,3.23,4.6,4.33,1.17,4.94,4.09,2.58,1.78,1.68,4.77,Chef / Culinary Arts
STU250006,15,F,class_10,arts,cbse,56.87,71.93,46.34,65.35,4.6,4.07,3.49,4.58,1.79,4.62,3.9,4.49,2.36,4.31,1.29,Fashion Designer
STU290130,15,F,class_9,commerce,state,94.98,88.18,92.2,91.53,4.64,4.45,3.54,4.17,2.61,1.67,3.98,2.86,4.69,4.27,4.07,IAS Officer
STU270149,21,M,undergraduate,arts,state,59.84,70.15,52.23,85.23,3.7,3.35,2.4,4.32,3.22,2.12,4.28,4.58,3.15,3.09,1.56,Film Director
STU160053,22,M,undergraduate,science_pcm,cbse,92.95,89.7,86.17,57.62,3.23,3.61,4.18,4.7,3.44,3.34,4.21,4.2,4.9,4.7,2.69,Management Consultant
STU210117,15,M,class_10,vocational,state,97.3,92.77,79.37,76.85,4.69,4.01,2.3,2.34,2.64,2.69,4.67,2.95,3.82,3.67,3.17,Civil Lawyer
STU130116,17,F,class_12,science_pcb,cbse,70.33,61.71,94.57,55.87,3.57,4.74,3.68,4.72,3.45,2.33,4.92,1.4,3.4,2.91,2.56,Physiotherapist
STU050013,22,M,undergraduate,vocational,ib,78.05,64.96,66.39,62.24,3.58,3.71,2.23,2.25,2.84,3.59,4.24,2.79,1.0,1.96,3.31,Cloud Architect
STU320056,21,F,undergraduate,commerce,state,72.55,55.0,77.44,66.74,2.92,3.41,4.31,3.33,1.2,1.2,2.78,2.66,3.53,4.73,2.24,Sports Manager
STU250083,17,M,class_12,undecided,cbse,80.99,62.62,44.84,59.77,4.24,4.7,2.85,2.54,2.58,4.16,1.4,4.49,2.41,3.13,1.94,Fashion Designer
STU130099,14,M,class_9,science_pcb,cbse,70.83,91.54,77.01,85.0,2.53,3.64,4.5,4.42,1.2,1.81,3.72,1.29,4.45,2.48,1.99,Physiotherapist
STU110150,15,F,class_9,science_pcm,cbse,79.9,72.36,92.01,71.56,2.55,3.9,3.37,4.76,1.31,3.85,4.68,2.54,3.4,3.21,3.96,Biomedical Engineer
STU180003,20,F,undergraduate,science_pcm,cbse,61.72,57.57,54.0,51.51,3.54,3.95,4.76,4.72,1.97,3.59,4.2,4.27,4.0,3.74,4.58,Product Manager
STU020109,14,F,class_9,vocational,cbse,89.03,50.58,87.62,88.5,4.73,3.93,2.64,4.3,2.28,3.57,4.11,2.33,2.71,3.3,2.74,Data Scientist
STU060098,18,O,class_12,science_pcm,cbse,52.0,35.0,80.91,31.67,4.12,3.86,3.07,3.07,1.64,3.5,2.04,3.76,3.49,3.72,2.39,Mechanical Engineer
STU290141,15,M,class_9,commerce,state,86.55,81.53,41.9,77.3,4.74,4.84,4.41,3.81,3.75,3.45,3.61,2.15,4.66,3.78,4.27,IAS Officer
STU090034,17,M,class_12,science_pcb,icse,79.68,80.42,71.21,58.89,2.5,3.4,3.91,4.58,1.91,1.8,3.66,3.0,3.76,1.69,1.98,Dentist
STU080078,16,F,class_10,science_pcb,icse,86.37,83.87,100.0,71.89,3.93,2.65,3.38,3.62,3.49,2.46,3.58,3.39,4.02,2.66,3.0,Doctor (MBBS)
STU140018,17,M,class_12,undecided,cbse,70.4,75.93,59.23,50.88,2.66,3.72,4.16,3.25,3.4,4.52,4.14,1.43,1.93,5.0,3.6,Chartered Accountant
STU040109,17,M,class_11,undecided,icse,68.9,68.56,71.32,68.77,3.27,3.57,2.75,2.81,3.03,3.62,4.2,2.84,3.68,1.9,1.99,Cybersecurity Analyst
STU280029,18,O,undergraduate,arts,cbse,43.15,90.15,73.39,58.8,3.5,4.06,4.29,4.23,3.01,1.88,3.13,4.81,4.31,3.38,1.5,Content Writer
STU040035,15,F,class_10,science_pcm,icse,68.0,75.9,72.1,73.82,3.78,4.61,2.23,4.29,3.7,3.15,4.38,3.85,2.22,2.03,2.36,Cybersecurity Analyst
STU150112,22,F,undergraduate,commerce,icse,77.56,59.01,77.27,42.95,1.84,3.7,4.16,3.75,2.37,2.84,2.9,1.86,3.38,3.9,3.7,Investment Banker
STU090121,14,M,class_9,science_pcb,icse,75.02,61.35,68.86,73.68,3.62,3.46,3.26,3.72,2.79,3.88,4.2,2.06,4.97,3.19,2.19,Dentist
STU170051,18,F,class_12,science_pcm,state,90.26,81.44,83.02,71.1,3.17,4.04,5.0,2.37,2.97,3.46,3.03,1.2,4.08,4.25,3.74,Digital Marketing Manager
STU010008,14,M,class_9,vocational,cbse,0.0,60.89,100.0,90.0,4.69,3.49,3.86,3.12,3.5,3.66,4.49,1.96,2.37,2.89,3.23,Software Engineer
STU230126,19,M,undergraduate,arts,cbse,57.9,81.8,82.53,62.0,1.31,4.7,2.9,3.9,2.8,3.67,4.0,3.86,2.3,3.0,1.9,Graphic Designer
STU230035,21,M,undergraduate,arts,icse,58.57,51.96,44.49,62.0,4.59,1.99,2.23,3.18,3.11,2.84,3.01,4.88,4.14,3.55,1.01,Graphic Designer
STU100101,16,O,class_11,arts,cbse,89.96,87.03,91.42,45.0,3.61,4.44,4.42,3.59,4.5,4.2,3.5,1.43,4.42,3.45,3.8,Pharmacist
STU090002,16,M,class_11,science_pcb,cbse,61.43,67.24,35.06,64.34,3.25,4.09,2.7,4.71,3.9,3.21,3.94,1.79,4.44,1.91,4.41,Dentist
STU130015,18,F,class_12,science_pcb,cbse,79.46,93.09,78.18,73.0,2.95,4.1,4.5,4.61,1.8,3.47,4.09,2.62,4.27,2.77,3.13,Physiotherapist
STU060024,16,M,class_10,science_pcm,state,63.78,62.75,77.24,93.2,4.04,3.97,3.48,3.49,1.37,3.97,2.11,1.46,1.77,1.65,4.2,Mechanical Engineer
STU160025,22,F,undergraduate,vocational,cbse,80.5,59.28,58.8,58.25,3.1,3.66,3.34,4.41,2.88,3.13,2.49,1.2,4.72,3.73,4.66,Management Consultant
STU070112,20,M,undergraduate,science_pcm,cbse,80.41,45.56,90.0,60.35,2.13,3.29,3.74,3.27,4.1,2.55,4.33,4.5,1.7,1.97,2.69,Civil Engineer
STU260077,18,F,class_12,arts,cbse,69.12,34.23,67.47,80.16,4.43,3.1,1.06,5.0,1.56,3.02,3.61,4.34,4.61,2.52,3.8,Journalist
STU280148,17,F,class_12,commerce,state,55.28,94.11,63.86,50.58,4.92,4.09,4.41,3.59,4.6,1.35,1.43,4.11,4.99,3.97,2.84,Content Writer
STU140042,15,M,class_9,commerce,state,83.06,56.3,75.0,80.0,3.23,4.75,3.27,3.56,1.4,3.41,4.5,2.25,2.81,2.0,5.0,Chartered Accountant
STU090078,18,F,class_12,undecided,state,61.26,80.4,95.0,63.91,2.92,4.43,2.61,4.45,3.21,4.04,4.94,2.82,3.94,3.2,1.6,Dentist
STU120134,15,F,class_9,science_pcb,state,72.65,96.23,95.0,72.97,3.15,4.62,3.78,4.53,3.55,4.08,4.76,1.84,4.24,3.51,2.5,Clinical Psychologist
STU220098,16,M,class_10,commerce,cbse,59.53,46.56,47.53,85.3,4.19,3.76,3.26,4.15,2.84,3.93,2.05,1.98,3.29,3.46,1.79,UX/UI Designer
STU030147,16,M,class_10,science_pcm,icse,73.37,59.77,89.21,54.47,3.05,3.23,3.46,4.3,2.0,3.61,4.27,3.85,1.64,1.65,2.8,AI/ML Engineer
STU060131,17,F,class_12,science_pcm,state,65.04,56.46,50.45,61.64,4.24,3.68,2.43,2.45,1.35,5.0,2.46,4.34,3.99,2.01,4.56,Mechanical Engineer
STU310053,17,F,class_11,arts,cbse,52.06,97.53,85.45,93.74,4.23,5.0,4.27,4.07,2.25,4.42,3.42,3.08,4.8,2.48,2.95,Environmental Scientist
STU060032,14,F,class_9,undecided,icse,75.35,63.99,90.0,65.59,4.27,4.2,4.6,2.1,2.34,4.26,1.62,2.82,1.84,2.03,3.43,Mechanical Engineer
STU120100,17,F,class_12,arts,cbse,58.05,95.39,89.03,73.77,4.51,4.91,2.99,3.5,2.88,3.69,4.02,1.2,3.93,3.39,3.68,Clinical Psychologist
STU240088,18,M,class_12,science_pcm,cbse,78.27,59.62,72.27,83.58,4.23,4.26,2.36,3.24,4.07,2.3,2.71,4.14,3.1,4.8,2.39,Architect
STU300009,16,M,class_11,science_pcm,cbse,21.43,51.06,55.31,85.37,4.46,1.37,5.0,4.7,3.68,4.66,4.45,3.02,3.64,2.35,3.31,Defence Officer (Indian Armed Forces)
STU340031,17,F,class_11,science_pcm,state,33.93,37.25,64.64,98.0,2.34,3.76,2.29,3.28,1.81,4.87,3.39,1.6,2.7,4.37,2.27,Airline Pilot
STU300062,16,F,class_11,science_pcm,cbse,82.54,59.56,73.91,96.94,4.2,4.26,2.3,2.79,3.25,4.45,3.64,4.2,2.26,4.09,3.67,Defence Officer (Indian Armed Forces)
STU060134,21,M,undergraduate,science_pcm,cbse,49.54,77.11,60.85,65.43,2.0,3.42,2.0,2.95,1.33,4.74,3.98,2.14,3.62,4.42,2.01,Mechanical Engineer
STU200068,18,F,class_12,arts,state,89.89,87.27,32.67,47.52,2.87,4.5,3.05,4.7,1.57,2.16,3.42,3.66,2.39,3.26,3.53,Corporate Lawyer
STU080042,18,M,undergraduate,science_pcb,state,72.47,75.62,100.0,79.24,4.6,4.89,2.34,4.2,2.48,2.27,4.71,3.68,4.47,1.84,2.06,Doctor (MBBS)
STU290045,16,O,class_11,arts,state,80.6,69.53,94.47,85.33,4.62,4.79,3.18,3.1,1.95,2.56,4.08,2.55,4.8,3.7,2.43,IAS Officer
STU040082,21,M,undergraduate,science_pcm,ib,97.0,53.71,100.0,52.0,4.73,4.67,3.18,4.07,3.06,4.52,4.18,1.97,3.73,3.97,3.88,Cybersecurity Analyst
STU320100,16,M,class_11,commerce,cbse,86.95,60.18,69.05,47.29,3.53,3.1,4.66,4.63,3.79,2.43,3.85,3.39,3.59,3.4,4.43,Sports Manager
STU240022,17,F,class_11,undecided,cbse,82.81,52.98,69.46,86.67,3.7,3.19,3.42,2.86,3.21,1.7,1.4,4.37,2.68,3.31,3.23,Architect
STU280133,16,F,class_11,commerce,ib,42.0,85.64,73.56,71.12,5.0,4.69,4.03,4.61,1.4,1.64,3.13,4.43,4.12,3.05,1.0,Content Writer
STU160041,18,M,class_12,science_pcm,cbse,23.24,55.79,83.88,80.93,4.77,3.96,3.51,2.34,1.8,3.24,2.63,2.09,4.23,3.8,2.11,Management Consultant
STU120078,18,M,class_12,arts,cbse,90.08,73.19,78.78,66.95,2.95,4.35,3.76,4.76,1.38,3.42,4.39,3.7,4.49,1.48,1.88,Clinical Psychologist
STU050011,18,F,class_12,undecided,icse,40.8,54.24,77.73,61.19,2.29,3.4,3.28,3.6,2.56,3.73,3.6,1.52,3.57,3.16,3.9,Cloud Architect
STU040121,16,F,class_11,vocational,cbse,84.42,77.37,83.79,61.63,3.0,3.59,3.13,2.98,2.0,2.7,4.53,2.29,3.43,3.17,1.7,Cybersecurity Analyst
STU200002,17,M,class_11,science_pcm,ib,96.0,99.34,66.91,46.99,4.49,3.54,3.91,4.36,2.17,1.55,3.9,2.07,3.87,3.69,1.8,Corporate Lawyer
STU220016,17,F,class_12,arts,icse,74.84,77.03,55.3,94.97,4.83,4.05,4.38,4.75,1.64,3.24,1.4,4.7,4.04,4.8,1.4,UX/UI Designer
STU030044,21,M,undergraduate,undecided,cbse,80.64,77.41,78.54,56.56,4.21,1.07,3.43,3.88,2.49,4.82,1.5,2.1,2.59,3.57,3.24,AI/ML Engineer
STU310003,15,F,class_9,science_pcm,state,92.22,94.02,83.69,77.55,3.46,4.51,4.43,4.84,2.8,2.39,4.62,2.34,3.39,3.81,3.54,Environmental Scientist
STU320025,19,M,undergraduate,undecided,state,74.8,84.48,69.64,70.34,3.15,4.9,3.4,2.9,3.05,2.79,1.37,3.76,2.96,4.52,4.15,Sports Manager
STU030135,16,M,class_11,commerce,cbse,90.17,53.94,90.98,69.74,3.88,4.8,2.51,4.07,2.19,3.93,4.75,1.4,3.62,4.12,2.95,AI/ML Engineer
STU130104,22,O,undergraduate,science_pcb,cbse,57.94,58.0,73.44,55.19,4.29,3.65,3.84,4.73,2.05,2.74,3.85,2.31,1.71,2.61,4.06,Physiotherapist
STU270072,15,F,class_9,arts,cbse,59.57,79.59,72.46,97.17,4.25,1.23,4.18,4.48,3.23,3.32,2.51,3.8,3.88,3.69,1.0,Film Director
STU250146,18,M,class_12,arts,cbse,66.28,48.12,73.77,66.34,4.05,3.37,2.87,2.92,4.5,2.18,2.31,4.59,2.85,1.7,2.54,Fashion Designer
STU140120,20,F,undergraduate,commerce,cbse,73.53,63.63,80.29,47.58,3.28,4.7,4.71,2.41,2.4,2.01,4.77,2.75,3.91,4.17,3.81,Chartered Accountant
STU110038,17,O,class_11,science_pcm,icse,68.25,63.53,69.87,31.65,3.62,4.14,3.82,4.18,3.1,3.48,4.22,2.94,3.61,1.52,3.82,Biomedical Engineer
STU160098,16,M,class_10,science_pcm,cbse,71.51,77.01,70.34,57.96,3.42,4.4,5.0,3.14,2.01,2.31,1.45,2.43,3.74,4.57,3.57,Management Consultant
STU290014,18,F,class_12,commerce,cbse,95.96,88.71,92.15,99.57,4.41,4.44,2.89,3.49,1.89,2.0,2.8,2.5,4.74,4.58,2.48,IAS Officer
STU110018,16,M,class_11,science_pcm,cbse,89.5,67.65,73.29,62.09,3.29,5.0,4.67,4.05,3.05,3.34,4.25,2.4,2.89,2.1,2.69,Biomedical Engineer
STU070066,15,F,class_9,science_pcm,ib,79.38,35.0,45.81,84.42,3.08,4.35,2.33,3.45,3.52,4.07,4.28,2.88,2.36,1.97,2.76,Civil Engineer
STU330046,16,M,class_11,commerce,icse,58.97,68.68,67.74,81.71,2.03,3.43,2.76,1.92,2.21,4.6,2.43,2.77,1.8,2.37,2.16,Chef / Culinary Arts
STU040079,17,M,class_12,science_pcm,state,72.42,74.64,70.43,72.9,4.48,4.03,1.17,2.32,3.12,2.87,4.03,2.6,3.19,3.23,3.08,Cybersecurity Analyst
STU020027,19,F,undergraduate,science_pcm,state,76.44,57.84,70.11,86.82,4.0,4.31,4.1,3.63,1.52,4.39,3.94,3.65,2.41,3.01,2.88,Data Scientist
STU250035,17,F,class_12,arts,state,42.0,51.29,45.78,81.05,4.37,4.41,2.57,3.11,2.13,3.39,3.45,3.99,4.47,2.63,2.45,Fashion Designer
STU180099,15,F,class_9,arts,icse,96.72,63.17,71.48,75.23,3.49,3.31,4.33,3.81,2.96,2.82,4.16,2.09,2.32,3.98,2.79,Product Manager
STU300038,14,M,class_9,science_pcm,state,100.0,41.56,67.86,65.28,2.83,4.12,2.28,4.0,2.62,4.04,3.92,2.03,4.4,2.52,2.75,Defence Officer (Indian Armed Forces)
STU040123,22,M,undergraduate,science_pcm,icse,86.89,82.0,95.63,90.0,3.72,3.22,4.39,2.97,2.11,4.82,4.57,1.84,1.91,2.31,1.9,Cybersecurity Analyst
STU160146,18,F,class_12,science_pcm,state,85.57,95.0,92.0,86.0,4.55,4.68,1.57,3.99,2.62,2.31,3.51,4.33,4.74,4.13,4.17,Management Consultant
STU250061,18,M,class_12,arts,state,76.37,73.48,35.92,77.24,4.41,3.58,4.15,3.27,4.23,2.6,2.7,4.24,4.92,3.08,1.76,Fashion Designer
STU290043,22,F,undergraduate,science_pcm,icse,72.65,89.44,72.67,75.81,3.0,4.52,4.38,3.03,2.74,4.41,2.82,2.05,5.0,4.02,4.23,IAS Officer
STU310114,17,F,class_12,undecided,state,70.0,78.37,70.0,89.59,3.29,4.83,3.06,4.41,3.8,2.0,3.81,2.28,4.32,4.67,3.12,Environmental Scientist
STU230058,14,F,class_9,arts,cbse,64.11,76.61,69.14,85.82,1.55,3.21,3.55,3.68,3.51,2.37,3.66,3.8,4.99,3.41,2.68,Graphic Designer
STU210018,18,M,class_12,arts,state,85.12,100.0,78.09,82.0,2.89,3.3,4.17,4.3,4.2,2.11,3.0,1.76,3.55,3.0,3.46,Civil Lawyer
STU150109,17,F,class_12,science_pcm,cbse,71.18,67.23,72.0,52.22,2.6,3.93,2.9,3.27,3.15,3.36,4.19,3.31,1.87,3.25,4.88,Investment Banker
STU180122,16,F,class_10,commerce,state,91.31,39.37,88.2,79.98,4.22,4.19,4.1,4.22,1.37,1.55,2.76,2.45,2.83,3.96,3.48,Product Manager
STU220146,16,F,class_11,arts,icse,62.87,78.57,36.2,75.08,4.56,3.82,2.4,2.57,3.0,1.58,3.18,4.9,4.64,4.8,2.63,UX/UI Designer
STU030084,19,F,undergraduate,science_pcm,state,60.2,49.33,74.62,78.83,1.18,3.61,3.68,2.68,3.38,3.29,3.95,3.32,2.16,3.1,3.36,AI/ML Engineer
STU060103,17,M,class_12,science_pcm,cbse,84.84,57.55,90.0,68.62,3.75,4.37,3.19,2.97,3.3,4.65,3.42,3.05,3.9,3.3,2.86,Mechanical Engineer
STU130081,16,M,class_10,undecided,icse,72.02,77.9,76.41,82.66,3.3,4.29,3.01,4.32,1.63,2.73,5.0,2.19,4.52,2.39,3.51,Physiotherapist
STU030071,14,F,class_9,arts,state,89.96,61.29,77.57,52.0,4.08,3.58,3.71,3.44,1.48,5.0,4.24,2.09,1.75,2.43,2.43,AI/ML Engineer
STU200061,16,M,class_11,commerce,state,72.11,46.18,77.69,81.85,4.24,2.98,2.32,2.34,2.81,3.06,4.6,3.79,3.89,3.79,2.93,Corporate Lawyer
STU340004,14,M,class_9,science_pcm,icse,74.21,35.0,52.4,68.23,2.92,3.76,2.61,2.32,2.68,5.0,3.75,1.3,1.32,4.6,2.36,Airline Pilot
STU080056,16,F,class_11,science_pcb,state,88.6,76.08,48.06,68.08,3.77,3.52,2.79,4.41,2.94,2.78,3.65,2.79,4.01,3.5,3.33,Doctor (MBBS)
STU280016,16,M,class_10,science_pcm,cbse,77.04,36.86,65.0,59.55,4.24,4.67,4.59,3.0,3.68,1.56,3.28,4.92,4.78,2.44,1.24,Content Writer
STU320023,18,M,undergraduate,undecided,state,77.6,66.34,54.0,59.15,2.9,4.12,4.98,3.75,2.3,2.9,4.44,1.51,1.49,4.05,4.69,Sports Manager
STU090137,18,M,class_12,science_pcb,icse,76.74,87.7,65.37,32.42,3.9,4.75,2.2,5.0,1.2,2.66,4.55,1.43,2.26,4.01,3.54,Dentist
STU150090,22,M,undergraduate,science_pcm,cbse,77.49,99.85,87.25,72.71,4.5,4.89,2.91,3.96,1.58,1.68,3.92,3.2,1.42,3.55,4.74,Investment Banker
STU320038,22,M,undergraduate,arts,cbse,80.97,88.14,86.77,70.41,4.03,4.43,4.06,4.53,3.79,3.8,3.74,3.9,4.8,5.0,2.95,Sports Manager
STU170017,15,F,class_9,arts,state,91.33,74.72,78.93,86.0,4.9,4.42,4.25,2.62,1.2,1.48,2.51,3.27,4.49,4.02,4.52,Digital Marketing Manager
STU330130,16,M,class_10,vocational,cbse,53.62,30.37,78.69,90.19,1.7,1.09,1.77,4.12,2.41,4.51,4.5,3.03,2.03,1.61,3.5,Chef / Culinary Arts
STU320061,16,M,class_10,arts,ib,98.4,64.82,69.69,74.46,3.09,4.26,3.77,2.65,3.35,3.8,4.7,1.3,2.46,3.53,4.51,Sports Manager
STU330147,19,M,undergraduate,science_pcb,state,73.52,78.0,79.77,95.39,3.78,4.42,3.16,2.2,3.07,4.94,2.0,2.52,1.95,1.92,4.8,Chef / Culinary Arts
STU080122,17,M,class_12,science_pcb,cbse,58.51,77.5,80.71,48.39,4.6,4.19,3.07,4.05,3.64,2.94,4.99,5.0,4.68,3.47,2.35,Doctor (MBBS)
STU190003,17,F,class_12,arts,icse,72.12,95.0,27.48,86.0,4.37,3.85,4.45,3.71,1.28,2.51,2.98,2.11,4.9,4.75,4.34,Entrepreneur
STU210044,17,F,class_11,commerce,cbse,86.24,68.0,74.1,35.73,4.62,4.2,4.36,2.0,2.92,3.0,4.35,2.78,4.9,4.85,2.5,Civil Lawyer
STU100073,16,M,class_11,undecided,state,55.0,68.45,73.53,73.64,4.42,4.71,3.52,3.5,3.02,3.37,4.3,1.72,4.76,2.06,3.49,Pharmacist
STU170039,16,F,class_11,arts,cbse,60.68,93.07,76.72,51.06,3.8,3.1,2.91,4.03,2.38,2.6,3.66,4.3,4.99,4.57,2.71,Digital Marketing Manager
STU190064,18,M,undergraduate,science_pcm,state,63.54,73.06,58.34,53.93,3.1,4.42,4.66,4.67,2.36,3.34,2.36,2.25,2.56,1.87,3.87,Entrepreneur
STU290042,19,F,undergraduate,science_pcm,cbse,79.05,91.84,70.0,83.43,4.15,4.92,3.71,5.0,1.18,3.08,5.0,4.09,4.0,4.84,3.88,IAS Officer
STU100115,21,M,undergraduate,science_pcb,cbse,72.75,92.39,75.79,81.3,3.0,4.15,3.43,4.43,2.14,4.2,4.04,1.2,4.27,3.18,2.8,Pharmacist
STU060125,17,M,class_12,science_pcb,icse,78.63,58.6,45.93,74.56,3.17,4.38,3.8,3.64,3.42,2.15,2.73,3.74,3.32,4.24,3.31,Mechanical Engineer
STU160048,20,F,undergraduate,commerce,icse,89.37,73.6,82.68,58.02,4.22,5.0,4.37,3.34,3.39,2.17,3.26,2.13,2.43,3.4,3.24,Management Consultant
STU180051,21,F,undergraduate,undecided,state,67.94,93.24,92.0,50.89,3.4,3.23,4.5,4.08,2.94,2.6,4.41,1.66,3.93,4.72,2.36,Product Manager
STU300081,21,M,undergraduate,arts,icse,88.0,49.59,32.41,62.42,3.74,3.3,4.59,3.48,1.92,3.85,5.0,4.15,2.17,1.82,4.8,Defence Officer (Indian Armed Forces)
STU090052,14,F,class_9,science_pcb,cbse,73.32,88.87,82.98,53.47,2.7,3.9,2.2,4.16,2.19,2.47,5.0,2.5,4.38,3.26,3.74,Dentist
STU170046,16,M,class_10,science_pcm,state,81.66,76.26,54.0,80.84,4.88,3.9,5.0,4.02,1.23,3.03,3.92,4.3,4.62,3.77,3.21,Digital Marketing Manager
STU060091,18,F,class_12,science_pcm,cbse,70.37,40.02,58.07,83.5,2.41,3.86,1.68,4.01,3.92,4.31,3.85,2.56,1.31,2.35,1.8,Mechanical Engineer
STU220059,18,F,class_12,arts,ib,77.51,80.0,35.0,91.78,4.02,3.54,3.57,4.39,1.4,1.44,3.61,4.21,3.62,3.33,1.07,UX/UI Designer
STU040132,16,M,class_11,science_pcm,cbse,89.7,82.0,74.42,70.56,4.88,4.36,3.49,2.86,3.34,2.7,4.39,2.54,3.54,3.57,3.31,Cybersecurity Analyst
STU020055,15,M,class_10,science_pcm,icse,48.92,53.82,90.24,76.2,4.49,4.03,3.94,3.28,3.7,4.65,3.87,1.85,2.4,2.09,3.12,Data Scientist
STU110142,18,M,undergraduate,science_pcm,state,100.0,66.75,76.51,62.76,3.49,3.99,2.64,5.0,3.01,2.73,3.5,3.7,4.74,2.86,2.7,Biomedical Engineer
STU140065,15,M,class_10,commerce,icse,94.93,71.34,76.84,61.0,4.1,4.18,3.77,3.31,4.1,1.53,4.34,3.08,1.88,3.28,1.0,Chartered Accountant
STU070006,14,F,class_9,science_pcm,icse,72.62,35.0,87.03,66.2,3.82,4.52,2.07,3.65,1.57,3.55,2.04,4.5,1.0,3.23,3.85,Civil Engineer
STU050032,15,F,class_10,commerce,cbse,48.08,66.17,70.23,73.02,3.48,3.25,3.5,4.3,2.49,3.17,3.71,1.91,4.85,3.52,4.0,Cloud Architect
STU220097,21,F,undergraduate,science_pcm,cbse,64.42,74.39,67.91,97.31,4.0,3.47,3.74,3.18,3.47,4.58,2.51,1.58,5.0,3.82,2.4,UX/UI Designer
STU140025,17,M,class_12,commerce,ib,88.83,80.39,98.81,71.43,1.0,4.06,4.24,2.1,3.35,2.89,3.6,2.35,2.97,3.64,4.79,Chartered Accountant
STU020013,17,F,class_12,science_pcb,cbse,69.97,54.54,72.11,50.89,4.03,3.72,3.84,3.26,3.3,3.62,5.0,2.05,2.29,2.02,3.26,Data Scientist
STU230018,15,F,class_9,arts,cbse,46.11,85.89,60.38,86.2,4.69,3.72,4.36,2.2,4.07,2.93,1.76,4.41,4.94,4.8,2.82,Graphic Designer
STU210078,15,F,class_10,arts,cbse,79.27,91.77,51.46,56.14,4.11,4.57,3.05,2.11,3.28,2.39,2.76,4.0,3.24,4.2,3.7,Civil Lawyer
STU310089,15,M,class_10,science_pcm,ib,96.44,91.11,99.0,84.07,4.19,4.07,4.16,3.71,4.66,3.36,3.6,3.38,5.0,4.7,4.59,Environmental Scientist
STU050018,18,F,class_12,science_pcm,ib,75.69,56.58,98.0,84.86,4.44,3.1,2.66,4.23,2.49,4.77,3.82,3.56,1.89,2.0,2.94,Cloud Architect
STU060126,15,M,class_9,science_pcm,icse,55.21,35.0,82.32,73.95,3.95,4.79,2.22,4.56,3.59,3.68,3.86,3.97,3.22,3.02,4.0,Mechanical Engineer
STU100082,17,M,class_11,science_pcb,cbse,69.26,67.14,82.54,68.42,2.93,1.0,4.03,4.66,3.95,2.62,3.62,1.82,3.55,3.34,2.77,Pharmacist
STU040098,15,F,class_9,science_pcm,cbse,73.69,62.35,98.0,88.17,4.26,1.87,3.24,3.9,1.53,3.24,3.65,3.12,2.28,4.0,3.81,Cybersecurity Analyst
STU240033,17,F,class_11,science_pcm,state,42.05,64.01,46.83,81.89,4.12,2.82,3.17,2.3,2.99,2.88,1.94,4.38,4.15,4.0,3.5,Architect
STU310140,17,M,class_12,undecided,ib,70.0,70.4,78.03,90.6,3.29,4.78,3.49,3.66,3.08,3.34,3.87,4.1,4.0,4.78,2.44,Environmental Scientist
STU290111,21,M,undergraduate,vocational,cbse,81.21,83.4,29.13,92.93,3.15,4.7,3.77,4.28,2.68,2.28,4.59,2.94,5.0,4.37,2.57,IAS Officer
STU170085,17,F,class_11,undecided,state,85.12,80.08,75.89,51.47,3.34,3.45,1.94,3.78,1.2,1.84,3.58,2.56,2.3,4.55,2.12,Digital Marketing Manager
STU270147,16,F,class_11,undecided,icse,42.0,48.0,78.0,85.73,4.11,2.82,3.58,3.93,4.27,3.49,3.06,1.67,4.46,4.31,2.5,Film Director
STU330146,17,F,class_12,arts,cbse,74.67,47.73,87.72,98.0,4.1,3.62,3.24,2.88,3.27,3.47,3.74,2.85,4.24,2.44,4.25,Chef / Culinary Arts
STU280116,20,M,undergraduate,commerce,cbse,78.23,100.0,53.9,79.78,4.18,4.52,4.62,3.99,3.66,1.5,5.0,3.24,2.28,4.8,1.91,Content Writer
STU130062,22,M,undergraduate,science_pcb,icse,62.44,84.98,75.15,46.15,2.92,4.54,4.66,4.43,2.57,4.04,4.71,2.43,4.65,2.09,2.54,Physiotherapist
STU050041,18,F,class_12,science_pcm,cbse,95.39,56.7,80.24,65.65,4.5,4.74,2.23,2.73,2.17,3.25,4.35,1.4,2.55,2.75,2.17,Cloud Architect
STU210122,17,F,class_11,arts,cbse,63.0,68.0,89.55,47.31,2.79,1.21,3.06,3.43,1.71,2.9,3.42,1.79,4.58,3.97,4.37,Civil Lawyer
STU050038,18,M,undergraduate,science_pcm,state,86.01,67.77,94.39,71.58,4.41,4.22,3.0,2.96,2.97,3.81,4.7,2.11,2.71,2.22,3.29,Cloud Architect
STU250070,19,F,undergraduate,arts,state,74.38,57.95,42.14,77.51,3.77,4.48,2.62,2.2,4.5,1.2,2.78,4.61,2.3,2.89,2.59,Fashion Designer
STU250010,16,F,class_11,arts,state,54.21,75.25,73.27,72.37,4.65,3.25,4.33,4.72,3.15,2.66,3.58,4.28,4.59,3.53,2.92,Fashion Designer
STU280034,15,F,class_9,arts,cbse,79.1,82.09,58.29,68.68,2.79,4.8,4.3,4.12,1.83,1.73,2.42,4.28,4.29,4.48,2.94,Content Writer
STU280112,17,M,class_12,arts,state,51.05,73.05,45.16,54.52,3.67,4.38,3.94,4.29,2.75,1.06,2.34,3.64,4.1,2.94,3.39,Content Writer
STU140147,14,F,class_9,commerce,state,78.43,74.26,84.69,56.08,4.03,4.54,4.07,2.1,2.97,2.58,2.19,3.29,2.5,5.0,5.0,Chartered Accountant
STU180032,20,F,undergraduate,science_pcm,icse,48.06,69.14,42.82,73.18,3.16,4.7,3.2,3.38,4.2,3.1,3.59,3.38,4.66,5.0,2.6,Product Manager
STU220065,20,F,undergraduate,arts,icse,53.02,52.99,44.36,86.37,4.76,4.35,3.7,3.16,2.03,3.81,1.92,4.81,4.45,4.41,2.16,UX/UI Designer
STU260087,18,M,undergraduate,arts,cbse,34.05,97.16,39.56,57.55,4.62,3.21,4.0,4.47,2.21,2.98,3.17,4.27,3.88,3.61,2.02,Journalist
STU290088,17,M,class_11,science_pcm,ib,87.36,90.38,97.73,74.62,4.34,4.79,2.99,3.1,2.84,2.81,2.8,4.1,4.38,4.91,2.91,IAS Officer
STU070022,17,F,class_11,undecided,cbse,71.16,74.65,63.41,90.26,3.7,3.62,4.58,4.06,1.47,3.5,4.29,3.77,2.79,2.11,2.9,Civil Engineer
STU040097,22,F,undergraduate,science_pcm,state,87.75,82.0,74.53,86.21,3.81,3.56,2.44,3.63,1.52,3.9,3.6,2.87,3.8,2.63,2.19,Cybersecurity Analyst
STU260079,17,F,class_11,arts,ib,75.36,81.06,62.81,52.28,2.96,3.45,3.57,3.57,2.58,2.8,3.13,5.0,5.0,4.14,1.27,Journalist
STU130101,16,M,class_11,science_pcb,state,70.38,66.8,79.64,79.94,4.47,3.4,4.47,4.59,2.71,2.94,4.7,3.7,4.69,2.68,4.22,Physiotherapist
STU140079,15,F,class_10,undecided,state,72.61,85.82,87.12,78.71,4.5,3.5,4.59,3.54,2.94,1.4,2.9,3.32,3.97,3.14,4.47,Chartered Accountant
STU160052,16,F,class_11,science_pcm,state,94.0,84.22,77.85,81.16,2.8,3.33,4.8,4.26,4.04,1.41,2.98,1.33,3.87,1.06,3.05,Management Consultant
STU130086,21,O,undergraduate,science_pcb,state,55.0,88.34,87.23,45.0,3.49,3.8,2.94,5.0,3.03,3.83,4.23,1.31,3.93,1.26,2.89,Physiotherapist
STU110143,15,M,class_9,science_pcm,cbse,59.87,76.39,63.24,74.72,3.63,5.0,3.15,5.0,2.18,3.15,3.5,2.82,3.67,3.78,3.02,Biomedical Engineer
STU250062,17,M,class_12,arts,ib,45.23,82.7,74.28,62.5,3.81,2.55,3.43,3.69,2.45,4.2,1.4,3.94,3.07,2.47,2.54,Fashion Designer
STU330108,15,M,class_9,arts,icse,48.0,26.75,68.83,62.0,3.32,3.48,2.65,4.45,2.21,4.86,3.66,1.7,4.4,3.47,2.95,Chef / Culinary Arts
STU140148,17,M,class_11,commerce,cbse,65.0,50.0,75.0,95.14,3.03,4.29,2.28,3.41,1.2,2.52,3.88,2.01,2.29,4.38,4.15,Chartered Accountant
STU300098,16,M,class_10,science_pcm,state,54.15,68.01,77.33,83.74,3.86,4.16,2.72,3.61,1.62,3.76,3.98,2.75,3.92,3.04,2.62,Defence Officer (Indian Armed Forces)
STU250118,16,M,class_11,arts,icse,58.38,68.45,56.06,79.34,4.35,2.3,1.65,4.53,2.22,3.5,2.57,3.87,4.61,3.63,2.48,Fashion Designer
STU310088,17,F,class_12,science_pcm,ib,86.62,95.89,86.84,78.48,4.63,3.79,3.0,4.31,3.17,2.33,3.22,2.36,4.64,4.44,3.41,Environmental Scientist
STU340117,16,F,class_10,arts,cbse,65.64,47.15,48.37,92.33,3.31,3.2,4.02,2.78,2.39,4.78,2.58,2.72,3.79,2.21,2.59,Airline Pilot
STU060087,17,F,class_11,undecided,state,81.56,43.72,65.75,87.58,2.95,4.58,3.54,4.7,1.1,3.5,2.03,3.7,1.67,2.68,1.84,Mechanical Engineer
STU050002,16,M,class_10,science_pcm,ib,77.19,79.35,83.47,98.41,3.54,4.04,3.24,2.62,2.4,4.31,4.47,1.87,2.7,3.02,3.24,Cloud Architect
STU150085,17,M,class_12,commerce,state,79.57,100.0,90.85,64.72,3.82,3.85,2.45,1.0,1.56,2.41,3.3,1.25,4.65,4.55,3.9,Investment Banker
STU270137,17,M,class_11,arts,cbse,53.85,58.77,52.93,24.31,4.82,3.72,4.9,3.19,1.54,4.15,4.0,4.06,3.46,4.45,1.0,Film Director
STU180034,17,M,class_11,commerce,state,64.78,77.31,90.02,75.2,4.34,3.14,5.0,3.29,3.76,1.43,3.96,4.23,2.82,3.91,2.48,Product Manager
STU300048,15,M,class_9,science_pcm,cbse,88.0,21.73,60.22,74.77,2.69,4.72,2.58,3.72,3.24,4.18,4.5,2.76,1.81,3.33,4.4,Defence Officer (Indian Armed Forces)
STU110083,16,F,class_10,science_pcm,cbse,62.91,83.6,63.53,71.12,4.54,4.87,3.25,4.2,3.3,4.1,4.52,1.59,4.63,1.78,3.54,Biomedical Engineer
STU300007,15,M,class_10,arts,icse,54.39,70.99,55.5,75.55,2.46,3.8,4.18,2.06,3.61,4.3,3.96,3.12,4.21,4.06,4.05,Defence Officer (Indian Armed Forces)
STU180089,17,F,class_12,undecided,state,88.36,66.43,73.58,69.9,4.27,4.04,4.98,4.68,3.06,1.99,2.29,2.42,3.17,4.85,3.81,Product Manager
STU190142,15,M,class_9,arts,state,86.23,55.25,76.8,56.88,1.6,4.72,3.23,4.54,3.15,3.41,2.93,1.2,3.72,3.54,3.78,Entrepreneur
STU080021,14,M,class_9,science_pcb,cbse,64.51,99.97,81.97,79.12,3.23,4.42,2.81,4.85,2.91,3.12,3.5,2.58,5.0,3.5,3.37,Doctor (MBBS)
STU120126,17,M,class_11,arts,state,93.31,79.01,90.38,55.85,4.86,2.2,2.33,4.49,2.6,3.09,5.0,3.0,4.31,3.43,2.71,Clinical Psychologist
STU330107,18,F,class_12,commerce,cbse,75.63,45.42,50.72,28.36,2.39,3.96,4.09,4.08,3.11,3.85,2.68,3.34,2.59,2.34,3.67,Chef / Culinary Arts
STU090084,15,M,class_10,science_pcb,cbse,64.3,90.79,87.8,56.97,4.03,3.62,3.66,4.08,1.85,4.03,3.6,2.6,4.19,1.55,2.64,Dentist
STU220147,20,M,undergraduate,science_pcm,cbse,55.92,56.53,73.16,45.08,4.13,1.44,4.41,3.23,3.66,2.86,3.47,4.13,3.51,2.85,2.24,UX/UI Designer
STU330052,14,F,class_9,undecided,cbse,81.77,54.15,75.42,96.93,2.0,4.9,2.13,2.72,2.7,4.1,2.13,2.18,3.54,2.8,3.43,Chef / Culinary Arts
STU130037,22,F,undergraduate,science_pcm,state,63.29,64.04,76.48,85.0,3.44,4.82,2.2,3.76,2.92,2.41,3.96,2.28,3.91,1.75,1.6,Physiotherapist
STU310105,17,M,class_12,science_pcb,state,87.05,74.23,96.23,77.87,4.86,5.0,4.8,4.2,2.89,4.5,4.09,3.66,4.94,4.7,2.26,Environmental Scientist
STU070120,20,O,undergraduate,science_pcm,state,69.74,76.87,72.36,60.0,4.15,3.28,3.52,3.57,2.85,4.35,3.06,1.76,2.08,1.5,3.99,Civil Engineer
STU230052,15,M,class_10,arts,state,82.14,69.6,64.8,90.56,4.98,3.92,3.22,3.45,3.38,1.93,3.4,4.4,3.75,4.62,1.33,Graphic Designer
STU090127,18,F,class_12,science_pcb,icse,92.0,59.44,81.63,67.73,3.95,4.33,2.61,4.55,2.19,1.8,3.97,3.22,4.91,2.29,1.7,Dentist
STU040026,22,F,undergraduate,vocational,cbse,84.21,54.82,81.71,73.37,4.14,3.24,2.67,5.0,1.3,4.38,3.81,1.4,1.81,3.62,2.11,Cybersecurity Analyst
STU260090,17,F,class_11,arts,state,56.4,79.25,100.0,35.0,3.73,4.8,3.6,3.4,2.79,1.0,3.5,3.72,3.63,3.78,1.56,Journalist
STU120002,19,M,undergraduate,arts,icse,84.91,58.4,76.27,79.17,4.41,4.2,3.08,1.47,3.86,3.74,4.57,1.84,4.17,2.61,2.43,Clinical Psychologist
STU320093,20,M,undergraduate,arts,icse,74.82,62.05,74.38,59.96,3.69,4.32,4.06,4.27,2.42,3.32,1.51,1.2,2.96,4.37,4.7,Sports Manager
STU300026,16,F,class_10,science_pcm,icse,80.31,35.0,90.0,89.76,4.29,3.18,2.62,4.7,4.17,4.79,2.0,3.48,1.64,4.02,2.52,Defence Officer (Indian Armed Forces)
STU190022,16,M,class_11,arts,state,75.31,67.77,64.21,53.25,3.57,3.46,4.65,2.2,3.47,3.76,2.26,3.6,3.08,3.82,3.22,Entrepreneur
STU230027,18,O,undergraduate,undecided,icse,66.99,52.12,52.92,99.0,4.91,4.35,3.9,3.22,3.11,3.25,1.69,1.0,3.06,4.55,2.83,Graphic Designer
STU180143,16,M,class_11,science_pcm,cbse,87.33,64.8,81.49,49.21,4.9,3.42,3.83,2.37,1.78,3.67,2.77,1.24,4.9,4.54,2.0,Product Manager
STU100024,18,F,undergraduate,science_pcb,cbse,90.96,79.35,82.83,52.26,2.67,4.3,2.4,4.07,2.5,3.65,4.62,2.39,1.0,2.72,3.4,Pharmacist
STU050140,18,O,class_12,science_pcm,state,85.59,65.62,79.76,76.35,4.02,3.58,3.57,2.66,2.26,4.38,3.83,3.41,2.22,3.62,3.95,Cloud Architect
STU270091,15,F,class_10,arts,cbse,69.82,76.83,57.52,99.0,4.17,2.51,4.04,2.2,3.2,3.74,2.04,4.06,2.89,3.67,1.96,Film Director
STU260065,15,F,class_9,arts,state,43.32,86.83,43.75,63.49,3.69,3.0,4.17,3.94,3.53,1.22,2.59,4.22,2.46,3.69,2.85,Journalist
STU060118,19,F,undergraduate,science_pcm,state,81.79,73.88,83.21,97.25,2.0,3.49,2.18,4.67,2.43,4.35,4.07,2.99,2.1,4.18,2.85,Mechanical Engineer
STU080091,18,M,class_12,science_pcb,cbse,66.78,100.0,74.91,52.24,4.59,4.67,3.81,5.0,3.62,2.28,4.7,3.55,2.81,2.69,1.62,Doctor (MBBS)
STU070098,17,M,class_12,science_pcm,cbse,75.43,35.0,65.31,49.44,3.55,3.14,3.05,2.1,1.18,4.59,2.09,2.15,1.76,4.29,2.53,Civil Engineer
STU090138,17,F,class_11,science_pcb,icse,59.85,91.69,83.79,58.44,3.11,3.93,2.86,3.59,3.9,2.98,4.49,3.49,4.43,2.93,1.6,Dentist
STU040092,22,M,undergraduate,science_pcm,cbse,78.9,52.47,89.93,63.62,4.51,3.53,2.93,4.11,2.95,4.58,3.83,3.21,3.18,2.33,2.94,Cybersecurity Analyst
STU080050,20,F,undergraduate,science_pcb,cbse,55.0,84.44,81.27,77.74,2.88,4.66,2.99,4.82,3.9,4.08,3.8,1.33,3.4,1.73,2.23,Doctor (MBBS)
STU080083,22,F,undergraduate,undecided,state,78.4,64.74,73.69,49.57,1.94,1.26,2.2,3.81,2.7,3.13,4.16,2.49,4.18,2.18,3.87,Doctor (MBBS)
STU340001,22,M,undergraduate,science_pcm,state,57.69,43.43,86.67,77.93,2.81,3.76,3.48,4.47,1.78,4.29,3.09,3.52,2.68,2.95,1.91,Airline Pilot
STU230050,18,F,class_12,undecided,cbse,49.82,87.69,70.97,88.96,4.78,3.88,2.66,4.32,3.53,3.61,4.41,4.25,2.97,3.17,3.32,Graphic Designer
STU160009,17,F,class_11,commerce,icse,60.42,82.27,74.5,47.73,4.48,3.93,3.73,3.24,2.81,2.18,4.32,3.02,3.18,4.93,2.34,Management Consultant
STU280078,17,F,class_12,commerce,state,86.0,84.6,53.2,82.85,4.42,3.43,2.08,3.85,2.81,1.61,3.46,1.0,4.24,2.8,3.02,Content Writer
STU010060,17,F,class_12,science_pcm,cbse,65.36,71.92,92.28,76.59,3.13,3.64,4.1,2.26,2.35,3.96,3.8,1.91,1.0,2.97,1.7,Software Engineer
STU210012,18,F,undergraduate,science_pcb,icse,87.92,95.42,65.53,54.75,2.7,3.58,3.76,2.18,2.84,3.69,3.39,1.5,4.72,4.71,3.21,Civil Lawyer
STU130139,17,F,class_12,science_pcm,cbse,79.79,74.79,89.73,56.33,3.5,4.18,3.87,4.74,3.21,3.74,4.66,2.88,5.0,2.57,2.15,Physiotherapist
STU180136,15,F,class_9,science_pcm,cbse,46.09,95.0,57.86,79.79,4.67,4.74,1.0,2.48,3.14,2.54,4.7,2.88,3.19,3.4,3.37,Product Manager
STU340086,19,M,undergraduate,science_pcm,state,50.18,60.2,61.97,95.4,3.56,3.1,3.5,3.47,2.94,4.71,2.75,2.33,1.67,3.19,4.64,Airline Pilot
STU080029,15,F,class_9,science_pcb,state,63.89,99.24,44.93,82.88,3.11,4.04,3.49,4.33,2.75,1.01,4.58,2.92,1.0,1.35,2.86,Doctor (MBBS)
STU210048,17,F,class_11,arts,cbse,84.63,90.62,82.81,52.25,4.68,3.33,3.71,2.71,2.11,2.01,3.56,2.85,3.16,3.98,1.75,Civil Lawyer
STU220122,18,F,undergraduate,undecided,state,58.27,63.85,39.51,85.6,4.25,4.65,3.6,4.63,2.96,3.52,3.41,4.93,3.96,2.4,3.22,UX/UI Designer
STU290147,16,M,class_11,commerce,cbse,72.68,74.33,86.01,85.72,3.14,4.51,3.58,3.82,1.58,4.5,4.81,2.9,5.0,3.91,4.0,IAS Officer
STU070041,17,F,class_12,science_pcm,cbse,48.0,59.6,49.52,81.53,2.12,4.36,4.3,4.49,2.79,3.5,2.42,2.89,1.2,1.5,3.46,Civil Engineer
STU080031,21,F,undergraduate,science_pcb,state,84.86,79.63,70.91,72.58,3.96,1.16,2.27,4.81,3.19,2.62,4.53,1.91,2.9,3.47,2.11,Doctor (MBBS)
STU020038,14,F,class_9,arts,icse,74.68,79.52,87.65,88.9,4.9,3.44,1.8,3.85,1.3,4.47,3.62,2.3,2.27,1.61,3.03,Data Scientist
STU190047,15,F,class_9,commerce,state,80.69,66.94,87.01,84.95,3.24,3.77,3.38,4.72,3.08,2.39,3.63,2.79,3.44,4.99,4.0,Entrepreneur
STU140136,22,F,undergraduate,commerce,cbse,50.15,64.34,86.69,47.52,2.5,3.5,2.37,3.02,3.06,2.25,4.2,1.0,1.55,2.22,3.79,Chartered Accountant
STU150150,15,O,class_10,commerce,cbse,89.32,81.87,53.93,40.0,4.21,4.21,4.47,2.66,1.76,2.03,4.01,1.86,1.88,2.94,4.86,Investment Banker
STU190019,20,F,undergraduate,arts,state,85.03,82.43,57.91,69.29,2.92,3.27,4.1,3.34,1.44,2.15,2.11,1.97,3.32,3.49,3.32,Entrepreneur
STU340040,17,M,class_12,undecided,state,84.65,59.92,72.32,66.3,2.67,4.55,3.02,2.69,1.28,4.72,1.82,1.3,2.74,1.5,3.57,Airline Pilot
STU140074,17,M,class_11,arts,cbse,99.82,72.16,64.67,80.0,2.35,4.45,3.45,3.03,4.05,4.86,3.68,2.84,1.77,3.45,3.87,Chartered Accountant
STU190147,16,F,class_10,arts,cbse,74.03,93.35,74.73,42.61,1.22,4.19,5.0,3.12,4.2,3.8,2.15,1.3,3.41,4.46,3.74,Entrepreneur
STU100143,17,F,class_11,science_pcb,state,65.88,58.0,84.8,64.67,2.64,4.84,2.54,4.5,2.81,3.9,4.13,3.57,4.87,3.17,4.49,Pharmacist
STU260015,14,F,class_9,science_pcm,state,61.51,80.45,63.11,49.26,4.81,4.76,4.83,3.82,4.04,1.22,4.1,3.87,4.31,2.69,2.75,Journalist
STU020077,18,F,class_12,science_pcm,state,82.28,61.45,92.16,72.59,3.96,4.36,3.51,2.73,1.75,4.68,4.66,3.9,2.83,3.4,3.08,Data Scientist
STU240001,22,M,undergraduate,science_pcm,icse,55.19,78.11,100.0,88.84,1.35,3.61,2.79,2.94,4.74,1.2,2.14,4.98,2.56,2.32,3.27,Architect
STU130130,15,M,class_9,science_pcb,state,73.02,80.84,89.97,57.75,4.51,4.54,3.43,4.45,3.31,3.3,3.8,3.7,3.4,2.32,2.51,Physiotherapist
STU220045,21,F,undergraduate,science_pcm,ib,93.24,55.52,66.07,57.72,1.96,3.46,2.4,2.8,1.68,2.09,3.68,4.43,4.78,1.84,1.95,UX/UI Designer
STU310083,18,F,undergraduate,science_pcm,state,76.29,86.41,77.11,80.14,4.3,4.28,3.88,4.5,2.91,1.0,4.8,2.4,4.27,4.15,3.17,Environmental Scientist
STU100055,15,F,class_9,science_pcm,icse,66.88,65.95,78.98,48.05,4.39,4.63,3.98,4.37,1.29,2.82,4.5,2.62,3.72,2.41,3.8,Pharmacist
STU150080,18,F,class_12,commerce,cbse,66.11,72.09,74.07,46.22,4.64,5.0,2.63,4.6,1.3,1.78,3.07,1.82,3.73,3.81,3.61,Investment Banker
STU050098,16,M,class_11,science_pcm,icse,97.0,66.1,83.58,58.28,3.0,2.71,2.71,3.78,2.49,5.0,4.66,2.17,2.54,2.29,2.04,Cloud Architect
STU080075,18,O,class_12,science_pcb,cbse,76.48,90.23,85.15,62.0,4.6,3.42,2.41,4.31,3.9,2.6,4.78,1.69,4.38,3.21,3.83,Doctor (MBBS)
STU240117,22,F,undergraduate,arts,cbse,45.01,70.01,40.57,74.13,4.45,4.27,3.78,4.66,3.44,2.5,1.4,4.63,3.36,4.09,2.35,Architect
STU210049,18,F,undergraduate,arts,cbse,80.16,94.15,86.12,79.72,2.84,3.34,2.3,3.0,1.26,2.21,4.36,2.12,4.58,4.26,4.08,Civil Lawyer
STU120129,17,F,class_11,arts,state,76.84,75.12,66.48,75.32,3.85,4.69,3.07,3.53,3.36,3.23,4.76,2.58,3.69,3.38,2.66,Clinical Psychologist
STU260096,18,M,undergraduate,undecided,cbse,68.4,81.96,80.0,76.51,4.88,3.62,5.0,4.76,4.29,1.0,1.4,4.73,4.36,2.63,1.6,Journalist
STU070138,17,F,class_12,science_pcm,cbse,88.0,59.31,63.61,75.26,3.32,4.9,2.99,2.86,3.49,4.97,4.49,3.09,4.35,2.71,4.08,Civil Engineer
STU320053,16,F,class_10,commerce,icse,77.21,65.15,74.54,49.8,4.59,5.0,4.41,3.12,2.22,4.86,3.81,2.4,2.7,1.68,3.81,Sports Manager
STU160007,18,O,undergraduate,science_pcm,state,84.68,89.96,56.7,64.62,3.38,4.06,3.36,4.8,3.83,3.45,2.88,2.21,3.04,3.87,2.64,Management Consultant
STU030014,15,F,class_9,science_pcm,state,85.78,53.01,72.9,67.11,4.18,4.5,3.43,3.55,3.53,4.26,3.73,2.61,3.68,2.99,2.51,AI/ML Engineer
STU160032,15,F,class_10,science_pcm,state,67.35,65.51,72.33,44.53,3.61,4.73,3.88,3.96,2.7,2.06,2.58,1.2,3.43,3.57,3.41,Management Consultant
STU100067,20,F,undergraduate,science_pcb,state,16.65,89.18,69.45,77.31,4.6,2.11,2.2,3.65,3.12,2.64,1.9,2.43,4.4,1.88,3.69,Pharmacist
STU070137,22,F,undergraduate,science_pcm,icse,82.12,49.45,61.56,86.72,2.44,4.54,2.0,3.77,3.09,2.76,2.16,4.38,2.3,3.11,2.79,Civil Engineer
STU150060,17,F,class_12,commerce,cbse,81.67,67.57,89.49,70.51,4.38,3.96,4.06,2.96,3.26,1.64,4.32,3.52,1.51,4.86,4.34,Investment Banker
STU320070,16,F,class_11,arts,cbse,62.71,68.33,54.0,40.0,2.97,4.45,3.53,4.7,2.49,1.57,2.48,2.37,3.44,4.48,3.15,Sports Manager
STU120105,16,M,class_10,undecided,icse,78.42,82.16,64.88,53.89,2.77,4.05,2.48,3.85,2.72,3.58,4.48,3.0,4.92,2.12,2.98,Clinical Psychologist
STU220107,18,F,class_12,arts,icse,82.99,72.33,57.99,80.29,4.81,2.3,3.7,4.8,2.41,1.48,2.02,4.67,3.91,3.89,1.39,UX/UI Designer
STU300130,16,O,class_10,arts,cbse,51.9,76.52,88.5,62.69,2.91,3.43,3.04,4.14,1.8,4.23,2.98,4.11,1.93,2.58,2.94,Defence Officer (Indian Armed Forces)
STU190113,15,M,class_9,commerce,state,86.04,55.61,87.05,74.84,4.9,5.0,1.94,4.17,1.2,2.19,3.69,1.89,3.67,3.46,2.55,Entrepreneur
STU230054,15,F,class_9,arts,cbse,49.96,83.81,73.15,77.75,4.12,3.73,3.4,4.1,2.65,2.32,3.07,4.45,1.64,1.82,2.37,Graphic Designer
STU240044,15,M,class_10,arts,icse,63.86,88.15,64.21,62.76,4.06,2.83,3.1,4.37,2.82,3.6,2.69,3.9,5.0,3.8,2.67,Architect
STU240131,18,M,class_12,science_pcm,state,62.83,58.2,55.1,79.14,4.15,2.66,1.41,2.92,3.04,3.39,3.37,4.62,4.74,3.05,1.42,Architect
STU110007,18,F,class_12,science_pcm,cbse,82.33,77.58,95.0,59.69,3.98,3.48,2.45,3.83,1.56,3.87,3.58,1.37,4.44,1.46,1.6,Biomedical Engineer
STU130124,17,M,class_12,undecided,cbse,61.65,71.39,75.45,69.91,3.37,4.69,3.22,5.0,3.08,2.75,3.53,3.56,4.22,2.5,2.57,Physiotherapist
STU030149,16,F,class_11,science_pcm,state,89.35,64.42,56.76,81.48,3.37,3.64,2.89,3.85,1.88,4.3,4.68,3.18,2.49,3.92,4.31,AI/ML Engineer
STU220019,16,F,class_11,undecided,state,76.34,63.09,75.38,97.39,4.93,2.98,4.09,3.72,4.13,4.14,2.43,4.0,4.49,2.47,1.83,UX/UI Designer
STU200131,18,M,class_12,arts,cbse,79.04,81.62,45.0,82.0,3.37,4.51,2.5,3.65,3.3,1.37,3.61,3.74,1.56,3.0,3.54,Corporate Lawyer
STU340119,18,M,class_12,undecided,cbse,73.17,79.24,50.95,92.44,3.9,4.87,3.64,3.82,2.79,4.39,3.51,2.58,3.41,1.67,4.8,Airline Pilot
STU320021,14,F,class_9,undecided,cbse,70.29,93.76,64.46,42.69,4.49,4.9,1.95,4.27,1.73,3.3,2.56,2.14,2.69,3.99,3.86,Sports Manager
STU030062,21,F,undergraduate,science_pcm,cbse,97.0,75.98,93.27,86.79,3.66,4.55,3.88,2.28,1.81,2.82,3.8,2.24,2.16,4.0,1.91,AI/ML Engineer
STU150084,20,F,undergraduate,science_pcm,icse,69.29,85.78,96.46,52.59,3.38,4.12,3.19,3.57,3.95,3.38,3.53,1.59,1.4,4.72,3.69,Investment Banker
STU080085,16,F,class_10,science_pcb,cbse,65.79,29.47,71.71,45.0,2.73,3.82,4.0,5.0,3.9,2.86,4.78,1.32,4.07,3.28,3.27,Doctor (MBBS)
STU280002,16,F,class_10,arts,cbse,42.0,60.81,76.51,61.95,2.0,2.85,3.64,3.0,2.74,2.55,2.96,3.97,4.77,3.71,1.87,Content Writer
STU150056,16,F,class_11,commerce,icse,44.85,85.77,35.53,47.15,3.8,4.41,3.88,2.33,2.34,1.95,3.66,3.18,3.76,3.56,4.81,Investment Banker
STU130031,15,M,class_9,science_pcb,cbse,69.18,66.49,92.34,69.15,2.99,3.61,4.4,1.83,2.95,3.67,4.27,3.24,2.71,3.61,4.0,Physiotherapist
STU080004,18,F,undergraduate,arts,state,60.76,69.18,94.32,45.0,3.52,3.61,4.42,4.31,2.21,3.6,4.03,3.12,4.65,2.35,3.55,Doctor (MBBS)
STU170061,21,M,undergraduate,arts,state,69.66,88.41,92.0,40.0,4.18,2.9,4.07,2.3,4.2,3.03,3.66,3.71,4.04,4.01,2.82,Digital Marketing Manager
STU010023,17,M,class_12,undecided,cbse,84.97,61.67,84.3,79.18,3.19,3.98,3.33,3.31,1.81,2.48,3.55,1.81,3.02,4.0,3.07,Software Engineer
STU140117,15,M,class_9,commerce,state,92.19,50.0,90.98,65.82,4.5,4.59,4.7,3.44,4.1,3.8,2.88,1.31,2.09,4.5,4.37,Chartered Accountant
STU120004,22,F,undergraduate,arts,cbse,80.55,84.08,66.47,79.3,4.43,3.52,4.5,2.05,1.75,2.5,4.3,1.42,4.48,2.37,2.37,Clinical Psychologist
STU180147,15,M,class_9,science_pcm,ib,94.0,72.1,89.59,57.84,3.98,4.0,3.79,3.27,3.19,2.54,1.0,4.3,2.92,2.4,3.29,Product Manager
STU290093,19,M,undergraduate,commerce,cbse,75.45,74.46,78.21,32.86,3.74,4.04,3.12,4.08,2.14,2.86,2.8,2.83,4.09,3.76,2.88,IAS Officer
STU240050,18,M,undergraduate,arts,cbse,54.33,49.13,50.88,81.55,3.97,3.96,2.4,3.85,2.84,3.65,3.09,4.6,4.49,2.1,2.68,Architect
STU280103,21,M,undergraduate,arts,state,77.51,97.67,52.97,42.22,4.15,3.74,4.13,4.2,3.32,2.65,2.83,4.82,3.3,2.37,1.1,Content Writer
STU170069,17,M,class_12,science_pcm,cbse,91.11,76.93,89.59,86.0,4.6,4.91,4.25,3.69,3.08,2.51,3.17,3.35,3.85,4.18,4.32,Digital Marketing Manager
STU160076,18,M,class_12,commerce,state,71.07,78.84,54.36,46.44,4.88,4.48,3.86,3.27,1.92,3.03,2.03,1.38,2.8,3.98,3.11,Management Consultant
STU040011,21,M,undergraduate,science_pcm,state,91.15,71.48,34.78,54.59,3.85,3.86,4.1,2.2,3.27,3.5,4.31,3.35,2.48,1.62,1.94,Cybersecurity Analyst
STU080018,18,M,undergraduate,science_pcb,cbse,84.96,79.7,89.51,58.93,3.73,4.72,2.23,3.85,3.54,2.27,4.59,2.18,5.0,1.58,1.91,Doctor (MBBS)
STU010088,17,F,class_11,vocational,icse,78.89,82.0,74.23,52.25,4.76,3.79,1.83,2.85,2.03,4.14,3.57,1.4,3.04,1.67,1.82,Software Engineer
STU100081,19,F,undergraduate,science_pcb,cbse,86.61,66.47,93.57,62.89,3.77,4.32,2.79,3.5,2.89,2.75,2.31,3.7,3.68,3.01,3.55,Pharmacist
STU190060,18,M,undergraduate,commerce,state,72.07,82.51,74.05,57.42,4.38,4.76,4.58,2.95,1.55,1.8,3.02,3.23,2.81,4.96,2.63,Entrepreneur
STU020133,20,M,undergraduate,commerce,cbse,38.51,50.53,80.08,63.68,3.77,3.3,3.24,2.55,2.38,3.28,4.29,2.71,3.21,3.99,3.72,Data Scientist
STU170084,21,F,undergraduate,undecided,cbse,80.69,70.54,85.4,65.1,4.68,3.82,3.89,2.27,2.44,3.31,4.7,2.0,2.5,3.4,2.14,Digital Marketing Manager
STU040013,17,M,class_11,vocational,cbse,68.99,54.41,91.61,55.75,4.04,4.2,3.19,2.2,1.38,4.38,4.66,3.41,2.51,3.4,2.25,Cybersecurity Analyst
STU020063,18,M,undergraduate,science_pcm,ib,81.34,63.44,71.08,59.41,3.48,4.91,3.67,2.91,1.63,3.38,4.03,2.64,2.54,3.4,2.75,Data Scientist
STU180129,18,M,class_12,science_pcm,icse,86.42,76.3,58.31,48.05,3.21,4.99,3.47,4.18,1.16,3.23,3.01,3.52,3.94,3.52,3.89,Product Manager
STU100019,21,M,undergraduate,science_pcb,cbse,71.77,87.79,72.83,65.38,3.36,4.18,2.72,4.7,3.71,4.2,1.61,3.1,3.99,2.0,2.45,Pharmacist
STU020085,16,M,class_11,science_pcm,state,78.72,53.28,94.97,90.0,3.0,5.0,3.56,2.51,1.3,4.88,4.75,1.56,2.98,2.13,3.19,Data Scientist
STU200041,20,M,undergraduate,commerce,cbse,86.01,31.57,90.0,81.15,2.86,4.38,4.31,2.21,2.23,3.45,4.2,1.37,3.65,3.14,4.85,Corporate Lawyer
STU040148,17,F,class_12,science_pcm,ib,83.42,47.64,82.69,80.07,3.65,3.77,1.92,2.39,2.62,4.35,3.6,2.79,1.75,3.42,1.7,Cybersecurity Analyst
STU310012,17,M,class_12,arts,state,98.29,74.96,90.27,81.98,3.28,4.42,4.41,4.23,2.14,2.93,3.91,2.68,4.71,4.43,2.68,Environmental Scientist
STU160001,19,F,undergraduate,commerce,icse,71.02,65.84,58.83,43.93,4.31,3.11,3.42,4.97,2.73,1.2,5.0,1.2,4.9,1.64,2.0,Management Consultant
STU280101,16,F,class_11,arts,cbse,42.0,79.49,60.98,81.26,4.12,3.15,3.99,4.28,2.67,2.42,3.53,4.49,5.0,4.09,1.93,Content Writer
STU160034,17,M,class_12,commerce,cbse,68.42,79.84,98.39,74.22,3.18,4.92,3.56,3.26,1.88,2.22,2.21,3.72,4.5,4.31,2.62,Management Consultant
STU050063,21,M,undergraduate,science_pcm,icse,91.75,67.22,81.72,61.76,3.0,3.19,3.14,2.74,4.47,3.73,4.33,1.9,3.4,2.06,3.46,Cloud Architect
STU340113,20,F,undergraduate,science_pcm,cbse,50.85,78.0,52.66,89.78,4.17,4.9,2.22,4.7,2.37,4.38,2.49,1.87,4.4,3.85,2.39,Airline Pilot
STU160036,17,F,class_12,commerce,icse,62.16,87.37,55.91,85.26,3.59,2.33,3.77,2.81,1.2,1.41,4.48,2.98,4.9,4.94,3.52,Management Consultant
STU330014,16,M,class_10,undecided,state,56.18,75.81,90.0,70.28,3.01,3.07,4.32,4.23,4.14,4.38,3.04,3.96,2.22,3.84,2.79,Chef / Culinary Arts
STU230039,18,F,undergraduate,undecided,state,56.51,71.07,69.3,84.93,4.45,4.42,3.88,3.99,2.55,3.81,2.94,4.36,4.91,1.76,1.99,Graphic Designer
STU180056,16,O,class_10,arts,icse,66.43,93.52,69.11,44.63,4.67,4.2,3.42,2.61,3.9,2.67,3.29,2.09,3.54,3.84,3.83,Product Manager
STU330141,17,F,class_12,commerce,icse,75.74,64.38,73.6,67.56,2.0,3.38,3.27,4.7,2.88,1.28,4.42,3.42,3.42,4.22,3.29,Chef / Culinary Arts
STU060030,16,M,class_11,science_pcm,icse,96.99,65.6,50.43,39.84,2.42,4.27,2.8,4.45,1.62,2.43,2.01,2.84,2.89,2.84,4.34,Mechanical Engineer
STU260089,18,M,undergraduate,commerce,ib,81.53,81.52,55.23,80.61,3.8,3.86,4.12,3.84,3.14,1.81,2.56,3.85,4.61,4.74,2.96,Journalist
STU240076,17,F,class_11,commerce,cbse,53.35,90.38,68.94,65.69,3.99,3.1,3.13,3.77,3.54,4.11,4.2,3.8,2.8,2.45,2.14,Architect
STU240126,14,O,class_9,arts,state,55.0,59.84,42.6,83.84,4.61,4.56,3.71,4.59,2.85,1.5,3.41,4.2,1.28,2.43,2.31,Architect
STU230134,17,O,class_12,arts,cbse,46.69,71.06,39.34,71.71,4.08,4.0,5.0,2.58,1.62,2.23,3.32,4.37,2.3,3.99,1.2,Graphic Designer
STU240075,18,F,class_12,science_pcm,state,75.41,59.16,78.23,83.09,4.24,3.19,4.43,2.97,4.1,4.2,4.0,4.22,2.63,1.82,3.5,Architect
STU330134,15,M,class_10,vocational,icse,45.51,57.91,51.55,71.45,2.21,3.85,4.6,4.33,2.46,4.15,2.63,2.3,1.23,4.21,4.8,Chef / Culinary Arts
STU050086,15,M,class_10,science_pcm,icse,22.76,78.7,89.4,64.79,2.97,3.48,2.9,4.12,1.5,3.98,2.4,3.52,2.91,1.6,2.71,Cloud Architect
STU260034,16,M,class_11,arts,state,51.18,93.85,44.57,43.4,1.23,4.12,3.95,3.33,1.52,1.11,3.89,4.14,4.47,2.72,2.93,Journalist
STU200018,18,M,class_12,arts,state,81.07,92.04,54.75,86.72,4.02,4.01,4.38,2.74,2.02,2.49,2.6,1.98,3.04,3.31,2.64,Corporate Lawyer
STU310040,18,M,class_12,science_pcm,state,78.4,99.0,95.48,88.34,2.76,4.07,5.0,3.61,1.48,3.82,3.45,2.78,4.99,3.87,2.26,Environmental Scientist
STU150072,18,M,class_12,science_pcb,cbse,82.41,68.68,88.18,51.46,4.3,3.82,4.7,3.74,1.56,2.06,3.28,1.9,3.16,1.06,3.78,Investment Banker
STU280073,17,F,class_12,arts,cbse,70.24,100.0,77.14,64.42,4.05,4.13,3.78,3.9,2.92,1.29,3.87,3.63,3.86,3.81,2.21,Content Writer
STU130051,18,F,undergraduate,science_pcm,cbse,83.72,87.6,75.78,43.75,2.71,3.96,3.46,3.96,2.54,2.95,3.5,3.22,3.8,2.0,2.62,Physiotherapist
STU040038,16,F,class_10,science_pcm,icse,68.0,50.65,84.42,67.26,4.9,3.8,3.84,2.43,1.15,3.64,4.14,5.0,3.07,2.11,3.31,Cybersecurity Analyst
STU120039,21,F,undergraduate,undecided,icse,68.5,86.16,65.27,56.09,3.14,4.84,3.99,4.87,2.43,2.15,4.95,3.56,3.89,1.66,2.72,Clinical Psychologist
STU150131,15,F,class_10,science_pcm,cbse,75.61,80.43,94.9,65.43,3.41,4.23,4.17,2.3,1.3,2.99,4.35,3.5,1.26,3.6,4.06,Investment Banker
STU230111,15,M,class_9,arts,cbse,72.99,76.62,39.61,63.32,3.9,3.41,4.38,4.08,4.24,3.08,1.58,3.84,4.87,4.57,3.24,Graphic Designer
STU160071,17,M,class_12,commerce,ib,93.65,69.78,66.61,61.99,4.04,3.91,2.96,3.25,1.94,3.6,2.26,3.63,2.21,4.75,3.5,Management Consultant
STU060033,16,F,class_11,science_pcm,state,48.0,50.11,57.56,61.77,3.86,3.1,1.74,3.4,1.49,3.64,4.14,3.17,4.4,4.16,2.86,Mechanical Engineer
STU040072,21,F,undergraduate,science_pcm,cbse,78.38,51.67,79.79,68.52,4.33,3.1,2.91,2.7,1.3,4.03,3.6,2.16,3.08,2.27,4.84,Cybersecurity Analyst
STU040073,19,F,undergraduate,science_pcm,icse,80.09,54.82,78.28,60.11,4.49,1.11,3.49,4.22,3.7,4.53,3.68,3.16,3.23,3.94,3.54,Cybersecurity Analyst
STU250081,17,M,class_11,science_pcm,state,60.92,66.79,76.26,92.32,4.24,3.08,3.9,2.2,2.17,4.05,4.25,4.68,4.62,3.83,3.5,Fashion Designer
STU280062,18,O,undergraduate,commerce,icse,48.2,85.06,42.29,48.12,3.35,4.6,4.66,3.0,2.09,1.39,1.76,3.63,4.29,4.28,2.91,Content Writer
STU160149,16,M,class_10,commerce,ib,79.08,60.85,80.94,86.0,3.2,3.99,3.34,4.42,1.84,2.72,3.67,2.89,5.0,4.57,2.31,Management Consultant
STU150108,22,M,undergraduate,undecided,state,88.62,68.13,76.06,63.01,3.43,3.91,3.58,2.93,3.58,3.58,3.14,1.0,2.44,3.56,4.63,Investment Banker
STU270097,17,M,class_11,arts,cbse,66.22,95.42,40.78,69.22,4.26,4.42,3.21,3.46,2.98,3.24,1.87,4.84,2.01,3.29,1.59,Film Director
STU250107,18,F,undergraduate,arts,ib,76.54,51.1,54.99,86.49,4.42,3.88,3.14,4.8,2.65,1.43,3.77,4.17,1.67,4.34,3.5,Fashion Designer
STU300070,14,F,class_9,science_pcm,state,81.32,38.88,71.81,63.61,2.95,3.66,3.58,3.47,1.1,3.56,3.82,2.09,4.4,3.79,4.8,Defence Officer (Indian Armed Forces)
STU200096,15,F,class_10,commerce,cbse,69.99,90.17,46.28,44.02,3.92,4.05,1.16,2.29,4.2,2.56,2.69,2.18,4.54,3.82,4.48,Corporate Lawyer
STU110012,18,M,class_12,undecided,cbse,74.71,56.58,79.77,85.0,4.38,4.77,2.52,4.81,2.31,3.95,4.35,2.82,3.43,2.05,2.49,Biomedical Engineer
STU130083,21,F,undergraduate,undecided,cbse,91.47,71.94,91.45,62.41,2.76,2.08,2.61,3.59,1.37,3.46,4.15,2.24,3.11,1.64,2.57,Physiotherapist
STU050052,21,F,undergraduate,science_pcm,state,82.33,74.0,74.84,78.53,4.17,3.1,3.32,3.4,3.7,3.06,4.15,1.94,2.05,3.02,2.17,Cloud Architect
STU200059,16,M,class_11,commerce,icse,74.07,76.34,55.21,65.96,2.85,4.4,2.34,4.54,1.75,2.66,4.19,3.21,4.29,3.46,4.54,Corporate Lawyer
STU220081,17,M,class_12,science_pcm,state,51.78,72.97,54.76,88.48,4.69,3.25,1.02,1.89,1.58,2.65,1.85,4.87,4.08,3.78,1.0,UX/UI Designer
STU030070,20,F,undergraduate,science_pcm,state,68.82,69.19,74.59,53.09,3.0,4.41,2.4,3.61,2.44,3.76,4.66,3.49,2.08,2.57,4.2,AI/ML Engineer
STU190052,20,M,undergraduate,science_pcm,cbse,78.02,92.17,82.55,50.03,3.4,3.19,4.71,3.53,4.03,1.46,2.37,1.27,4.9,4.76,4.48,Entrepreneur
STU010119,16,M,class_10,science_pcb,cbse,88.89,56.64,65.0,67.59,4.48,4.41,3.06,3.18,1.85,4.74,3.5,3.14,3.19,2.62,4.48,Software Engineer
STU240018,17,M,class_11,science_pcm,state,55.41,92.86,41.26,23.56,4.95,2.52,4.36,3.8,3.52,1.99,1.92,5.0,5.0,2.93,3.15,Architect
STU220023,21,F,undergraduate,arts,icse,66.19,57.1,76.7,96.8,4.84,4.16,1.56,2.34,1.54,4.04,1.89,2.35,4.32,3.14,2.68,UX/UI Designer
STU150117,15,M,class_9,commerce,state,81.59,50.0,96.18,40.0,3.5,4.18,3.87,3.99,1.85,3.25,3.28,1.6,4.63,1.9,4.08,Investment Banker
STU280052,18,M,undergraduate,arts,state,71.24,75.38,62.49,47.17,4.93,4.02,4.58,4.73,1.4,2.51,2.7,4.99,4.28,2.84,1.63,Content Writer
STU110114,17,F,class_11,science_pcb,cbse,79.36,32.05,81.44,57.95,3.76,2.51,3.0,4.74,2.22,2.02,4.15,1.2,4.49,3.4,2.51,Biomedical Engineer
STU260103,15,F,class_10,commerce,state,64.85,81.63,65.66,44.6,5.0,3.5,4.96,4.38,3.59,2.12,1.68,4.18,3.92,3.49,2.32,Journalist
STU070063,17,F,class_11,science_pcm,cbse,57.01,60.36,84.22,60.0,2.0,4.69,2.12,3.87,2.37,3.63,3.59,3.7,4.4,1.6,3.58,Civil Engineer
STU170111,18,F,undergraduate,science_pcm,state,75.19,65.04,72.7,49.98,4.33,4.57,3.2,2.64,1.97,1.73,3.53,3.48,3.83,4.01,3.19,Digital Marketing Manager
STU280105,16,M,class_10,arts,cbse,48.8,76.95,35.0,80.88,4.8,3.62,3.58,3.0,4.31,1.73,3.38,3.56,4.25,4.03,1.0,Content Writer
STU240017,17,M,class_12,science_pcm,cbse,62.16,53.69,63.73,62.0,4.48,3.12,4.9,4.73,3.17,4.2,2.45,3.89,4.38,3.32,1.29,Architect
STU240146,21,M,undergraduate,science_pcm,state,42.0,72.82,56.19,72.43,3.76,3.49,2.4,4.75,3.12,2.93,3.04,4.25,2.59,1.54,3.47,Architect
STU220020,18,M,class_12,arts,cbse,56.55,58.54,46.26,80.83,4.8,2.4,3.23,3.32,2.26,2.54,3.14,4.54,4.18,3.69,2.67,UX/UI Designer
STU170016,17,F,class_11,arts,state,76.76,74.77,66.8,72.73,4.14,3.19,3.64,3.79,2.73,2.69,3.01,4.3,3.52,3.62,4.33,Digital Marketing Manager
STU320101,14,M,class_9,commerce,cbse,92.05,64.5,90.13,82.99,4.61,3.54,2.47,3.37,3.34,1.33,3.62,1.2,4.12,5.0,2.35,Sports Manager
STU300104,17,F,class_12,science_pcm,icse,65.75,80.86,74.38,62.83,2.75,4.22,2.59,2.8,3.25,3.74,4.07,3.2,2.77,4.6,2.79,Defence Officer (Indian Armed Forces)
STU150086,21,F,undergraduate,commerce,state,67.8,74.5,83.42,56.71,2.2,4.13,4.37,2.58,1.77,2.71,3.52,3.5,1.88,5.0,3.55,Investment Banker
STU200095,21,M,undergraduate,arts,icse,63.85,72.89,90.0,72.29,3.92,4.18,3.01,2.0,3.94,2.79,4.9,2.15,1.16,3.66,2.63,Corporate Lawyer
STU180018,19,M,undergraduate,science_pcm,cbse,89.08,63.06,85.23,75.29,3.63,2.14,4.63,3.74,3.11,2.56,2.62,3.67,4.75,4.56,1.15,Product Manager
STU140088,17,F,class_12,commerce,state,65.76,79.04,84.07,59.22,3.28,4.93,2.68,3.57,2.08,2.04,4.49,1.78,2.74,4.55,4.03,Chartered Accountant
STU300002,18,F,class_12,vocational,ib,86.13,55.95,48.19,68.23,4.5,3.9,3.45,4.16,1.39,5.0,2.04,2.04,2.62,2.5,3.4,Defence Officer (Indian Armed Forces)
STU060023,16,M,class_10,science_pcm,icse,81.06,72.64,49.01,79.74,4.04,4.15,2.52,4.22,4.54,4.76,2.49,2.07,2.46,2.41,2.21,Mechanical Engineer
STU090085,21,M,undergraduate,undecided,icse,91.61,69.12,67.48,71.68,3.71,3.4,3.86,4.21,1.66,3.86,4.12,1.65,3.72,1.49,2.62,Dentist
STU320048,18,F,class_12,science_pcm,state,85.26,55.0,57.0,34.46,4.21,2.98,4.21,4.32,3.04,3.8,2.87,3.81,4.9,2.13,3.28,Sports Manager
STU330035,17,F,class_12,vocational,cbse,78.37,71.54,26.83,60.0,3.26,3.52,2.16,3.89,3.2,1.79,2.98,4.15,4.55,3.52,1.81,Chef / Culinary Arts
STU180038,16,M,class_10,commerce,cbse,83.08,92.13,68.73,67.83,4.05,4.15,3.95,2.26,2.59,3.48,4.7,2.85,3.71,4.23,2.21,Product Manager
STU320020,17,F,class_12,commerce,cbse,66.02,79.83,57.53,49.79,4.66,3.85,4.03,4.22,2.16,3.73,3.02,1.59,3.23,3.55,2.36,Sports Manager
STU100065,15,M,class_10,science_pcb,state,62.96,96.2,73.36,54.42,4.35,5.0,2.2,3.58,3.03,2.59,3.66,1.46,3.8,3.35,3.46,Pharmacist
STU090035,20,F,undergraduate,science_pcb,ib,63.25,61.52,80.83,85.0,4.05,4.75,4.22,4.72,2.48,1.8,4.15,2.28,4.07,1.29,2.85,Dentist
STU190114,15,F,class_9,commerce,icse,85.35,93.1,75.15,56.73,4.83,5.0,4.64,4.35,2.27,5.0,2.9,3.87,3.96,4.85,3.29,Entrepreneur
STU030136,17,F,class_11,science_pcm,state,50.17,49.53,93.55,77.67,3.1,3.84,2.22,3.36,2.49,2.88,4.45,1.89,3.46,2.05,1.7,AI/ML Engineer
STU120025,17,F,class_12,science_pcb,cbse,70.42,63.94,87.37,80.04,4.03,3.39,4.5,2.13,3.05,3.27,4.19,1.25,3.86,1.24,2.84,Clinical Psychologist
STU030066,14,F,class_9,commerce,state,68.03,60.95,72.39,78.55,4.83,3.72,3.13,2.9,1.53,4.39,4.57,3.23,3.47,3.86,3.92,AI/ML Engineer
STU330053,17,F,class_12,arts,state,94.7,66.52,78.74,84.94,3.63,4.04,2.0,3.96,2.53,1.89,4.15,3.69,3.92,3.78,2.72,Chef / Culinary Arts
STU020082,22,M,undergraduate,science_pcm,icse,97.0,60.5,86.81,62.17,3.67,4.31,4.0,2.97,2.46,2.75,4.13,2.1,1.43,2.02,2.38,Data Scientist
STU300008,16,M,class_10,undecided,state,84.91,36.61,63.1,88.45,4.14,4.47,3.9,3.17,1.38,3.93,2.87,1.89,3.98,2.17,2.45,Defence Officer (Indian Armed Forces)
STU010148,16,M,class_10,science_pcm,cbse,70.0,59.63,82.51,83.0,4.47,4.1,1.28,3.03,3.7,3.98,4.25,3.54,2.5,1.6,2.23,Software Engineer
STU300140,20,M,undergraduate,science_pcm,cbse,78.48,39.67,45.0,62.55,3.19,4.38,2.74,4.7,1.95,4.22,5.0,1.59,3.49,4.35,2.86,Defence Officer (Indian Armed Forces)
STU030108,15,F,class_10,science_pcm,cbse,78.78,49.41,76.2,80.58,3.48,3.71,3.42,2.34,1.3,4.14,4.3,3.35,2.55,2.44,2.63,AI/ML Engineer
STU140141,22,M,undergraduate,commerce,cbse,62.54,67.28,85.01,45.2,4.16,4.96,2.0,3.02,3.33,3.83,3.08,1.75,5.0,3.36,4.07,Chartered Accountant
STU010087,19,F,undergraduate,science_pcm,state,30.84,81.09,74.63,73.04,3.03,4.69,4.1,3.73,2.22,3.01,4.46,2.32,5.0,1.6,3.73,Software Engineer
STU060095,18,F,class_12,science_pcm,cbse,71.91,54.74,84.58,98.0,2.99,3.9,2.98,3.25,2.3,3.33,3.67,2.86,2.45,4.53,1.8,Mechanical Engineer
STU070132,17,F,class_12,science_pcm,icse,71.2,50.77,51.36,60.6,3.49,3.81,3.99,3.22,3.35,4.03,2.19,2.5,3.41,3.14,1.93,Civil Engineer
STU190044,17,M,class_12,commerce,state,78.65,83.59,64.04,69.12,4.9,3.94,4.28,2.35,2.45,3.8,4.7,1.24,3.38,3.77,3.03,Entrepreneur
STU230048,15,O,class_9,undecided,cbse,95.36,85.26,35.0,77.31,4.57,4.01,4.87,2.6,1.4,4.0,2.41,4.31,3.71,3.37,2.89,Graphic Designer
STU320041,18,M,class_12,commerce,ib,66.15,80.39,71.74,70.22,4.37,3.47,4.01,3.51,3.53,1.3,3.48,3.27,4.08,4.63,3.72,Sports Manager
STU230076,15,F,class_9,arts,icse,61.09,88.03,36.36,82.55,3.92,3.35,4.55,4.07,1.61,2.66,2.52,4.3,4.53,4.69,1.38,Graphic Designer
STU180079,18,F,undergraduate,science_pcm,cbse,81.76,89.39,92.0,40.0,3.34,5.0,4.03,3.3,3.77,3.25,2.59,4.3,4.77,4.28,3.34,Product Manager
STU190071,19,M,undergraduate,science_pcm,cbse,80.12,84.88,91.46,67.09,2.8,1.22,3.2,3.37,2.19,3.32,2.8,1.81,1.59,3.57,3.77,Entrepreneur
STU060106,19,F,undergraduate,science_pcm,icse,80.25,61.06,61.84,68.34,3.75,4.74,3.42,2.83,3.67,4.86,2.77,3.26,2.35,3.19,1.83,Mechanical Engineer
STU010079,18,M,undergraduate,vocational,state,88.29,50.11,85.27,82.22,4.73,3.46,3.69,2.93,3.46,3.47,4.23,3.78,3.34,3.55,2.34,Software Engineer
STU150148,17,M,class_12,commerce,cbse,66.03,72.49,82.42,72.26,2.01,4.37,4.49,3.17,3.59,2.4,3.73,1.0,1.74,3.16,4.23,Investment Banker
STU320014,19,M,undergraduate,commerce,cbse,90.12,69.65,73.91,59.32,4.39,4.17,3.2,4.03,2.33,1.26,2.38,2.69,4.9,4.15,3.9,Sports Manager
STU300090,17,F,class_11,science_pcm,state,71.76,42.57,69.91,94.53,2.57,3.13,4.48,2.69,3.15,4.31,2.71,4.44,2.72,2.9,2.75,Defence Officer (Indian Armed Forces)
STU260008,18,M,undergraduate,commerce,cbse,73.09,75.0,38.59,39.76,4.83,4.71,4.26,3.0,2.53,1.82,3.3,3.79,4.66,3.15,2.96,Journalist
STU210039,20,F,undergraduate,arts,icse,47.38,98.58,45.02,77.08,3.02,3.67,4.08,2.93,2.18,1.58,3.1,2.14,3.66,4.05,2.2,Civil Lawyer
STU160030,18,F,class_12,science_pcm,state,91.7,66.19,80.3,51.84,3.3,4.46,3.72,4.61,3.96,3.66,4.46,1.2,2.45,4.98,3.7,Management Consultant
STU190008,16,M,class_10,arts,icse,76.56,63.81,28.04,67.95,3.5,5.0,4.43,4.5,1.28,1.76,4.24,3.59,3.56,4.44,4.7,Entrepreneur
STU290046,16,M,class_11,arts,cbse,92.39,81.28,91.94,85.69,3.38,4.78,5.0,4.34,2.12,3.96,4.82,3.92,4.72,4.23,3.84,IAS Officer
STU270142,16,M,class_10,undecided,state,81.2,63.53,55.13,98.12,4.4,2.66,4.75,3.67,3.36,3.56,1.55,4.69,4.11,4.02,2.57,Film Director
STU280023,17,M,class_11,vocational,ib,75.51,90.97,67.36,72.63,3.65,4.8,3.81,4.37,3.37,1.55,4.1,3.22,5.0,2.1,3.8,Content Writer
STU150077,19,M,undergraduate,commerce,cbse,93.67,76.99,73.49,40.0,3.66,3.79,2.82,2.13,2.17,2.31,3.82,3.5,1.79,3.61,3.43,Investment Banker
STU030125,17,F,class_11,science_pcm,cbse,86.27,47.72,71.7,52.0,3.45,3.28,2.92,4.05,3.43,4.08,3.6,4.27,3.1,2.01,2.64,AI/ML Engineer
STU030093,17,F,class_11,science_pcm,state,83.01,39.37,94.08,90.0,3.34,3.7,2.86,3.97,1.98,4.44,3.84,1.78,2.04,3.2,2.51,AI/ML Engineer
STU330024,16,M,class_10,vocational,cbse,22.69,27.28,70.86,77.17,1.44,3.61,3.51,4.45,3.22,3.67,2.05,1.75,1.2,1.5,2.7,Chef / Culinary Arts
STU250141,17,M,class_12,arts,state,74.64,81.32,51.96,65.5,4.92,3.9,2.73,1.88,3.58,2.96,2.11,4.21,2.3,4.64,1.0,Fashion Designer
STU010105,18,F,class_12,science_pcm,cbse,92.74,66.14,91.38,75.59,3.72,3.94,3.68,3.19,1.3,1.72,5.0,3.61,2.82,3.54,2.35,Software Engineer
STU180123,19,M,undergraduate,undecided,state,84.18,62.42,64.7,52.01,4.07,4.06,3.6,3.78,3.14,1.0,4.48,4.03,2.15,3.51,2.56,Product Manager
STU210106,16,F,class_10,arts,icse,91.72,100.0,95.28,74.21,2.7,1.37,4.01,4.27,3.64,3.5,2.6,2.32,4.12,3.88,4.29,Civil Lawyer
STU180131,19,M,undergraduate,undecided,state,90.81,84.65,63.48,82.78,3.9,3.61,4.0,4.12,2.55,2.91,2.0,2.97,3.05,3.4,4.35,Product Manager
STU320136,16,F,class_11,science_pcb,cbse,92.02,87.72,54.32,86.0,3.88,2.18,4.2,3.93,4.2,3.8,4.16,3.22,2.98,4.05,3.02,Sports Manager
STU200083,18,F,class_12,undecided,icse,91.18,69.6,88.56,60.05,3.29,4.47,3.52,2.11,3.46,2.52,3.76,3.23,4.9,4.32,4.47,Corporate Lawyer
STU130149,18,M,class_12,science_pcb,icse,91.88,82.27,79.38,74.52,3.21,4.54,3.38,1.75,3.41,3.87,4.23,2.45,4.63,1.38,4.22,Physiotherapist
STU100110,18,F,class_12,science_pcm,state,76.78,58.72,93.02,64.52,2.72,4.49,3.26,3.96,1.75,2.39,4.2,1.74,4.38,2.29,4.3,Pharmacist
STU230104,17,F,class_11,arts,state,82.3,63.05,69.27,76.26,2.41,2.74,4.58,3.52,2.08,1.58,2.03,4.92,3.21,3.01,2.61,Graphic Designer
STU270059,15,M,class_9,science_pcm,state,42.62,65.98,47.99,93.88,4.68,3.55,3.32,2.55,4.5,3.92,2.68,4.2,3.15,2.66,2.7,Film Director
STU190121,16,F,class_11,arts,icse,84.64,55.0,73.11,50.68,4.24,4.39,3.45,3.64,2.04,3.42,4.6,2.13,2.58,3.4,3.79,Entrepreneur
STU340073,16,F,class_11,science_pcm,state,78.33,35.0,55.25,66.73,2.98,3.86,4.01,2.98,2.97,4.0,3.1,4.5,2.75,3.57,4.02,Airline Pilot
STU110088,17,F,class_11,science_pcb,cbse,60.84,22.47,62.0,78.43,4.39,5.0,2.28,3.99,2.69,3.3,4.29,3.06,4.2,1.65,3.6,Biomedical Engineer
STU260072,18,F,class_12,undecided,cbse,49.94,81.59,78.85,72.23,4.01,3.33,4.55,4.51,2.33,3.85,3.89,4.75,4.03,2.1,1.89,Journalist
STU120082,20,M,undergraduate,arts,state,69.13,59.32,72.37,75.05,3.42,3.96,4.14,3.94,1.72,2.56,4.48,1.44,4.69,1.47,1.6,Clinical Psychologist
STU330063,20,F,undergraduate,undecided,cbse,74.21,63.24,84.53,85.51,4.29,4.21,1.3,3.11,1.21,4.18,2.08,2.26,3.02,1.52,4.15,Chef / Culinary Arts
STU260126,16,M,class_11,arts,state,86.0,87.0,71.64,62.64,4.45,3.13,4.75,4.83,3.87,3.4,2.98,4.63,4.11,3.56,1.04,Journalist
STU340089,18,F,class_12,arts,cbse,55.82,69.3,45.0,82.74,3.64,4.21,2.25,4.67,2.03,4.68,4.06,1.3,2.67,3.78,2.95,Airline Pilot
STU120142,18,F,class_12,arts,state,67.44,81.42,65.42,85.54,4.04,4.83,3.52,3.66,2.78,3.36,3.89,3.07,4.13,3.8,3.43,Clinical Psychologist
STU160106,17,O,class_12,science_pcm,cbse,77.99,88.23,86.57,56.52,4.61,4.51,4.81,2.54,1.44,3.45,3.79,1.0,2.82,4.6,2.79,Management Consultant
STU130141,14,M,class_9,science_pcm,cbse,60.73,75.72,79.64,74.77,4.01,3.57,4.07,4.29,1.38,4.08,4.15,2.5,4.29,2.1,1.73,Physiotherapist
STU050103,17,M,class_11,science_pcm,cbse,62.29,56.5,66.7,62.9,3.43,3.57,2.66,3.06,1.94,2.7,4.58,2.51,1.62,2.49,2.35,Cloud Architect
STU170043,20,M,undergraduate,undecided,state,70.3,88.65,83.61,73.31,3.39,3.91,5.0,2.7,3.92,3.58,2.59,3.19,4.9,4.08,2.37,Digital Marketing Manager
STU200088,17,M,class_11,arts,cbse,68.32,82.63,76.82,72.32,3.24,4.43,3.91,2.97,1.3,2.67,2.96,1.72,4.21,4.18,2.2,Corporate Lawyer
STU040047,17,M,class_12,commerce,icse,79.24,69.15,87.3,77.57,3.63,1.29,2.68,2.68,1.65,2.88,3.83,3.0,3.63,1.95,2.55,Cybersecurity Analyst
STU040015,18,M,class_12,science_pcm,state,84.38,66.08,82.1,86.15,4.75,3.25,2.41,3.04,3.67,4.11,4.35,1.29,2.31,3.3,3.7,Cybersecurity Analyst
STU190102,16,M,class_10,arts,cbse,54.01,69.05,54.0,18.93,3.93,4.14,3.89,3.52,1.56,3.42,3.69,2.85,3.69,3.48,4.34,Entrepreneur
STU300074,14,M,class_9,science_pcm,cbse,57.54,45.36,54.68,66.64,2.65,4.26,2.88,2.43,2.52,3.79,2.65,3.64,3.21,3.43,1.8,Defence Officer (Indian Armed Forces)
STU020023,18,M,class_12,science_pcm,icse,75.15,79.23,85.54,85.79,3.72,3.99,4.67,3.45,1.98,3.45,4.79,4.86,2.04,2.7,1.83,Data Scientist
STU260067,16,M,class_10,commerce,state,63.45,96.2,69.93,52.88,3.95,2.94,3.5,3.39,3.08,3.18,1.76,3.99,5.0,4.4,1.35,Journalist
STU330095,18,M,undergraduate,undecided,icse,48.0,78.0,65.43,70.49,3.41,4.36,3.78,2.1,2.65,3.86,2.31,4.5,3.46,2.27,3.87,Chef / Culinary Arts
STU170141,21,F,undergraduate,commerce,cbse,94.0,62.82,81.11,58.57,4.12,4.03,3.36,4.35,2.66,2.19,2.47,1.85,4.32,3.73,3.99,Digital Marketing Manager
STU230109,17,F,class_12,science_pcm,cbse,80.83,53.44,76.36,67.07,3.97,3.54,4.22,2.94,2.19,2.65,4.0,4.23,4.54,2.3,2.13,Graphic Designer
STU320001,14,F,class_9,science_pcm,icse,76.91,86.64,64.73,42.68,3.94,3.98,3.91,1.55,3.77,3.19,4.04,1.47,4.12,4.87,4.7,Sports Manager
STU160011,20,F,undergraduate,science_pcm,cbse,66.59,78.43,85.15,61.43,4.0,4.27,4.93,4.8,4.05,3.8,4.15,2.34,3.47,3.4,2.0,Management Consultant
STU150013,18,M,class_12,commerce,icse,85.43,75.0,90.12,71.66,3.84,4.04,2.48,2.79,1.3,1.81,2.69,2.54,2.02,4.17,4.44,Investment Banker
STU070001,20,M,undergraduate,science_pcm,state,52.07,40.69,45.49,98.0,3.66,3.38,4.6,2.66,4.2,4.3,2.76,3.4,1.66,3.92,2.6,Civil Engineer
STU100097,16,M,class_10,science_pcm,cbse,80.34,68.09,63.84,73.91,3.46,3.95,1.04,4.11,4.61,2.82,4.86,4.99,4.4,2.16,2.83,Pharmacist
STU250130,16,F,class_11,undecided,cbse,45.26,74.72,79.23,84.84,4.35,3.26,2.4,4.8,3.28,3.15,1.69,3.87,2.7,3.85,2.58,Fashion Designer
STU180148,20,O,undergraduate,science_pcm,icse,66.56,19.52,62.9,49.74,4.06,4.45,3.27,3.94,3.71,3.77,3.68,1.66,4.51,4.68,4.7,Product Manager
STU220130,15,M,class_9,arts,state,47.17,72.16,48.91,92.35,4.78,4.65,3.69,2.38,1.53,3.32,2.84,4.08,1.64,2.11,2.09,UX/UI Designer
STU050142,16,M,class_10,science_pcm,icse,80.42,67.94,91.15,79.5,3.82,1.72,1.96,2.2,1.71,4.05,5.0,2.54,1.31,2.63,4.18,Cloud Architect
STU160044,21,M,undergraduate,science_pcm,cbse,84.42,64.17,85.66,47.2,3.56,3.34,3.97,2.7,3.44,2.39,4.58,3.72,2.72,3.95,3.9,Management Consultant
STU170053,16,F,class_10,arts,state,37.76,89.59,69.08,40.0,4.33,4.65,3.2,3.2,3.78,4.82,4.61,2.49,4.9,4.62,4.12,Digital Marketing Manager
STU200115,15,M,class_10,undecided,cbse,93.05,89.18,80.78,82.0,4.59,3.3,4.51,3.05,1.43,2.47,2.6,3.52,4.51,3.2,1.0,Corporate Lawyer
STU310126,21,F,undergraduate,science_pcb,ib,85.42,89.07,88.97,71.85,3.67,4.13,4.87,3.1,2.06,2.87,4.84,3.62,4.68,3.94,3.63,Environmental Scientist
STU090007,16,M,class_10,science_pcb,cbse,78.67,83.18,56.2,51.77,3.65,3.93,2.58,4.44,3.06,4.2,3.85,3.57,4.21,3.39,2.35,Dentist
STU040060,15,M,class_9,science_pcm,icse,87.68,75.28,69.91,66.41,3.26,4.17,2.49,3.92,3.51,2.45,1.72,3.53,3.23,3.23,3.49,Cybersecurity Analyst
STU290041,19,M,undergraduate,science_pcm,icse,93.16,95.68,92.27,82.6,4.0,4.93,5.0,4.45,2.64,2.25,4.24,1.19,2.06,4.34,3.52,IAS Officer
STU190033,17,M,class_11,arts,cbse,64.26,68.16,78.34,21.78,3.43,5.0,4.3,4.59,3.06,2.66,2.43,3.06,3.09,3.66,3.21,Entrepreneur
STU200076,17,M,class_11,commerce,cbse,78.64,100.0,59.0,49.95,3.46,4.46,2.4,3.55,4.2,2.51,3.47,2.6,4.87,1.78,2.53,Corporate Lawyer
STU240011,18,F,undergraduate,arts,cbse,87.62,55.21,56.51,80.11,2.7,2.82,4.34,2.8,2.26,3.6,3.8,4.51,3.41,3.44,2.52,Architect
STU110050,17,F,class_12,undecided,cbse,66.85,78.96,79.1,72.46,2.64,3.91,2.8,4.2,2.34,2.65,4.95,3.33,1.57,3.12,3.45,Biomedical Engineer
STU230114,21,O,undergraduate,arts,ib,57.17,96.0,65.31,78.9,4.26,3.74,3.93,4.54,3.62,2.83,1.4,4.72,4.26,2.79,1.68,Graphic Designer
STU150103,18,M,undergraduate,commerce,icse,76.49,62.95,74.79,71.32,2.95,4.66,2.42,3.66,3.74,3.07,4.8,2.02,2.33,4.39,4.0,Investment Banker
STU180017,16,F,class_10,science_pcm,icse,92.66,55.0,54.0,52.24,3.88,3.64,3.8,3.33,3.77,3.31,2.76,2.94,2.86,4.64,2.0,Product Manager
STU220009,16,F,class_11,arts,cbse,42.23,66.72,39.49,91.75,4.4,3.01,4.44,4.05,5.0,3.11,1.97,4.13,3.0,4.69,3.26,UX/UI Designer
STU140095,18,F,class_12,commerce,state,90.58,61.17,99.15,69.67,4.29,4.38,2.26,3.63,1.47,3.71,3.0,2.85,2.98,3.93,4.35,Chartered Accountant
STU060018,15,O,class_9,science_pcm,icse,78.36,53.43,53.18,79.42,3.54,3.09,4.6,4.3,3.64,4.75,2.54,3.11,3.63,2.93,1.8,Mechanical Engineer
STU340022,18,M,class_12,science_pcm,cbse,75.27,81.14,70.31,63.37,3.29,4.38,2.61,3.02,1.19,3.75,4.06,4.09,1.81,2.08,1.8,Airline Pilot
STU270002,22,M,undergraduate,undecided,icse,57.24,84.89,55.74,74.48,4.38,4.52,2.81,3.42,1.79,3.7,4.0,3.99,2.49,3.04,4.23,Film Director
STU030122,20,F,undergraduate,science_pcm,state,68.73,65.33,35.49,74.43,3.92,3.75,2.26,2.89,2.67,4.25,5.0,1.74,2.68,3.96,2.41,AI/ML Engineer
STU010124,15,M,class_9,science_pcm,cbse,98.4,77.57,70.74,60.47,4.25,3.28,3.04,2.2,1.55,4.65,4.51,1.4,2.51,2.65,2.29,Software Engineer
STU290049,19,M,undergraduate,science_pcb,state,85.87,93.14,83.87,86.36,4.66,4.3,3.82,4.06,1.0,3.87,3.69,1.94,5.0,3.92,3.56,IAS Officer
STU290001,20,F,undergraduate,science_pcb,icse,100.0,91.42,72.0,80.49,4.93,4.79,3.0,3.72,1.88,3.32,3.54,3.82,4.81,3.57,4.24,IAS Officer
STU060070,18,F,undergraduate,science_pcm,cbse,53.75,78.0,57.57,63.46,2.11,1.96,3.22,3.7,1.42,3.9,2.48,4.16,3.02,2.0,1.91,Mechanical Engineer
STU100054,15,O,class_10,science_pcm,cbse,86.14,73.41,76.49,85.0,3.09,4.9,3.8,4.01,2.28,3.77,2.29,1.56,4.96,1.44,1.95,Pharmacist
STU100033,17,F,class_12,science_pcb,state,63.35,97.0,80.36,50.44,3.24,1.01,3.95,4.55,2.5,4.2,4.73,1.91,4.94,2.77,3.44,Pharmacist
STU150049,15,F,class_9,commerce,state,65.91,28.36,85.96,62.5,2.2,4.08,3.36,2.98,1.94,3.14,3.73,2.81,4.0,5.0,3.79,Investment Banker
STU110076,17,M,class_12,science_pcm,cbse,78.03,63.24,85.55,55.85,3.85,3.95,2.2,3.65,2.63,3.17,3.57,2.06,4.46,3.8,4.3,Biomedical Engineer
STU110139,15,O,class_9,science_pcm,icse,100.0,68.29,66.21,75.7,4.19,4.11,3.0,3.77,3.89,3.22,4.43,2.52,4.54,1.56,4.15,Biomedical Engineer
STU120146,16,M,class_11,arts,state,55.0,33.55,47.48,32.47,4.41,4.3,3.42,4.67,2.08,4.82,4.41,3.7,5.0,2.65,3.97,Clinical Psychologist
STU330114,19,F,undergraduate,vocational,state,77.84,99.81,75.63,80.77,3.8,3.47,1.47,3.28,3.5,4.45,3.52,2.34,2.21,1.93,2.21,Chef / Culinary Arts
STU030100,17,F,class_11,science_pcm,ib,68.0,54.44,89.84,71.74,3.47,3.89,2.63,3.71,2.62,5.0,4.26,3.33,1.59,2.66,3.34,AI/ML Engineer
STU160061,18,M,undergraduate,commerce,state,83.78,86.39,85.92,83.09,4.63,3.98,3.94,3.47,2.24,2.99,1.0,1.93,3.47,3.81,4.55,Management Consultant
STU060133,15,M,class_9,science_pcb,ib,26.03,44.1,45.96,89.03,3.41,4.15,3.63,4.7,2.54,4.8,2.5,3.36,3.64,1.73,2.86,Mechanical Engineer
STU340123,14,M,class_9,vocational,cbse,48.0,38.21,87.57,1.68,1.49,4.9,4.6,2.35,3.28,4.12,3.8,1.35,3.19,4.21,2.34,Airline Pilot
STU210027,21,F,undergraduate,arts,state,63.0,87.86,88.87,60.34,3.87,3.82,3.13,3.15,2.33,2.65,2.6,1.51,2.72,4.79,4.9,Civil Lawyer
STU100003,17,M,class_12,science_pcb,cbse,74.78,96.21,74.89,69.32,3.21,4.55,3.61,4.15,1.6,3.27,4.84,1.58,3.75,1.65,3.22,Pharmacist
STU280046,14,M,class_9,undecided,state,86.0,61.13,59.52,80.97,4.51,3.62,4.39,5.0,4.04,1.09,1.4,3.21,4.71,2.1,2.91,Content Writer
STU310144,15,F,class_9,science_pcb,icse,70.0,92.96,81.45,86.44,4.97,4.6,4.01,5.0,1.01,3.31,2.84,1.42,4.27,2.76,2.96,Environmental Scientist
STU150031,15,F,class_9,undecided,icse,64.38,76.68,73.25,45.26,2.45,4.27,2.73,3.24,4.1,2.88,3.25,1.7,1.59,3.31,3.72,Investment Banker
STU070083,18,O,class_12,science_pcm,state,86.28,54.5,60.57,78.31,3.09,3.63,2.97,3.32,1.92,3.61,3.31,1.91,1.2,4.0,3.47,Civil Engineer
STU040007,20,F,undergraduate,undecided,icse,82.25,50.33,80.53,90.0,3.72,4.14,3.16,3.54,2.23,4.21,4.24,2.48,1.92,3.64,3.19,Cybersecurity Analyst
STU250084,17,O,class_11,commerce,cbse,50.78,48.0,72.89,73.91,4.65,3.95,3.86,3.53,4.5,3.74,2.22,4.88,5.0,4.24,1.0,Fashion Designer
STU080030,18,F,undergraduate,undecided,icse,48.04,60.0,82.36,56.29,2.75,4.96,2.93,4.33,2.2,3.92,4.45,1.84,4.8,1.0,3.39,Doctor (MBBS)
STU140001,21,F,undergraduate,science_pcm,icse,78.0,61.34,98.23,64.19,3.46,4.06,4.25,2.54,3.33,3.38,3.4,3.12,3.12,3.68,4.11,Chartered Accountant
STU300055,16,F,class_11,arts,cbse,73.58,76.93,49.54,93.72,2.42,4.9,3.08,2.85,3.51,3.96,3.85,2.27,2.6,3.79,3.52,Defence Officer (Indian Armed Forces)
STU050090,17,M,class_12,science_pcm,state,93.22,67.61,80.95,90.0,3.54,3.8,2.07,2.56,2.65,2.7,4.95,3.9,4.74,1.08,2.35,Cloud Architect
STU170030,16,M,class_10,arts,cbse,87.44,93.99,81.55,50.23,4.62,5.0,4.09,4.8,4.2,1.2,2.29,3.6,4.76,3.5,2.89,Digital Marketing Manager
STU050042,18,O,class_12,vocational,cbse,80.14,79.57,67.63,85.62,3.55,3.3,2.14,3.77,2.3,4.77,4.3,3.01,2.44,2.35,2.18,Cloud Architect
STU160143,15,M,class_10,commerce,cbse,70.68,99.84,83.81,76.49,4.12,4.15,3.74,3.4,3.34,2.64,2.15,2.36,3.09,3.53,4.3,Management Consultant
STU140004,20,F,undergraduate,commerce,cbse,97.25,40.34,75.0,40.0,2.59,3.5,4.7,3.84,2.24,3.63,4.52,1.24,1.4,3.07,3.95,Chartered Accountant
STU270107,16,F,class_10,undecided,icse,61.48,57.81,58.69,83.85,3.26,2.61,2.03,3.07,3.94,3.32,1.69,4.43,5.0,3.28,2.55,Film Director
STU200037,17,F,class_11,commerce,state,76.84,81.12,71.53,62.03,3.44,3.32,3.62,3.59,2.62,1.38,4.57,3.42,3.18,5.0,1.7,Corporate Lawyer
STU240136,15,F,class_9,undecided,state,66.22,26.98,52.2,73.68,3.7,3.82,2.29,3.35,1.72,2.83,2.21,4.28,3.91,2.82,1.41,Architect
STU190011,16,O,class_11,commerce,icse,82.33,76.75,60.34,71.5,4.75,4.12,4.86,4.19,3.46,1.36,4.45,1.53,2.45,5.0,2.27,Entrepreneur
STU240035,17,O,class_11,science_pcm,state,70.52,59.59,59.77,76.53,4.91,4.67,2.4,3.96,2.6,2.06,2.1,3.82,3.89,3.53,1.18,Architect
STU330065,16,F,class_11,arts,icse,59.04,97.9,58.49,68.17,2.0,4.49,2.96,2.75,3.39,4.23,4.3,3.17,3.62,2.8,3.74,Chef / Culinary Arts
STU340021,16,F,class_11,science_pcm,ib,75.77,60.87,68.6,79.24,2.48,1.2,3.28,2.1,3.28,4.22,2.75,2.68,3.28,3.93,2.44,Airline Pilot
STU130085,17,F,class_11,science_pcb,cbse,55.0,71.94,71.3,45.0,3.86,3.9,3.33,3.87,3.61,3.86,3.21,2.96,4.41,3.8,2.3,Physiotherapist
STU250015,17,F,class_11,arts,icse,72.5,81.36,76.77,96.26,4.82,4.44,3.36,2.56,3.3,4.2,3.87,2.53,3.0,3.69,2.13,Fashion Designer
STU030090,18,M,undergraduate,science_pcm,icse,79.84,80.48,78.65,75.05,3.67,4.06,3.77,2.83,1.48,4.32,5.0,3.41,1.65,3.81,2.4,AI/ML Engineer
STU170095,18,F,class_12,arts,icse,70.69,73.73,49.55,57.77,2.06,3.5,3.84,4.48,3.51,1.55,2.31,1.2,2.81,3.74,3.66,Digital Marketing Manager
STU320111,17,M,class_12,commerce,state,59.29,66.14,65.36,74.03,1.57,3.32,3.41,4.65,3.16,2.12,3.91,4.1,2.2,4.3,4.63,Sports Manager
STU270009,15,O,class_9,science_pcm,cbse,44.27,59.88,42.84,71.27,3.75,3.32,3.72,4.2,3.8,2.46,3.14,5.0,4.49,3.2,2.58,Film Director
STU060096,18,M,class_12,science_pcm,cbse,73.67,75.67,77.92,82.86,1.06,4.9,4.59,2.23,3.76,4.15,2.51,4.43,3.52,2.17,2.75,Mechanical Engineer
STU040093,20,F,undergraduate,science_pcm,cbse,91.45,71.7,96.05,37.15,3.95,4.47,2.49,4.1,1.91,1.87,4.82,2.99,5.0,2.05,2.68,Cybersecurity Analyst
STU010092,19,M,undergraduate,science_pcm,state,82.66,58.36,91.62,90.0,3.82,3.77,2.11,2.96,1.38,4.46,4.2,2.01,3.9,1.86,1.71,Software Engineer
STU280013,21,M,undergraduate,undecided,state,53.05,47.36,57.06,58.43,4.45,4.21,3.8,3.08,1.87,2.82,3.08,4.67,5.0,4.75,3.65,Content Writer
STU140030,20,M,undergraduate,commerce,cbse,75.87,62.84,93.5,51.46,3.55,4.24,3.55,3.51,2.55,1.92,3.2,2.57,2.34,3.25,4.47,Chartered Accountant
STU290004,17,O,class_11,science_pcb,cbse,93.19,76.19,100.0,70.0,3.47,4.94,4.73,3.55,1.89,3.54,3.95,3.25,4.15,3.66,2.31,IAS Officer
STU280125,16,F,class_11,commerce,cbse,66.73,91.48,47.9,35.59,5.0,2.81,3.42,4.77,3.91,3.36,2.24,3.95,4.33,2.81,1.34,Content Writer
STU300094,15,F,class_10,science_pcm,state,58.05,41.45,74.04,98.0,3.83,4.42,4.25,3.47,2.32,4.51,2.83,4.5,1.2,4.82,2.14,Defence Officer (Indian Armed Forces)
STU170130,16,F,class_11,commerce,cbse,70.13,55.48,87.14,47.61,4.08,4.49,3.65,3.3,1.79,3.39,3.13,2.01,4.48,4.47,4.29,Digital Marketing Manager
STU120027,18,F,undergraduate,science_pcb,cbse,85.14,96.72,65.17,49.43,4.56,4.97,1.04,5.0,3.78,1.8,3.29,4.29,3.5,3.64,1.6,Clinical Psychologist
STU070149,18,M,undergraduate,science_pcm,cbse,54.37,35.0,73.1,60.0,3.52,4.29,4.94,2.26,3.44,4.75,3.9,1.95,1.51,4.38,2.12,Civil Engineer
STU140011,20,F,undergraduate,commerce,icse,92.34,84.23,83.93,60.94,2.39,4.71,2.04,3.29,1.54,1.69,3.9,1.28,1.74,3.51,3.63,Chartered Accountant
STU170131,17,M,class_12,arts,state,77.68,66.58,64.69,40.0,2.92,5.0,4.78,3.58,3.74,3.72,3.98,4.65,2.95,4.04,2.94,Digital Marketing Manager
STU270033,15,M,class_10,arts,cbse,42.0,54.99,67.4,62.62,4.4,3.0,4.76,3.33,1.4,1.64,3.61,4.01,4.08,2.69,1.73,Film Director
STU020088,14,F,class_9,commerce,cbse,27.06,64.7,74.52,25.65,4.57,3.75,2.89,2.85,3.66,3.41,1.0,2.03,1.81,3.24,1.4,Data Scientist
STU340056,22,F,undergraduate,science_pcm,state,70.91,13.91,48.77,60.0,2.0,4.14,4.6,2.66,2.95,4.4,3.13,2.95,1.45,3.94,2.34,Airline Pilot
STU270015,18,O,undergraduate,arts,state,42.0,48.0,49.87,78.77,4.38,4.72,3.26,3.24,3.78,2.19,1.94,4.05,2.75,2.27,1.59,Film Director
STU080084,16,M,class_11,science_pcb,icse,85.04,98.9,89.17,58.97,3.58,4.52,3.79,4.16,1.2,3.47,4.43,1.7,4.59,2.06,1.91,Doctor (MBBS)
STU130006,22,F,undergraduate,science_pcb,cbse,100.0,82.35,90.42,76.1,4.28,4.6,4.37,4.27,2.53,2.92,4.93,2.83,3.4,2.06,3.19,Physiotherapist
STU290029,15,F,class_10,arts,icse,90.83,100.0,98.44,91.03,3.29,2.35,4.29,4.33,1.96,3.54,3.1,2.32,4.83,4.31,2.46,IAS Officer
STU020014,22,F,undergraduate,science_pcm,cbse,72.35,45.0,81.34,63.89,3.76,3.28,2.18,3.66,2.05,1.6,4.55,2.81,3.06,2.26,3.75,Data Scientist
STU300057,18,F,class_12,science_pcm,cbse,57.41,49.22,70.52,75.47,2.83,4.27,4.6,4.2,1.79,3.98,3.19,2.17,1.2,2.97,3.52,Defence Officer (Indian Armed Forces)
STU330007,18,F,undergraduate,undecided,icse,84.87,61.17,89.39,69.31,2.91,4.04,3.65,2.62,2.22,4.0,4.3,4.32,2.43,4.21,1.8,Chef / Culinary Arts
STU240042,16,M,class_10,commerce,state,75.92,76.72,55.91,77.86,3.91,4.32,2.71,4.04,4.53,2.36,4.01,4.15,2.67,4.59,2.47,Architect
STU250004,17,M,class_11,arts,state,55.51,61.06,69.21,70.28,1.14,3.68,3.23,3.44,3.85,1.24,2.28,4.21,2.49,4.53,2.26,Fashion Designer
STU300041,18,F,class_12,arts,icse,83.23,35.0,50.56,95.43,2.21,4.8,4.06,2.32,3.34,4.38,3.04,3.44,2.1,3.39,3.34,Defence Officer (Indian Armed Forces)
STU260046,15,M,class_10,arts,cbse,42.0,84.79,67.74,71.82,4.97,2.74,4.3,3.8,2.8,2.16,1.68,3.96,4.79,2.92,1.0,Journalist
STU140052,16,F,class_10,commerce,icse,70.38,73.05,94.49,48.62,3.18,4.12,3.11,2.1,1.73,4.1,3.39,3.5,3.25,4.88,5.0,Chartered Accountant
STU130012,15,M,class_9,science_pcm,cbse,64.18,80.23,88.81,68.27,3.1,3.49,4.5,4.0,2.76,3.65,4.82,1.6,4.26,2.21,4.11,Physiotherapist
STU220104,18,F,undergraduate,arts,cbse,84.0,70.7,44.17,97.19,4.23,3.22,4.09,2.85,1.97,1.76,3.58,4.82,4.3,3.09,1.69,UX/UI Designer
STU320126,16,O,class_10,science_pcm,cbse,74.68,61.43,97.56,58.17,3.14,4.96,3.2,2.2,3.58,3.31,2.66,1.64,3.99,4.64,4.7,Sports Manager
STU100079,21,O,undergraduate,science_pcb,cbse,55.88,94.9,92.98,65.58,2.81,4.17,2.85,4.55,2.98,1.81,2.59,2.6,4.36,2.24,3.97,Pharmacist
STU260022,18,F,class_12,arts,state,38.92,95.52,55.49,60.75,4.22,4.37,3.98,4.07,4.58,3.4,1.86,3.57,3.53,4.8,2.66,Journalist
STU200073,17,M,class_11,commerce,state,64.47,90.89,64.76,60.09,3.96,4.09,3.2,3.05,3.27,3.44,2.93,2.13,4.06,4.74,4.22,Corporate Lawyer
STU240096,17,F,class_12,science_pcm,cbse,67.17,88.89,74.22,93.55,4.43,3.08,3.05,3.54,1.74,2.41,3.2,4.08,4.31,2.57,2.73,Architect
STU310054,14,O,class_9,science_pcb,cbse,95.19,77.35,71.68,85.64,3.0,5.0,3.42,1.61,2.75,2.86,4.07,2.94,4.82,2.96,4.8,Environmental Scientist
STU320096,14,F,class_9,science_pcm,icse,93.83,56.48,84.48,62.5,3.15,4.89,4.93,2.62,3.26,2.56,2.81,1.76,2.9,3.4,3.76,Sports Manager
STU200094,17,F,class_11,undecided,state,76.06,100.0,84.83,53.29,4.63,4.69,3.73,4.55,3.93,2.41,4.09,1.97,2.84,5.0,3.67,Corporate Lawyer
STU100103,15,F,class_10,science_pcb,cbse,77.05,71.49,89.82,77.76,3.22,4.47,3.37,4.41,2.82,2.39,4.31,3.14,3.73,1.59,1.93,Pharmacist
STU040144,17,O,class_11,science_pcm,state,87.58,57.0,100.0,82.11,3.61,1.0,1.31,2.2,1.72,3.79,4.08,1.62,3.25,3.63,2.02,Cybersecurity Analyst
STU190026,22,M,undergraduate,undecided,cbse,94.0,98.29,77.9,70.98,4.12,3.2,4.9,3.64,1.6,2.8,3.1,3.13,3.92,1.06,3.67,Entrepreneur
STU010042,17,O,class_11,science_pcm,cbse,78.85,47.84,75.97,79.38,4.99,4.41,2.3,4.23,1.59,4.51,3.66,3.9,3.15,2.63,3.34,Software Engineer
STU040111,18,F,class_12,science_pcm,cbse,82.01,24.99,72.32,75.75,4.12,3.81,3.48,2.9,4.69,4.71,4.84,3.08,1.9,3.53,1.98,Cybersecurity Analyst
STU210067,20,F,undergraduate,arts,cbse,76.28,87.32,62.75,61.58,2.7,4.32,3.23,2.44,1.3,1.38,3.03,2.88,3.52,4.23,2.5,Civil Lawyer
STU220030,18,F,class_12,arts,icse,66.88,69.45,78.0,71.36,3.68,4.52,4.43,3.23,2.78,4.02,4.0,4.77,4.8,4.42,3.18,UX/UI Designer
STU020094,15,M,class_9,science_pcm,state,72.6,75.81,68.02,59.05,4.81,4.72,2.28,4.3,3.21,4.92,4.21,1.99,3.54,4.41,2.74,Data Scientist
STU090140,19,F,undergraduate,science_pcb,state,90.09,82.81,67.65,75.04,4.52,4.57,3.34,4.76,3.48,3.93,3.5,2.49,3.35,1.63,4.3,Dentist
STU280022,18,F,class_12,arts,cbse,42.0,85.07,73.73,56.98,4.67,4.73,4.49,4.05,3.52,2.37,1.93,2.56,4.88,3.56,3.12,Content Writer
STU210095,17,F,class_12,arts,state,85.69,88.45,66.54,35.0,4.34,4.31,4.41,4.19,1.88,2.77,3.25,3.05,4.15,1.21,4.24,Civil Lawyer
STU270067,18,M,class_12,arts,state,56.99,70.26,71.06,67.53,4.1,3.22,3.61,2.76,3.98,2.35,3.15,4.5,4.85,4.61,2.37,Film Director
STU100093,17,F,class_12,science_pcm,cbse,56.47,80.83,62.0,55.61,3.18,3.4,2.28,3.5,3.58,3.01,3.5,2.41,4.3,3.3,2.35,Pharmacist
STU020112,16,F,class_11,science_pcm,state,67.33,58.64,93.74,61.87,3.73,3.8,2.35,2.6,4.01,3.59,5.0,3.05,1.46,1.6,4.2,Data Scientist
STU220036,21,M,undergraduate,undecided,cbse,83.01,63.53,48.99,76.47,4.36,2.3,2.83,4.67,3.94,3.35,1.34,4.1,3.83,4.51,1.44,UX/UI Designer
STU120040,14,F,class_9,undecided,state,92.0,85.35,77.36,77.48,2.63,4.21,2.2,4.04,2.85,3.72,4.06,2.42,4.85,1.73,3.64,Clinical Psychologist
STU120076,16,F,class_11,science_pcb,cbse,80.55,74.74,95.0,48.1,2.61,4.81,4.0,4.05,3.14,3.29,1.16,1.72,4.45,3.42,3.07,Clinical Psychologist
STU090004,20,M,undergraduate,undecided,state,55.0,81.42,73.27,85.0,3.17,3.59,5.0,4.77,2.72,3.9,4.03,3.21,3.87,2.31,1.6,Dentist
STU060085,16,F,class_11,science_pcm,state,75.95,35.0,90.0,61.32,4.5,3.76,2.56,2.1,2.8,4.77,2.64,1.84,3.83,1.72,2.19,Mechanical Engineer
STU130067,14,F,class_9,science_pcb,cbse,75.56,72.09,95.0,60.5,2.97,3.87,4.25,1.23,2.2,1.8,4.87,1.32,4.69,2.19,1.91,Physiotherapist
STU170097,15,M,class_10,arts,state,91.67,90.5,79.06,80.61,3.14,3.73,4.04,3.49,4.19,2.08,4.46,2.84,3.87,4.09,2.86,Digital Marketing Manager
STU270062,17,M,class_11,arts,cbse,81.58,96.0,35.0,68.74,3.79,3.67,2.71,4.52,2.31,1.34,2.2,4.49,2.3,2.69,2.54,Film Director
STU140061,22,F,undergraduate,commerce,state,83.86,59.07,50.6,68.02,4.04,4.58,4.4,2.27,2.04,2.29,2.95,2.45,3.51,3.05,4.93,Chartered Accountant
STU200048,22,F,undergraduate,arts,cbse,96.0,92.91,23.32,90.52,4.53,4.1,2.36,3.08,2.5,2.46,4.04,2.56,3.62,3.81,4.33,Corporate Lawyer
STU030041,21,O,undergraduate,science_pcm,icse,72.96,72.64,86.37,89.78,2.2,4.41,4.02,2.92,2.61,4.73,4.3,2.37,3.8,2.71,1.0,AI/ML Engineer
STU300071,16,M,class_11,science_pcm,state,48.0,55.33,52.17,81.32,3.4,4.03,2.0,3.04,3.11,4.47,3.99,4.4,1.43,2.76,2.0,Defence Officer (Indian Armed Forces)
STU110102,14,M,class_9,science_pcb,cbse,70.86,70.45,89.37,45.0,4.27,4.73,3.24,3.57,1.88,2.39,4.55,3.12,4.14,3.5,1.58,Biomedical Engineer
STU190097,16,F,class_10,science_pcm,state,92.46,56.95,77.01,42.48,3.5,5.0,4.83,2.34,3.19,2.95,3.77,1.2,4.25,4.5,4.48,Entrepreneur
STU210140,21,M,undergraduate,arts,cbse,85.84,76.79,57.88,81.27,2.73,3.78,3.82,3.91,1.3,2.59,3.25,2.68,3.77,4.47,2.44,Civil Lawyer
STU320141,17,M,class_12,commerce,cbse,72.84,68.62,89.49,50.45,3.69,3.69,4.8,2.96,1.2,3.12,2.31,1.32,2.2,4.81,3.13,Sports Manager
STU040031,15,F,class_10,science_pcm,state,75.19,57.15,80.55,66.29,3.81,3.59,2.91,3.88,1.3,2.7,4.29,2.55,1.0,1.6,5.0,Cybersecurity Analyst
STU200099,18,F,undergraduate,commerce,cbse,81.97,82.96,45.0,82.0,2.85,5.0,4.35,3.19,4.07,1.1,4.1,2.47,2.85,4.59,3.17,Corporate Lawyer
STU290061,21,M,undergraduate,science_pcm,icse,85.66,77.87,81.06,82.63,3.52,4.31,4.49,4.58,1.45,3.49,4.75,3.04,4.16,4.58,4.8,IAS Officer
STU280024,21,M,undergraduate,arts,cbse,61.71,90.89,54.17,46.7,4.24,3.38,4.9,4.3,2.86,2.61,2.84,4.22,3.85,3.71,2.74,Content Writer
STU240094,18,M,class_12,commerce,ib,67.62,48.0,73.17,64.81,3.35,4.28,4.58,4.02,2.95,3.21,2.63,4.37,2.3,3.42,2.17,Architect
STU310032,16,M,class_11,science_pcm,state,81.34,96.66,70.55,77.7,4.32,4.0,3.81,4.76,3.49,4.19,1.33,2.86,4.16,3.93,2.18,Environmental Scientist
STU320085,17,F,class_11,commerce,cbse,66.54,85.31,84.94,41.44,2.82,4.67,5.0,3.92,4.53,4.75,5.0,2.93,4.07,3.72,4.0,Sports Manager
STU220035,14,F,class_9,arts,cbse,49.56,57.94,58.62,94.94,4.67,3.57,3.32,3.64,2.56,4.71,3.33,4.35,3.98,2.85,3.14,UX/UI Designer
STU060050,22,O,undergraduate,science_pcm,icse,56.01,59.0,74.36,62.61,2.0,2.53,2.16,3.38,4.73,4.28,4.31,3.44,3.41,4.22,3.26,Mechanical Engineer
STU120117,16,M,class_11,arts,cbse,81.3,77.74,100.0,51.59,3.05,4.57,3.44,4.86,3.29,3.17,4.24,3.7,4.35,3.23,2.5,Clinical Psychologist
STU310067,16,M,class_11,undecided,cbse,76.23,88.94,76.26,98.0,3.39,4.62,3.77,3.61,1.95,3.02,3.39,1.35,4.3,3.52,2.66,Environmental Scientist
STU170054,15,M,class_9,commerce,state,56.41,71.5,82.2,44.94,3.56,3.43,3.36,2.96,2.18,1.79,2.52,1.24,2.29,4.25,3.99,Digital Marketing Manager
STU270018,17,F,class_11,arts,state,70.65,72.0,49.6,90.9,4.64,4.36,4.9,3.34,1.58,1.99,2.73,4.24,3.21,2.52,3.01,Film Director
STU280059,16,F,class_10,arts,cbse,71.52,70.0,67.94,43.48,4.57,3.59,4.76,1.0,3.44,2.81,1.59,3.51,4.51,1.86,2.55,Content Writer
STU280088,18,F,class_12,arts,state,62.49,76.99,74.61,75.01,4.21,3.12,4.5,3.28,4.23,1.1,3.54,4.25,4.53,4.45,3.46,Content Writer
STU320124,18,F,class_12,arts,cbse,64.88,79.27,86.0,51.13,4.4,4.65,3.72,3.51,3.29,3.31,2.75,3.86,4.75,4.11,3.17,Sports Manager
STU260092,22,M,undergraduate,arts,cbse,83.58,93.9,49.28,47.07,3.89,3.9,4.49,4.61,3.0,1.63,3.37,4.2,4.44,3.64,4.34,Journalist
STU090072,21,M,undergraduate,science_pcb,icse,70.5,80.91,84.0,49.3,3.58,4.37,4.33,4.65,2.63,3.88,3.84,1.2,1.53,3.73,1.88,Dentist
STU240103,20,M,undergraduate,science_pcm,cbse,84.0,92.2,45.35,62.0,4.06,2.38,3.15,2.62,4.25,2.11,3.8,3.91,2.73,4.4,2.61,Architect
STU310095,14,F,class_9,science_pcm,ib,74.08,81.54,95.08,89.27,5.0,4.29,3.13,3.74,2.59,3.4,3.21,3.23,4.76,4.73,3.35,Environmental Scientist
STU220086,18,M,undergraduate,arts,state,68.09,53.53,60.15,89.79,4.22,3.62,3.45,4.13,3.18,1.61,2.33,4.53,4.2,3.87,1.71,UX/UI Designer
STU290079,17,M,class_11,arts,state,71.7,88.57,93.34,37.58,4.59,4.71,4.99,2.53,1.41,4.5,3.61,1.35,4.5,3.89,2.55,IAS Officer
STU030048,18,M,class_12,undecided,ib,76.14,45.0,66.6,84.3,3.33,3.1,3.28,3.81,1.67,4.09,2.63,1.42,2.04,3.11,2.67,AI/ML Engineer
STU280003,16,F,class_10,arts,ib,81.6,80.14,69.1,35.0,4.21,2.92,4.5,5.0,3.8,2.28,3.92,4.09,4.79,4.31,1.12,Content Writer
STU320069,18,F,class_12,commerce,cbse,75.13,93.08,63.5,73.21,3.99,4.0,4.24,2.71,1.86,1.63,2.15,3.91,2.25,4.88,4.47,Sports Manager
STU180013,17,M,class_12,science_pcm,cbse,75.73,71.45,80.24,46.56,4.41,4.32,3.45,2.66,2.43,1.91,3.53,2.22,4.62,4.01,2.83,Product Manager
STU320034,19,O,undergraduate,science_pcb,state,84.72,56.28,40.12,80.5,2.7,3.49,2.0,3.53,3.18,2.28,4.05,2.57,2.2,5.0,4.47,Sports Manager
STU100074,15,M,class_9,science_pcb,ib,55.0,22.12,43.34,65.11,3.21,4.28,3.6,3.81,2.32,3.91,4.97,3.42,4.35,1.27,2.34,Pharmacist
STU050057,15,F,class_10,science_pcm,icse,68.0,7.59,40.49,69.56,4.48,3.87,2.72,3.9,3.12,4.24,4.67,3.5,1.47,3.13,1.99,Cloud Architect
STU150003,17,M,class_11,arts,cbse,63.74,38.89,79.47,72.01,2.42,2.72,3.36,2.1,2.37,3.45,4.78,2.13,2.54,4.54,3.4,Investment Banker
STU050033,20,F,undergraduate,science_pcm,state,71.57,75.9,95.76,63.6,4.22,4.1,2.41,2.81,2.09,2.85,4.07,2.66,3.8,1.6,2.52,Cloud Architect
STU210081,14,O,class_9,arts,cbse,79.22,78.55,88.25,61.25,3.45,3.67,4.61,3.85,2.1,2.97,3.62,2.77,3.31,4.41,3.51,Civil Lawyer
STU170094,14,M,class_9,arts,ib,92.2,51.68,92.0,81.36,1.82,1.0,4.58,1.4,3.79,1.36,4.04,2.01,4.3,4.04,4.7,Digital Marketing Manager
STU180116,22,F,undergraduate,commerce,icse,76.29,59.55,76.88,79.07,4.29,4.55,3.43,2.2,3.18,2.31,4.28,1.61,3.76,4.66,3.03,Product Manager
STU230062,18,M,class_12,undecided,cbse,70.94,70.5,67.22,54.89,4.02,2.95,3.32,4.27,3.09,1.2,3.03,4.63,3.16,1.7,2.87,Graphic Designer
STU260075,17,F,class_12,arts,cbse,42.0,32.85,78.52,49.96,3.97,4.8,4.79,2.27,4.71,2.2,3.08,3.64,3.8,1.16,3.17,Journalist
STU330126,17,F,class_12,vocational,state,78.64,48.67,81.41,90.33,3.22,3.3,3.46,4.95,2.25,4.13,3.75,3.17,4.38,2.27,2.83,Chef / Culinary Arts
STU230097,16,F,class_11,arts,cbse,73.53,60.92,66.14,58.0,4.58,2.82,3.73,3.01,1.77,2.04,2.26,4.52,4.76,4.33,2.19,Graphic Designer
STU260003,16,M,class_11,arts,state,71.03,77.87,66.33,85.0,2.88,4.7,4.19,3.63,2.13,1.78,2.42,4.19,4.09,2.46,2.92,Journalist
STU170101,17,F,class_12,commerce,icse,93.31,89.0,54.48,68.89,4.9,1.05,4.63,4.26,3.44,3.39,3.25,2.79,3.57,4.07,4.35,Digital Marketing Manager
STU100116,18,M,class_12,science_pcb,state,55.0,76.47,90.51,82.9,4.26,3.53,2.67,5.0,1.72,2.93,4.24,1.92,4.43,3.8,4.27,Pharmacist
STU200108,14,O,class_9,commerce,state,43.69,96.16,84.0,50.55,3.87,4.95,3.81,2.66,3.56,1.59,3.3,2.91,2.99,4.6,4.16,Corporate Lawyer
STU010116,18,M,class_12,science_pcm,cbse,88.14,77.83,75.7,56.68,5.0,4.77,3.23,2.82,2.36,3.89,4.09,2.64,2.13,2.5,3.76,Software Engineer
STU130022,19,F,undergraduate,science_pcb,state,76.12,70.84,63.66,77.4,4.55,4.09,4.1,4.28,1.36,3.31,4.4,1.85,4.83,1.2,1.93,Physiotherapist
STU100145,19,F,undergraduate,undecided,state,85.23,69.72,80.27,54.74,2.94,4.97,3.03,3.68,3.9,4.26,4.33,3.24,3.99,3.18,3.71,Pharmacist
STU170002,22,M,undergraduate,science_pcm,cbse,60.0,62.73,64.67,64.89,4.82,3.73,3.61,3.36,4.2,3.8,4.42,3.05,4.59,4.17,3.16,Digital Marketing Manager
STU090033,18,F,class_12,science_pcb,cbse,33.59,63.51,92.51,76.81,3.21,1.88,2.73,3.51,1.2,4.2,4.41,2.93,3.67,2.36,4.07,Dentist
STU180112,16,M,class_10,undecided,cbse,67.55,63.77,73.52,63.28,2.8,1.0,4.71,4.09,3.5,3.19,4.68,2.58,3.94,3.64,2.69,Product Manager
STU190118,17,M,class_12,science_pcm,state,85.84,74.39,86.15,79.82,3.2,3.18,3.42,3.07,3.89,2.79,3.54,2.8,4.87,4.65,2.41,Entrepreneur
STU330137,17,M,class_12,arts,cbse,58.24,14.29,100.0,83.75,2.85,4.9,3.48,2.62,2.61,3.94,3.66,2.25,1.94,3.8,2.36,Chef / Culinary Arts
STU320017,17,F,class_11,commerce,cbse,74.95,73.49,60.08,79.05,3.11,5.0,3.41,2.52,2.26,1.87,4.7,5.0,3.99,4.26,2.66,Sports Manager
STU080104,22,F,undergraduate,science_pcb,cbse,92.0,94.94,96.74,65.97,3.73,4.97,3.26,5.0,2.82,2.79,4.64,3.11,4.65,2.59,3.95,Doctor (MBBS)
STU270118,20,M,undergraduate,arts,state,67.04,58.75,50.48,64.14,3.84,3.35,4.13,3.82,4.09,3.17,3.09,4.34,4.05,2.41,2.26,Film Director
STU010058,15,F,class_10,science_pcm,state,85.27,59.43,93.89,52.0,3.41,3.1,2.03,3.05,3.2,5.0,4.13,3.9,2.36,2.96,4.48,Software Engineer
STU240095,18,M,undergraduate,arts,state,48.23,83.86,77.59,95.99,4.29,2.39,3.89,3.04,3.78,4.84,4.0,4.81,4.35,3.02,1.58,Architect
STU300029,21,F,undergraduate,science_pcm,icse,72.16,70.52,70.01,63.7,3.65,3.39,2.0,3.6,2.58,3.5,4.37,4.35,2.31,4.0,4.01,Defence Officer (Indian Armed Forces)
STU340095,15,M,class_10,science_pcm,icse,75.71,39.25,56.29,69.68,3.09,4.24,2.35,3.05,2.56,5.0,3.56,3.49,2.96,2.54,2.64,Airline Pilot
STU120086,16,M,class_11,science_pcb,cbse,76.19,44.53,81.88,58.72,4.22,3.43,4.23,4.13,1.77,3.66,4.11,1.91,4.28,1.46,2.94,Clinical Psychologist
STU190124,15,M,class_10,commerce,icse,70.05,95.0,92.0,43.88,3.73,3.73,4.84,2.2,2.18,1.48,3.54,2.93,4.19,5.0,3.58,Entrepreneur
STU150097,18,M,class_12,commerce,state,78.43,60.96,86.57,75.1,4.13,4.28,4.7,2.7,4.04,2.28,3.5,1.26,1.42,3.81,4.4,Investment Banker
STU250108,18,M,undergraduate,arts,cbse,61.89,48.0,52.6,99.0,2.61,4.51,4.51,4.31,3.94,3.56,2.92,5.0,3.64,3.04,1.75,Fashion Designer
STU170076,17,F,class_11,science_pcb,cbse,67.12,59.85,55.08,74.74,3.16,4.87,2.88,3.84,1.59,1.87,3.1,3.85,3.97,3.53,1.0,Digital Marketing Manager
STU180015,20,M,undergraduate,science_pcm,state,73.22,84.04,54.0,72.96,2.8,4.04,4.78,3.97,1.73,2.73,4.7,1.2,3.19,4.33,2.92,Product Manager
STU230004,15,M,class_10,arts,cbse,84.0,72.96,53.73,71.28,5.0,3.37,2.73,4.18,3.65,2.47,1.83,4.94,3.58,2.39,3.3,Graphic Designer
STU340148,17,M,class_12,undecided,state,48.55,69.22,45.0,85.97,2.35,4.15,2.9,2.13,1.11,3.66,3.14,1.66,2.23,2.08,3.41,Airline Pilot
STU180059,16,M,class_11,commerce,cbse,60.0,58.39,89.65,45.9,3.21,4.27,4.14,3.04,2.25,3.11,3.22,4.17,3.55,3.63,3.83,Product Manager
STU260068,14,F,class_9,undecided,cbse,84.76,93.0,62.99,35.0,3.65,3.87,4.18,5.0,2.95,3.4,2.6,3.72,4.21,3.21,3.23,Journalist
STU050108,17,F,class_12,science_pcm,cbse,55.26,79.71,84.07,74.64,3.76,3.75,1.9,3.34,4.0,3.08,4.89,3.57,3.0,2.26,4.2,Cloud Architect
STU300021,15,F,class_10,arts,state,39.39,41.8,45.14,93.03,4.21,4.56,3.15,2.84,1.38,3.88,2.7,3.7,2.97,2.22,3.07,Defence Officer (Indian Armed Forces)
STU080044,20,F,undergraduate,science_pcb,cbse,87.8,74.42,71.17,56.15,2.66,4.65,3.83,3.65,2.29,2.46,3.91,2.24,3.5,1.23,1.78,Doctor (MBBS)
STU250117,18,F,class_12,undecided,state,70.27,75.5,56.46,72.94,5.0,4.2,4.9,3.04,4.4,3.88,3.04,3.92,3.89,3.15,1.69,Fashion Designer
STU100027,18,F,class_12,science_pcb,cbse,92.0,82.49,81.88,76.42,2.97,3.45,3.23,3.72,3.3,2.9,4.73,1.25,4.14,1.0,4.19,Pharmacist
STU340063,15,F,class_10,science_pcm,cbse,79.54,59.22,51.9,72.72,2.46,3.1,4.28,2.32,2.09,4.38,3.61,1.8,4.09,4.5,3.51,Airline Pilot
STU010073,17,F,class_12,science_pcm,state,72.96,37.11,92.33,61.71,4.33,3.67,2.33,3.09,1.3,1.93,4.3,1.87,3.8,3.12,2.58,Software Engineer
STU130123,20,M,undergraduate,vocational,state,69.32,75.92,65.4,45.0,4.58,3.8,3.94,4.34,3.9,2.61,4.15,2.0,3.87,1.75,4.89,Physiotherapist
STU230019,18,F,class_12,arts,state,43.08,77.77,49.3,61.68,3.89,2.9,2.43,4.8,3.3,2.08,2.2,1.84,3.55,3.14,2.26,Graphic Designer
STU120115,15,F,class_10,arts,ib,92.0,87.64,80.4,55.54,4.33,4.85,2.99,4.5,1.71,3.43,1.52,1.22,3.73,2.75,2.89,Clinical Psychologist
STU050144,16,F,class_11,science_pcm,state,75.51,52.31,66.98,43.17,4.55,4.59,2.29,3.78,3.7,3.91,3.6,1.4,1.91,2.15,1.87,Cloud Architect
STU280010,21,F,undergraduate,arts,cbse,46.37,85.85,57.01,50.34,4.32,3.09,3.77,3.63,1.86,1.49,1.86,4.57,3.55,3.9,4.1,Content Writer
STU070106,21,M,undergraduate,science_pcm,cbse,53.51,40.9,56.99,89.36,1.92,4.17,4.32,3.89,2.0,3.56,4.14,2.2,2.48,3.16,4.58,Civil Engineer
STU180119,16,M,class_10,commerce,state,74.71,88.29,79.08,47.83,3.69,5.0,3.93,4.79,1.73,1.62,2.41,3.17,3.7,3.4,2.48,Product Manager
STU080141,15,F,class_9,science_pcb,icse,81.61,75.08,99.08,45.0,3.07,3.4,2.2,4.7,1.37,3.24,4.2,1.78,4.12,3.59,4.24,Doctor (MBBS)
STU280080,16,M,class_11,arts,state,64.33,70.0,48.78,47.76,4.39,2.95,3.6,1.4,1.4,3.19,4.05,4.06,4.53,4.61,1.53,Content Writer
STU180052,18,F,class_12,undecided,state,65.39,27.88,70.77,77.42,3.45,3.1,4.3,3.44,3.38,3.46,2.0,2.15,4.4,4.9,3.48,Product Manager
STU080076,17,M,class_12,science_pcb,cbse,58.2,100.0,70.44,74.29,2.7,4.21,4.01,4.46,2.94,2.7,4.12,2.28,3.96,2.24,3.8,Doctor (MBBS)
STU090042,19,F,undergraduate,science_pcb,ib,71.39,71.21,86.16,69.28,4.6,5.0,3.14,4.77,1.2,3.82,3.18,3.79,4.77,2.2,3.32,Dentist
STU200125,16,F,class_10,commerce,icse,96.0,98.11,63.93,59.67,3.57,4.33,3.52,3.72,2.54,1.33,2.95,2.63,2.81,4.48,3.03,Corporate Lawyer
STU290016,14,F,class_9,arts,cbse,90.66,76.01,100.0,91.59,4.16,4.89,4.19,3.64,2.71,4.47,3.03,3.71,4.28,3.56,2.68,IAS Officer
STU240143,20,F,undergraduate,science_pcm,cbse,69.91,94.19,36.23,74.66,4.25,3.79,3.77,3.63,4.06,1.49,1.4,4.5,3.25,4.61,1.0,Architect
STU070099,14,M,class_9,science_pcm,icse,76.85,48.87,83.72,76.77,3.6,1.73,2.03,3.75,3.55,4.97,4.73,3.36,2.75,4.6,2.66,Civil Engineer
STU240086,18,F,class_12,science_pcm,state,72.59,85.59,78.0,99.0,3.87,3.07,2.78,2.68,2.93,1.21,1.64,4.19,2.19,3.24,2.91,Architect
STU180135,16,O,class_11,arts,cbse,60.0,70.81,87.64,67.6,4.9,4.06,3.2,2.4,1.0,3.48,3.75,3.68,4.13,4.74,2.39,Product Manager
STU110078,14,F,class_9,science_pcm,state,71.19,80.52,49.07,70.18,2.76,5.0,2.84,4.52,2.03,2.26,4.34,2.16,4.63,2.84,3.64,Biomedical Engineer
STU330089,15,M,class_9,arts,cbse,48.0,60.8,65.23,69.91,3.77,4.53,3.06,4.42,4.04,4.46,2.9,3.93,1.7,3.48,3.19,Chef / Culinary Arts
STU130027,18,F,class_12,science_pcb,icse,73.11,74.37,67.26,73.4,4.53,4.27,1.95,5.0,3.12,1.79,4.74,3.32,4.8,2.37,4.3,Physiotherapist
STU230139,17,M,class_12,arts,cbse,78.19,48.0,49.97,69.92,1.71,3.7,2.65,4.59,3.74,2.83,3.35,4.17,4.34,3.45,2.35,Graphic Designer
STU340140,16,F,class_11,undecided,state,48.2,50.82,53.22,98.0,3.05,3.59,2.91,3.24,4.54,4.82,3.76,1.5,3.37,2.93,2.92,Airline Pilot
STU250089,20,M,undergraduate,arts,cbse,43.68,58.5,67.44,78.97,4.62,4.7,4.21,4.8,3.84,3.94,1.92,4.24,3.55,3.1,1.57,Fashion Designer
STU030141,17,M,class_11,science_pcm,state,91.74,68.01,49.33,73.4,4.59,4.8,3.45,2.6,2.38,3.4,4.43,1.76,1.3,3.77,2.48,AI/ML Engineer
STU340101,15,M,class_10,science_pcm,icse,50.54,73.18,23.96,93.18,3.04,4.12,3.76,2.1,2.68,3.73,3.79,1.93,2.03,4.41,3.62,Airline Pilot
STU080051,14,M,class_9,science_pcb,cbse,89.51,79.66,73.66,81.41,3.59,4.07,2.32,4.93,3.18,3.83,5.0,2.2,4.66,2.13,2.9,Doctor (MBBS)
STU180088,18,F,class_12,commerce,state,74.32,67.9,89.86,51.74,2.8,4.24,4.47,3.59,2.95,2.1,2.56,1.46,4.62,3.8,4.51,Product Manager
STU220048,15,F,class_9,arts,cbse,69.2,79.23,77.45,80.3,4.64,2.48,3.77,4.05,4.06,2.55,2.88,4.05,4.82,2.73,1.45,UX/UI Designer
STU050050,18,F,class_12,science_pcm,icse,91.26,82.0,73.7,69.67,3.66,3.4,2.67,3.48,2.87,4.38,4.05,3.73,2.5,2.96,1.7,Cloud Architect
STU110047,22,M,undergraduate,science_pcm,cbse,57.26,90.86,73.97,85.0,3.5,3.76,3.28,3.89,2.83,2.97,3.5,2.52,1.52,3.69,2.25,Biomedical Engineer
STU250092,22,F,undergraduate,arts,state,84.0,54.5,78.0,82.7,4.27,2.57,1.82,3.31,2.65,3.75,2.89,4.21,3.19,2.51,3.21,Fashion Designer
STU250115,17,M,class_11,arts,cbse,53.74,52.65,56.37,78.18,4.59,1.7,2.65,4.38,3.45,3.59,2.53,4.6,2.84,2.08,1.31,Fashion Designer
STU230009,18,F,class_12,arts,cbse,52.41,70.8,73.64,79.79,4.19,2.5,4.28,4.01,4.33,2.22,3.02,4.61,4.21,1.08,2.39,Graphic Designer
STU230032,16,F,class_11,arts,state,51.91,80.15,78.0,80.54,3.7,3.51,3.07,2.97,3.51,2.49,2.18,4.56,4.8,3.52,2.54,Graphic Designer
STU270005,17,F,class_11,undecided,cbse,84.0,71.21,72.61,87.35,3.94,4.48,3.34,4.06,3.69,1.65,1.94,3.88,3.16,3.69,2.64,Film Director
STU050031,14,F,class_9,undecided,ib,31.69,80.23,98.0,56.68,3.28,4.77,3.67,4.19,2.92,5.0,5.0,1.68,2.73,3.91,2.72,Cloud Architect
STU050073,18,F,class_12,science_pcb,cbse,97.0,57.64,72.2,67.67,3.54,3.26,2.6,2.86,2.27,4.42,3.41,2.38,2.6,2.39,1.91,Cloud Architect
STU090050,17,F,class_12,science_pcb,state,85.39,70.77,95.0,67.15,3.12,5.0,2.2,4.49,3.82,2.66,4.03,1.82,3.55,3.51,3.95,Dentist
STU040033,19,F,undergraduate,undecided,state,86.51,58.06,75.55,83.08,3.82,3.61,1.89,2.29,1.84,3.61,3.62,3.56,1.93,2.05,1.83,Cybersecurity Analyst
STU110085,14,M,class_9,science_pcm,cbse,55.0,69.66,90.78,54.04,3.92,4.88,2.69,4.36,1.34,4.1,3.78,1.88,1.21,1.52,4.1,Biomedical Engineer
STU220064,14,F,class_9,science_pcm,state,57.68,28.34,71.24,75.08,4.75,1.1,3.5,4.13,3.36,3.77,2.73,4.25,4.77,3.29,1.34,UX/UI Designer
STU320073,17,M,class_11,arts,cbse,84.86,83.14,66.41,78.47,4.1,3.1,3.2,3.8,4.2,2.79,3.0,1.93,4.29,4.77,2.34,Sports Manager
STU220027,15,O,class_10,vocational,state,60.37,22.82,91.92,97.1,4.31,3.15,2.89,3.62,4.27,3.03,1.48,2.81,4.71,3.49,3.16,UX/UI Designer
STU100113,17,F,class_11,science_pcm,cbse,81.9,78.98,79.7,57.65,3.3,4.6,4.11,3.58,3.53,2.36,4.7,2.51,1.24,4.02,3.73,Pharmacist
STU280050,16,F,class_11,arts,cbse,70.33,70.0,81.14,46.17,4.34,3.72,3.96,4.61,2.13,1.0,2.18,3.66,3.68,3.63,2.69,Content Writer
STU260031,21,M,undergraduate,arts,cbse,63.32,75.0,53.57,55.54,2.59,4.8,4.72,4.8,2.56,2.79,3.01,5.0,4.62,3.82,3.76,Journalist
STU340131,20,M,undergraduate,science_pcm,cbse,73.19,68.72,45.09,17.56,4.46,3.67,3.19,4.55,3.69,3.89,2.96,1.44,3.68,3.52,2.58,Airline Pilot
STU180029,17,F,class_11,commerce,state,89.29,73.51,78.67,71.93,3.02,3.57,4.39,2.85,2.04,3.28,3.54,3.61,2.63,4.79,3.22,Product Manager
STU270069,15,M,class_10,arts,cbse,59.25,78.24,54.06,85.67,4.03,2.7,3.98,3.0,3.17,2.79,2.79,4.91,3.35,4.8,2.8,Film Director
STU010050,17,F,class_11,science_pcm,state,83.29,79.23,60.02,51.06,5.0,3.62,2.97,2.67,2.48,3.12,4.15,2.45,2.25,3.09,3.11,Software Engineer
STU300030,19,F,undergraduate,science_pcm,icse,72.76,59.43,65.23,98.0,2.7,2.98,3.57,3.08,3.69,4.57,2.58,2.59,1.2,4.05,2.21,Defence Officer (Indian Armed Forces)
STU280065,15,O,class_10,commerce,cbse,60.32,72.0,48.45,46.55,3.96,3.43,3.87,4.19,2.53,3.23,3.48,4.68,4.54,4.4,2.31,Content Writer
STU060109,15,M,class_9,science_pcm,cbse,26.53,70.62,61.41,72.88,2.0,3.71,4.0,2.65,4.01,1.99,2.62,3.05,1.65,2.94,1.0,Mechanical Engineer
STU080023,18,F,class_12,science_pcb,state,56.02,78.41,91.14,80.19,4.0,4.67,4.5,4.66,3.61,2.88,3.73,1.9,4.26,1.61,1.0,Doctor (MBBS)
STU050120,18,M,class_12,commerce,cbse,88.51,66.28,77.15,69.02,4.16,4.28,2.85,2.2,2.35,3.4,3.82,1.8,3.8,4.45,3.37,Cloud Architect
STU340012,18,F,class_12,science_pcm,state,64.6,53.29,53.17,81.62,4.03,1.78,2.6,3.35,1.15,3.7,2.32,3.91,2.21,4.6,2.62,Airline Pilot
STU180082,22,M,undergraduate,science_pcm,cbse,86.52,78.14,85.66,75.43,4.08,4.35,3.91,1.0,3.3,3.21,2.0,1.4,4.1,3.13,4.17,Product Manager
STU340023,16,M,class_11,science_pcm,cbse,85.03,77.4,63.79,88.42,2.91,3.01,2.12,3.89,2.24,4.0,4.31,4.29,2.91,3.17,4.2,Airline Pilot
STU120011,18,M,undergraduate,arts,cbse,90.33,62.84,79.26,45.0,4.09,1.11,5.0,4.77,1.3,2.29,3.89,2.68,3.93,2.86,2.12,Clinical Psychologist
STU120007,14,M,class_9,arts,cbse,65.88,88.33,51.38,76.35,4.05,4.02,2.85,3.97,3.72,2.25,4.67,2.83,4.64,3.11,4.22,Clinical Psychologist
STU170026,16,M,class_11,arts,cbse,93.44,95.0,75.6,80.98,3.81,4.1,3.98,1.67,1.56,1.2,2.95,1.4,3.07,3.99,3.27,Digital Marketing Manager
STU250077,18,F,class_12,arts,icse,41.78,39.84,55.18,99.0,5.0,3.16,4.59,2.75,2.63,1.48,3.77,4.24,1.69,4.32,2.57,Fashion Designer
STU290117,16,M,class_10,science_pcm,cbse,83.78,81.42,78.26,56.88,3.85,4.74,4.15,3.71,1.82,2.2,4.48,1.31,4.38,4.54,4.43,IAS Officer
STU340124,16,F,class_10,science_pcm,state,78.68,42.96,72.3,92.76,3.87,3.46,1.82,4.25,1.67,4.16,2.84,4.5,2.71,4.3,2.91,Airline Pilot
STU240006,17,F,class_12,undecided,cbse,62.92,59.28,52.52,82.65,5.0,3.74,4.9,2.2,1.64,1.7,3.92,4.07,4.29,1.91,1.84,Architect
STU310070,18,F,class_12,science_pcm,state,88.39,99.0,91.79,89.19,2.48,4.08,4.4,3.89,1.59,2.85,4.19,2.5,4.0,3.98,2.46,Environmental Scientist
STU260012,15,M,class_10,science_pcm,icse,52.32,90.13,48.46,75.88,3.71,3.47,3.02,3.0,4.04,1.75,2.18,3.54,4.37,2.48,2.59,Journalist
STU330050,17,M,class_12,arts,ib,50.95,69.55,65.34,72.93,2.91,3.36,3.15,3.21,2.27,4.54,3.12,2.53,2.92,1.89,2.59,Chef / Culinary Arts
STU200085,19,M,undergraduate,arts,state,69.77,88.99,53.13,75.72,3.9,4.73,4.24,3.03,2.64,2.12,4.77,2.6,3.61,4.45,4.1,Corporate Lawyer
STU290012,18,M,undergraduate,arts,cbse,81.61,85.57,74.53,70.0,3.33,4.86,3.6,3.32,1.0,3.37,4.37,1.38,4.36,5.0,2.8,IAS Officer
STU220101,17,M,class_11,science_pcm,icse,69.38,80.0,58.87,48.67,4.16,2.3,2.47,2.2,4.18,4.2,2.06,4.39,3.55,3.23,1.16,UX/UI Designer
STU180057,17,F,class_12,commerce,icse,84.39,65.25,80.02,77.87,3.18,3.91,2.75,3.58,1.2,1.54,2.66,2.65,3.41,4.07,4.05,Product Manager
STU100036,15,F,class_9,science_pcb,cbse,57.96,59.04,83.8,45.0,3.61,4.04,3.0,4.0,2.2,2.56,4.98,1.57,2.36,3.8,3.64,Pharmacist
STU270104,18,M,undergraduate,arts,ib,42.0,31.61,35.46,73.86,4.53,3.02,4.13,2.66,2.57,1.56,3.64,4.32,2.37,3.26,1.36,Film Director
STU100050,14,O,class_9,science_pcb,ib,55.09,91.81,95.0,76.66,3.93,3.66,4.29,4.07,1.89,3.77,4.99,3.09,3.96,2.64,3.78,Pharmacist
STU080146,14,M,class_9,undecided,state,88.71,77.46,68.54,49.67,4.6,4.66,2.73,4.16,3.26,2.78,5.0,2.47,3.87,4.45,1.96,Doctor (MBBS)
STU100059,17,M,class_12,science_pcb,state,69.79,58.0,81.36,28.85,3.43,4.26,2.22,3.6,2.53,3.33,4.93,3.69,4.12,1.28,4.3,Pharmacist
STU270093,16,O,class_10,arts,icse,81.01,69.71,57.25,71.47,4.42,3.85,3.42,4.05,4.04,1.83,2.37,4.85,2.59,3.63,3.13,Film Director
STU120149,15,F,class_10,arts,cbse,79.74,82.05,71.54,63.17,3.57,3.67,2.52,4.44,3.9,2.82,4.26,1.66,4.09,1.58,2.21,Clinical Psychologist
STU100126,15,F,class_9,science_pcb,icse,63.34,67.3,95.0,49.27,2.5,4.07,3.04,2.13,1.67,2.55,1.57,2.61,4.73,1.2,2.49,Pharmacist
STU230063,16,O,class_11,arts,cbse,67.43,92.28,75.15,84.48,4.35,4.43,3.74,4.59,3.95,1.62,2.89,4.09,4.15,2.54,4.89,Graphic Designer
STU010036,16,M,class_10,science_pcm,cbse,71.83,50.74,86.15,62.82,3.87,3.77,1.8,2.33,2.85,3.12,4.64,2.38,3.55,1.6,3.37,Software Engineer
STU250095,18,M,undergraduate,arts,cbse,82.26,90.91,59.7,99.0,4.63,3.1,2.53,4.39,3.31,2.45,2.99,3.21,4.38,3.65,1.03,Fashion Designer
STU160096,16,F,class_11,undecided,ib,20.36,90.2,90.15,73.15,2.8,4.52,4.49,2.65,3.17,3.65,3.95,2.43,3.02,3.79,3.74,Management Consultant
STU230023,14,M,class_9,undecided,cbse,81.28,62.08,51.33,82.59,4.56,2.3,4.9,4.36,1.54,3.53,2.0,4.06,4.27,2.16,2.01,Graphic Designer
STU160110,17,F,class_12,arts,cbse,78.81,78.1,86.52,86.0,3.84,3.59,3.95,4.16,2.46,1.44,4.06,3.81,2.67,3.72,3.92,Management Consultant
STU210007,16,M,class_10,arts,icse,84.47,78.26,55.98,66.21,3.73,3.71,4.18,3.89,2.56,2.86,3.34,2.09,3.7,4.73,3.05,Civil Lawyer
STU150107,17,F,class_12,science_pcm,cbse,73.37,79.09,94.4,78.79,3.38,3.55,2.9,2.14,2.03,1.85,3.33,1.2,3.28,2.97,4.01,Investment Banker
STU230047,17,M,class_11,undecided,cbse,70.15,91.05,58.85,78.21,4.05,3.19,3.14,4.39,4.02,2.69,2.33,4.25,2.03,4.45,1.33,Graphic Designer
STU270034,16,M,class_11,arts,cbse,64.0,84.51,67.07,70.97,4.18,3.2,4.02,4.07,2.44,1.2,3.54,3.84,3.06,2.37,2.0,Film Director
STU090087,17,F,class_12,science_pcb,ib,86.54,70.83,81.01,73.49,3.92,4.84,3.55,3.5,1.78,3.98,1.57,2.49,2.73,3.35,2.33,Dentist
STU030050,18,M,class_12,vocational,state,75.35,38.75,89.13,72.4,3.0,3.82,3.78,2.72,3.41,2.7,3.48,2.84,1.6,3.83,2.71,AI/ML Engineer
STU150038,17,F,class_11,commerce,state,84.72,71.18,72.0,80.0,2.68,4.67,4.21,3.02,3.33,4.59,4.78,1.53,3.83,4.81,3.96,Investment Banker
STU180142,16,F,class_11,science_pcm,cbse,60.0,44.52,56.56,54.84,4.07,1.92,3.48,2.4,2.97,1.53,3.96,1.46,4.9,3.69,4.75,Product Manager
STU210114,15,F,class_9,arts,cbse,98.65,68.0,90.0,37.72,1.48,4.26,2.87,3.05,3.26,3.31,4.15,1.83,3.89,3.73,4.36,Civil Lawyer
STU220120,15,M,class_10,arts,state,80.35,51.75,100.0,71.45,4.23,3.75,2.57,2.92,1.68,2.4,2.37,4.6,3.51,4.13,2.2,UX/UI Designer
STU120032,15,M,class_10,science_pcb,cbse,92.0,79.88,69.27,71.58,4.6,4.36,2.25,3.69,2.22,4.43,4.55,3.06,3.85,3.33,1.9,Clinical Psychologist
STU280092,14,F,class_9,arts,cbse,51.92,55.92,68.33,58.32,3.86,4.82,4.24,3.0,2.17,3.06,3.4,3.25,3.57,2.51,2.19,Content Writer
STU100094,16,M,class_11,science_pcb,cbse,89.45,97.0,73.74,45.0,3.53,5.0,4.16,4.02,3.11,4.2,4.63,3.04,2.96,3.54,2.58,Pharmacist
STU300058,14,F,class_9,science_pcm,ib,69.05,71.72,45.0,98.0,2.53,3.58,2.87,4.35,1.89,4.19,3.89,4.12,1.69,4.03,1.97,Defence Officer (Indian Armed Forces)
STU120022,16,F,class_10,undecided,cbse,75.05,26.48,88.45,74.49,3.48,5.0,4.32,5.0,3.03,2.0,3.96,2.59,3.93,2.19,4.3,Clinical Psychologist
STU300039,22,M,undergraduate,arts,cbse,64.11,41.77,82.75,78.5,2.73,3.53,2.76,2.73,3.33,4.46,4.21,4.14,3.3,2.67,3.65,Defence Officer (Indian Armed Forces)
STU080130,19,F,undergraduate,science_pcb,ib,67.49,100.0,79.46,58.48,3.66,3.81,4.73,4.28,3.38,2.38,4.42,3.46,3.75,1.64,2.55,Doctor (MBBS)
STU190099,14,M,class_9,science_pcm,cbse,84.65,77.94,99.74,86.0,4.52,3.15,3.04,1.93,2.62,1.61,3.68,3.6,4.39,4.78,3.18,Entrepreneur
STU120043,18,M,class_12,arts,cbse,52.49,72.53,90.18,54.28,3.4,5.0,2.65,4.85,2.55,2.66,4.11,2.96,4.52,3.54,3.29,Clinical Psychologist
STU320065,18,M,undergraduate,commerce,cbse,89.75,55.76,84.34,56.19,4.11,4.45,3.39,2.94,3.15,3.26,3.15,1.47,3.27,3.87,3.86,Sports Manager
STU030073,22,M,undergraduate,science_pcm,icse,85.19,77.61,74.04,77.42,3.79,3.37,2.36,3.43,2.1,3.46,4.1,3.3,1.93,4.0,3.87,AI/ML Engineer
STU260019,18,M,class_12,arts,state,62.56,92.06,80.0,77.01,4.48,3.63,3.84,5.0,1.4,1.8,3.36,4.49,3.8,3.43,1.66,Journalist
STU130117,14,M,class_9,science_pcb,icse,75.47,71.14,94.22,72.5,4.54,4.99,3.63,4.56,1.7,3.32,4.38,2.75,4.82,2.98,3.01,Physiotherapist
STU100008,21,F,undergraduate,undecided,icse,83.52,91.79,88.13,45.0,2.95,3.95,3.91,5.0,2.26,2.72,4.0,4.43,4.13,3.08,1.47,Pharmacist
STU130026,17,F,class_12,science_pcb,cbse,81.51,80.74,70.03,63.95,4.5,4.15,4.32,3.22,3.51,3.59,4.06,2.59,4.42,1.5,4.14,Physiotherapist
STU060037,18,M,class_12,undecided,cbse,83.89,47.23,76.74,76.04,3.15,4.25,4.11,2.44,4.17,3.5,3.97,1.69,4.4,3.28,4.4,Mechanical Engineer
STU040020,14,M,class_9,science_pcm,state,77.04,67.6,98.0,72.33,2.61,4.13,2.91,2.53,2.19,2.74,4.0,2.58,2.19,3.03,2.46,Cybersecurity Analyst
STU010141,16,M,class_11,commerce,cbse,83.91,68.05,88.55,55.28,4.55,3.1,2.63,2.81,3.7,4.45,3.81,1.52,3.5,3.74,3.81,Software Engineer
STU060039,14,M,class_9,science_pcm,cbse,61.34,47.89,47.43,75.12,3.86,4.08,2.72,2.85,2.3,4.68,3.57,4.5,2.61,2.83,3.06,Mechanical Engineer
STU030024,15,F,class_10,science_pcm,state,70.35,58.1,80.28,69.31,4.61,4.07,3.4,4.53,1.56,3.09,4.09,2.91,1.67,3.77,1.71,AI/ML Engineer
STU010051,22,M,undergraduate,science_pcm,cbse,77.57,46.46,89.85,82.52,3.78,4.82,1.8,3.83,3.62,4.57,4.31,3.89,2.28,3.4,3.63,Software Engineer
STU050115,19,M,undergraduate,commerce,cbse,85.18,50.33,84.47,62.98,1.2,4.51,2.28,2.68,3.21,2.7,4.56,3.42,2.68,3.24,3.57,Cloud Architect
STU310082,15,M,class_9,science_pcb,cbse,72.07,83.89,84.94,97.82,3.28,4.19,3.23,3.63,1.56,2.47,4.34,1.15,4.74,4.57,3.3,Environmental Scientist
STU190141,17,F,class_12,arts,cbse,75.1,67.67,84.83,70.24,3.74,3.1,3.94,3.5,1.3,3.68,2.63,3.44,3.18,5.0,4.35,Entrepreneur
STU170047,19,M,undergraduate,commerce,ib,69.58,85.72,68.7,71.14,2.8,3.1,3.14,3.89,1.24,1.2,4.23,4.3,4.01,3.55,1.0,Digital Marketing Manager
STU340082,17,F,class_11,science_pcm,state,59.92,76.79,53.2,92.88,2.8,4.26,2.95,2.42,3.75,5.0,2.24,2.66,2.17,4.09,2.31,Airline Pilot
STU310011,17,F,class_12,science_pcb,state,85.67,76.92,79.37,100.0,5.0,4.15,3.44,3.15,1.08,3.67,3.53,2.28,4.0,5.0,3.8,Environmental Scientist
STU320040,16,M,class_11,arts,state,62.92,76.89,67.49,68.71,4.9,4.39,4.15,3.07,2.37,1.99,3.46,1.45,3.08,5.0,2.25,Sports Manager
STU220002,21,M,undergraduate,science_pcm,icse,24.86,58.98,39.72,74.6,4.23,4.15,3.73,2.98,1.93,3.58,4.33,4.83,3.06,2.76,3.33,UX/UI Designer
STU180117,16,F,class_11,science_pcm,icse,65.7,73.85,54.0,40.0,3.35,3.01,3.86,4.74,2.69,2.07,3.08,3.92,4.55,3.4,2.4,Product Manager
STU030107,20,M,undergraduate,science_pcm,icse,96.48,74.7,90.08,74.37,3.35,3.9,1.87,2.35,2.68,3.91,1.0,2.14,3.23,2.66,2.87,AI/ML Engineer
STU280127,17,F,class_11,undecided,icse,46.71,79.13,40.07,49.87,4.22,3.31,3.96,3.64,1.07,1.0,4.1,4.16,4.37,1.91,3.47,Content Writer
STU070105,17,F,class_11,undecided,cbse,82.47,58.04,75.48,96.92,4.1,3.72,2.0,4.82,3.61,3.88,4.13,3.27,3.61,3.13,3.47,Civil Engineer
STU310081,16,F,class_11,science_pcm,cbse,83.73,75.85,79.06,70.0,4.19,4.8,4.21,3.57,3.24,4.45,3.0,2.92,4.87,3.98,2.62,Environmental Scientist
STU060141,20,F,undergraduate,undecided,icse,61.9,67.5,87.08,81.86,3.75,3.76,2.61,2.42,3.1,4.81,2.85,3.86,1.99,2.89,2.32,Mechanical Engineer
STU170012,18,O,undergraduate,arts,state,90.45,77.54,95.42,53.17,3.66,4.18,4.21,3.49,1.41,1.73,3.1,3.25,4.34,1.37,3.77,Digital Marketing Manager
STU170146,18,M,class_12,commerce,state,60.36,70.4,56.93,68.5,2.8,4.4,4.15,2.54,3.46,1.22,3.9,1.87,4.53,4.98,1.84,Digital Marketing Manager
STU240137,21,F,undergraduate,science_pcm,cbse,54.07,60.44,47.21,75.02,4.56,2.3,2.61,3.41,3.82,2.38,4.0,4.0,2.8,4.71,1.0,Architect
STU160141,21,F,undergraduate,science_pcm,state,93.24,66.99,68.2,56.68,2.86,3.29,4.59,3.0,1.57,3.49,1.0,3.46,4.27,3.61,4.15,Management Consultant
STU280056,22,M,undergraduate,commerce,icse,75.95,94.53,76.49,35.0,3.83,3.23,4.22,3.59,2.05,1.44,1.0,3.47,4.35,3.83,3.28,Content Writer
STU010043,20,F,undergraduate,vocational,cbse,95.57,74.68,95.41,55.97,5.0,3.73,2.1,3.58,3.36,4.6,4.9,2.45,3.71,3.27,3.72,Software Engineer
STU190131,15,M,class_10,commerce,cbse,60.2,62.79,65.29,40.0,2.8,4.32,3.61,2.2,1.71,2.38,3.25,2.37,3.33,4.98,3.02,Entrepreneur
STU240007,19,M,undergraduate,science_pcm,icse,65.6,48.0,58.4,97.11,4.31,4.27,2.39,4.27,2.44,5.0,3.66,4.39,2.41,2.96,5.0,Architect
STU210023,21,M,undergraduate,arts,cbse,69.74,90.4,68.48,40.91,4.18,3.96,4.26,2.17,2.03,2.47,3.29,3.43,4.56,3.95,3.7,Civil Lawyer
STU030004,17,F,class_11,science_pcm,ib,69.55,48.5,84.18,80.78,3.4,4.8,5.0,3.17,1.39,3.64,4.74,2.38,1.85,1.72,3.29,AI/ML Engineer
STU310107,15,M,class_10,science_pcm,cbse,40.03,93.56,90.02,71.81,1.98,4.04,4.75,4.9,1.11,3.64,4.24,1.45,4.42,4.57,4.26,Environmental Scientist
STU270011,19,M,undergraduate,arts,state,82.75,62.56,76.64,76.38,4.24,3.35,4.61,3.77,2.28,2.55,1.96,4.72,1.13,4.0,1.27,Film Director
STU050065,14,M,class_9,undecided,state,84.59,57.76,86.55,68.51,4.38,3.8,3.89,2.8,3.01,5.0,2.31,2.25,1.84,2.56,2.39,Cloud Architect
STU080128,19,M,undergraduate,science_pcb,icse,85.35,100.0,97.05,68.25,2.66,1.65,3.91,5.0,3.28,1.84,4.0,1.21,4.38,2.93,2.68,Doctor (MBBS)
STU180127,18,F,class_12,science_pcm,ib,84.46,55.0,60.84,42.0,4.79,4.6,3.39,2.71,1.64,3.62,4.55,2.84,4.0,5.0,4.47,Product Manager
STU130148,19,F,undergraduate,science_pcb,icse,57.16,91.99,79.38,75.17,3.0,4.32,4.01,4.79,2.67,3.3,3.78,2.97,4.89,2.49,2.62,Physiotherapist
STU170102,18,M,undergraduate,commerce,state,68.65,70.24,30.63,74.37,3.88,3.17,4.17,3.76,1.99,2.05,3.37,3.91,3.55,4.47,2.76,Digital Marketing Manager
STU100124,17,M,class_11,science_pcb,cbse,92.0,72.61,94.74,85.0,3.21,3.66,2.2,3.68,1.56,2.63,4.67,3.16,3.4,1.79,3.08,Pharmacist
STU250036,16,M,class_10,arts,icse,84.0,69.91,36.28,68.13,3.94,4.18,3.21,2.35,3.36,1.9,3.76,4.17,3.58,1.7,2.21,Fashion Designer
STU320078,20,M,undergraduate,commerce,ib,61.92,100.0,62.02,55.07,3.9,4.37,3.44,1.2,2.37,1.26,2.0,1.52,3.46,5.0,3.5,Sports Manager
STU150033,16,M,class_10,commerce,state,71.75,50.01,76.6,59.58,1.9,3.7,3.45,2.62,4.0,1.4,3.84,2.3,3.83,2.57,3.97,Investment Banker
STU070127,17,F,class_12,science_pcm,cbse,75.79,60.59,76.08,82.1,2.27,3.84,1.76,3.98,2.16,4.55,2.94,2.68,1.27,1.5,1.89,Civil Engineer
STU200140,17,F,class_12,commerce,state,92.38,86.22,45.0,67.84,3.27,3.73,3.54,3.66,1.77,3.3,2.6,2.07,2.83,4.91,4.36,Corporate Lawyer
STU070062,15,F,class_9,science_pcm,cbse,48.0,35.0,48.9,71.26,3.47,4.18,3.2,3.76,1.49,4.49,4.5,4.03,3.0,1.5,1.58,Civil Engineer
STU200040,18,F,class_12,arts,icse,88.26,81.32,65.66,46.04,3.33,1.11,4.02,3.92,2.72,2.89,4.69,4.5,4.9,5.0,2.2,Corporate Lawyer
STU210022,21,M,undergraduate,undecided,state,83.52,80.26,69.93,45.54,3.99,3.62,2.64,2.04,1.54,2.01,1.74,3.51,3.01,4.15,2.2,Civil Lawyer
STU210016,20,F,undergraduate,commerce,ib,78.12,61.55,65.9,59.35,4.66,3.3,4.8,3.14,3.67,1.12,4.39,1.0,4.9,4.2,2.8,Civil Lawyer
STU300114,18,M,class_12,science_pcm,state,54.15,37.95,84.14,82.87,3.8,3.56,2.84,2.38,4.2,4.69,2.11,2.35,1.2,1.22,2.87,Defence Officer (Indian Armed Forces)
STU140060,16,F,class_11,commerce,cbse,92.68,69.69,82.52,74.3,3.7,4.78,4.21,2.35,1.3,3.2,4.0,2.83,3.16,3.35,4.29,Chartered Accountant
STU150050,17,M,class_11,arts,state,92.53,88.0,47.34,54.67,2.43,3.52,3.61,4.05,1.51,2.85,2.72,3.12,1.4,4.95,3.52,Investment Banker
STU240021,20,M,undergraduate,science_pcm,state,73.97,49.16,51.92,92.27,3.74,3.51,3.18,3.19,2.69,2.46,1.72,4.86,3.29,2.51,1.72,Architect
STU160089,18,F,undergraduate,commerce,state,75.18,74.34,87.24,57.38,3.89,4.34,4.71,4.81,2.32,1.92,2.71,2.02,3.1,4.19,3.24,Management Consultant
STU330091,17,M,class_11,arts,cbse,49.4,39.7,54.39,30.86,4.74,3.26,3.63,2.48,3.49,1.12,3.21,4.45,2.29,3.44,1.83,Chef / Culinary Arts
STU030005,15,O,class_10,science_pcm,state,81.07,79.77,83.26,72.69,3.53,3.71,2.95,2.98,3.27,3.04,4.23,2.85,2.57,1.9,2.44,AI/ML Engineer
STU100091,22,M,undergraduate,science_pcb,state,74.22,70.98,95.0,61.35,2.92,3.65,3.83,4.31,1.65,3.23,4.47,2.79,3.38,1.32,2.26,Pharmacist
STU100147,17,M,class_12,science_pcb,state,76.54,79.32,74.6,53.33,2.5,3.4,2.2,4.54,3.9,4.17,4.2,3.24,3.4,2.95,4.17,Pharmacist
STU180103,17,M,class_11,undecided,state,82.06,83.7,74.95,43.99,3.57,1.68,4.37,2.84,2.81,3.19,2.0,4.06,4.25,4.86,4.14,Product Manager
STU200026,15,M,class_10,commerce,state,94.61,93.09,54.63,39.75,3.14,3.78,4.33,4.14,1.65,1.1,2.13,1.5,2.92,3.28,4.9,Corporate Lawyer
STU070017,15,F,class_10,science_pcm,cbse,85.46,57.33,69.09,82.28,3.25,3.82,2.77,2.68,3.46,3.5,4.05,3.67,2.12,2.34,2.69,Civil Engineer
STU310071,17,M,class_12,science_pcb,cbse,57.19,74.16,85.18,92.65,4.82,5.0,5.0,4.22,1.71,3.27,4.16,2.99,4.81,4.76,2.7,Environmental Scientist
STU340067,21,M,undergraduate,science_pcm,cbse,47.34,46.26,45.0,94.39,2.1,3.72,4.6,2.7,3.47,5.0,2.28,3.76,2.1,3.64,2.3,Airline Pilot
STU190073,21,M,undergraduate,commerce,cbse,60.0,87.09,76.23,57.52,3.36,3.39,4.71,2.93,3.18,3.09,2.22,3.32,2.9,4.39,3.6,Entrepreneur
STU110125,18,M,class_12,science_pcm,state,96.84,88.05,64.32,59.64,2.79,4.6,3.64,4.02,3.9,4.08,4.67,3.57,3.72,4.73,2.54,Biomedical Engineer
STU270106,17,M,class_12,arts,icse,56.69,71.04,35.0,80.49,4.26,3.83,3.89,1.57,3.42,1.67,2.74,4.75,3.74,2.55,3.4,Film Director
STU060072,16,O,class_10,science_pcm,cbse,72.09,55.27,55.84,83.93,3.07,3.2,4.6,2.22,3.07,3.89,2.74,2.56,3.18,1.64,2.41,Mechanical Engineer
STU330039,17,F,class_12,commerce,icse,76.09,21.01,51.23,91.81,3.68,4.13,2.84,3.44,2.29,3.75,4.02,1.5,2.44,3.33,2.22,Chef / Culinary Arts
STU100005,16,F,class_11,science_pcb,state,89.87,45.53,94.0,69.84,4.81,4.34,3.23,3.9,2.22,4.2,3.97,3.7,5.0,1.76,2.35,Pharmacist
STU310091,17,F,class_11,science_pcb,ib,93.95,84.26,81.67,71.32,3.81,4.16,3.55,4.32,3.14,2.33,4.43,2.76,4.88,4.82,3.7,Environmental Scientist
STU060101,18,M,class_12,science_pcm,state,74.75,68.0,77.04,88.04,2.23,4.36,2.65,2.9,3.38,4.39,2.41,4.5,4.29,3.62,1.8,Mechanical Engineer
STU070101,17,M,class_12,science_pcm,icse,83.5,35.0,76.21,81.78,4.19,3.45,2.89,4.18,1.72,5.0,2.8,2.81,1.5,4.04,2.4,Civil Engineer
STU270080,15,M,class_10,undecided,state,73.76,85.64,63.67,77.29,4.77,2.37,4.37,3.27,2.79,1.24,3.05,4.44,2.78,2.52,2.63,Film Director
STU010019,18,F,class_12,science_pcb,state,44.95,54.82,71.78,56.79,3.0,3.7,2.64,2.23,3.34,3.58,4.41,3.84,3.41,3.47,3.73,Software Engineer
STU110138,18,F,class_12,science_pcm,icse,81.64,83.33,64.65,67.98,2.94,4.47,4.02,3.55,3.71,3.05,3.92,2.19,4.24,3.63,1.91,Biomedical Engineer
STU120018,17,F,class_12,arts,cbse,86.38,97.0,71.05,67.22,2.72,5.0,3.63,4.16,1.56,1.88,3.76,3.21,4.9,3.64,2.85,Clinical Psychologist
STU040044,16,M,class_10,science_pcm,icse,77.01,80.67,70.75,75.09,4.31,4.24,3.08,4.3,2.6,3.52,3.91,2.1,1.87,3.62,4.13,Cybersecurity Analyst
STU090148,14,M,class_9,science_pcb,cbse,74.61,59.57,71.07,70.92,4.36,4.76,3.63,4.39,1.92,3.85,4.14,3.22,3.52,1.2,3.72,Dentist
STU210019,17,M,class_11,arts,state,72.92,69.56,87.1,77.85,4.0,1.8,3.69,2.74,1.45,2.85,3.93,3.36,3.4,3.5,4.44,Civil Lawyer
STU340114,14,F,class_9,science_pcm,ib,81.77,57.81,45.0,80.83,4.5,4.54,3.63,2.51,2.91,4.61,3.96,1.93,1.74,2.59,3.59,Airline Pilot
STU250139,17,F,class_12,commerce,state,75.14,95.78,40.16,72.65,4.3,2.93,4.12,4.69,1.4,2.31,3.27,4.16,4.72,2.29,2.64,Fashion Designer
STU340149,16,M,class_11,commerce,icse,75.89,65.21,85.8,76.85,3.53,3.75,3.76,2.85,3.52,4.54,2.0,4.04,1.2,2.0,3.55,Airline Pilot
STU250034,18,M,undergraduate,science_pcb,cbse,77.03,93.38,66.63,75.1,3.73,3.17,3.7,4.1,2.49,3.07,2.68,4.5,4.4,1.8,2.0,Fashion Designer
STU050088,16,M,class_10,science_pcm,cbse,73.25,63.22,94.8,83.57,3.41,3.18,3.79,4.3,2.66,3.45,4.18,3.09,1.66,3.95,3.02,Cloud Architect
STU320027,17,M,class_12,vocational,cbse,73.62,63.23,58.62,49.52,3.25,3.11,4.24,3.16,3.66,3.18,4.01,1.88,4.57,3.97,4.57,Sports Manager
STU110109,15,M,class_9,science_pcm,state,72.36,71.52,92.52,73.39,3.45,3.85,3.22,4.44,1.99,3.25,5.0,1.96,4.63,2.63,1.2,Biomedical Engineer
STU310050,18,F,undergraduate,science_pcm,cbse,80.01,73.62,98.6,68.12,3.83,4.82,4.57,4.22,1.28,2.53,2.62,4.01,4.46,1.23,3.12,Environmental Scientist
STU240102,21,F,undergraduate,undecided,cbse,42.0,68.52,69.46,69.87,4.92,3.71,3.25,4.8,4.12,1.52,3.26,4.01,3.12,2.03,2.89,Architect
STU070110,20,F,undergraduate,science_pcm,state,87.33,43.91,77.88,73.94,2.54,5.0,3.18,4.59,2.76,4.28,3.89,2.35,3.96,2.97,2.8,Civil Engineer
STU170009,17,F,class_11,arts,state,85.95,64.3,58.32,72.45,4.23,4.8,4.67,3.43,3.68,1.85,3.22,2.76,4.0,4.23,3.63,Digital Marketing Manager
STU080043,16,F,class_11,science_pcb,cbse,61.12,80.09,67.05,68.35,1.86,5.0,2.94,5.0,3.46,3.03,3.73,1.34,4.44,2.59,3.85,Doctor (MBBS)
STU090128,18,M,class_12,science_pcb,cbse,74.15,83.44,77.05,75.42,3.19,4.1,3.42,4.09,1.86,3.01,4.04,2.77,4.25,2.63,3.82,Dentist
STU330027,22,F,undergraduate,commerce,state,52.41,65.26,86.7,65.02,3.51,4.49,4.6,3.36,1.57,3.54,3.31,1.65,3.43,3.61,2.53,Chef / Culinary Arts
STU120028,22,M,undergraduate,science_pcb,state,88.22,80.43,82.36,85.0,2.62,4.25,3.67,4.29,3.49,2.57,4.31,3.21,4.27,3.21,3.68,Clinical Psychologist
STU140050,14,F,class_9,arts,state,76.69,76.54,83.19,75.52,4.21,4.43,3.95,1.0,2.1,2.86,3.36,1.1,1.84,3.35,2.06,Chartered Accountant
STU090111,17,M,class_11,undecided,cbse,55.0,64.91,62.0,73.77,2.93,4.49,4.32,3.51,1.7,1.66,4.05,1.61,4.63,1.95,1.74,Dentist
STU240106,18,M,undergraduate,arts,state,64.86,94.45,56.81,96.69,5.0,2.72,4.61,2.97,1.4,4.15,1.91,4.52,3.35,2.55,2.95,Architect
STU230105,18,F,class_12,arts,cbse,49.99,81.84,45.28,97.13,3.81,2.56,2.41,1.1,1.0,1.33,3.12,4.52,4.39,2.47,3.5,Graphic Designer
STU140038,22,F,undergraduate,commerce,cbse,87.14,58.05,79.69,75.4,4.25,4.1,3.12,3.66,2.16,2.73,4.4,3.29,1.79,3.51,3.5,Chartered Accountant
STU260060,20,M,undergraduate,science_pcb,icse,80.46,87.88,66.0,76.79,3.69,2.6,4.1,4.38,3.84,2.47,2.14,3.78,4.07,2.41,1.55,Journalist
STU030045,17,F,class_12,commerce,ib,63.21,53.69,75.08,59.11,3.32,4.37,1.8,3.97,2.54,4.76,4.73,1.64,2.77,2.56,2.1,AI/ML Engineer
STU290073,19,M,undergraduate,undecided,state,74.0,90.35,84.29,98.21,3.23,3.22,4.45,3.2,3.42,2.07,2.8,4.03,4.16,2.44,3.05,IAS Officer
STU070087,19,M,undergraduate,science_pcm,icse,76.0,58.54,56.77,65.76,2.83,4.26,4.44,3.61,2.36,4.54,4.47,4.07,4.31,2.88,1.8,Civil Engineer
STU280132,16,F,class_10,arts,icse,42.0,93.3,77.34,72.81,3.81,2.6,4.37,4.8,1.97,2.96,3.32,4.68,4.53,3.5,3.8,Content Writer
STU320008,20,M,undergraduate,commerce,cbse,70.75,95.0,65.13,70.79,4.63,4.0,3.99,4.2,1.2,3.72,4.7,3.87,3.26,4.05,3.96,Sports Manager
STU300053,18,F,class_12,science_pcm,icse,72.37,64.82,89.22,91.58,4.49,3.15,3.77,4.52,3.05,5.0,3.43,3.14,1.71,2.92,3.47,Defence Officer (Indian Armed Forces)
STU310139,18,F,undergraduate,science_pcm,state,70.0,78.73,82.64,98.0,1.0,4.62,4.35,4.37,2.58,2.86,4.64,1.3,4.12,3.03,3.34,Environmental Scientist
STU260082,20,F,undergraduate,undecided,state,64.08,79.55,37.62,44.56,2.74,2.86,4.67,4.58,4.13,1.71,3.32,3.06,3.5,2.41,3.8,Journalist
STU220018,15,M,class_10,arts,cbse,51.26,58.87,74.65,75.01,5.0,3.93,2.22,4.34,2.45,3.84,1.87,4.97,1.73,3.44,1.31,UX/UI Designer
STU080093,15,M,class_9,science_pcb,icse,92.0,74.1,83.63,73.71,3.7,3.82,2.7,4.2,4.61,2.97,3.88,1.8,1.11,2.67,2.35,Doctor (MBBS)
STU160109,20,M,undergraduate,arts,state,60.0,80.14,87.96,42.71,4.05,3.36,4.45,5.0,1.77,3.36,2.49,2.05,2.56,3.8,3.35,Management Consultant
STU080149,21,M,undergraduate,undecided,state,80.98,60.0,55.97,85.93,3.75,4.62,2.77,4.31,1.63,3.32,4.28,2.45,4.51,1.21,3.27,Doctor (MBBS)
STU010086,19,F,undergraduate,science_pcb,icse,75.13,49.53,92.14,58.09,4.31,3.1,2.55,3.8,3.2,3.92,3.5,3.25,2.14,2.92,2.69,Software Engineer
STU110019,17,M,class_12,science_pcm,icse,83.47,97.0,86.28,21.31,3.25,4.66,4.13,3.75,3.25,2.91,3.57,3.63,3.45,2.95,3.29,Biomedical Engineer
STU040067,20,F,undergraduate,science_pcm,state,95.23,45.0,79.83,72.68,3.0,3.5,1.42,2.9,1.73,4.99,3.6,3.94,2.71,2.89,2.51,Cybersecurity Analyst
STU100032,21,F,undergraduate,science_pcb,state,66.3,66.59,64.19,70.53,4.17,4.62,4.18,4.97,2.18,2.97,4.15,1.2,3.58,2.24,3.12,Pharmacist
STU190017,22,F,undergraduate,commerce,cbse,54.63,56.23,69.42,57.14,2.84,3.73,3.84,2.39,1.78,2.6,4.48,2.18,2.52,3.41,2.56,Entrepreneur
STU220076,16,M,class_11,undecided,icse,38.66,71.99,35.0,73.28,5.0,4.31,3.8,3.79,3.98,3.64,3.46,4.06,5.0,4.0,1.75,UX/UI Designer
STU070115,17,M,class_12,undecided,state,72.84,69.55,90.0,60.89,2.07,4.23,4.15,4.48,2.83,5.0,2.07,3.56,4.37,2.47,3.03,Civil Engineer
STU010129,17,F,class_12,commerce,state,77.6,68.91,96.85,71.64,5.0,3.69,3.33,3.14,4.37,5.0,3.87,2.31,3.41,3.76,3.3,Software Engineer
STU100015,18,F,class_12,science_pcm,cbse,85.35,91.89,65.07,81.65,3.11,4.49,3.49,3.64,2.84,2.55,5.0,3.45,2.55,2.68,4.3,Pharmacist
STU260033,18,F,undergraduate,arts,state,55.59,36.57,57.6,25.03,4.43,4.8,4.2,4.77,1.64,2.26,2.92,4.62,4.08,3.19,4.12,Journalist
STU280072,17,M,class_11,arts,state,81.85,77.57,70.87,64.75,4.32,3.12,4.27,4.75,4.6,1.8,2.81,4.65,3.95,3.22,1.56,Content Writer
STU220119,17,F,class_12,arts,state,47.29,55.42,46.92,91.19,4.37,1.0,3.57,2.03,1.4,3.85,3.18,4.56,3.28,4.58,1.09,UX/UI Designer
STU060142,17,F,class_12,vocational,ib,55.89,74.4,47.36,92.18,2.0,3.01,3.18,2.55,3.29,4.89,3.0,2.77,1.49,1.76,3.3,Mechanical Engineer
STU190094,18,M,class_12,undecided,cbse,90.75,69.51,80.27,98.72,3.31,3.7,3.47,3.05,1.49,3.8,3.77,3.24,2.62,5.0,2.12,Entrepreneur
STU290096,21,F,undergraduate,science_pcm,state,83.9,89.49,81.3,78.36,3.51,4.86,3.2,3.24,3.63,3.54,4.08,4.08,3.33,4.83,3.05,IAS Officer
STU100010,16,M,class_11,science_pcb,icse,64.97,89.04,91.43,45.0,3.73,4.7,2.98,4.27,4.47,2.3,3.85,1.45,3.63,1.2,4.3,Pharmacist
STU030008,21,M,undergraduate,undecided,icse,84.52,76.19,50.8,89.08,3.98,3.4,3.27,4.18,2.78,4.44,4.25,2.33,2.35,2.28,4.2,AI/ML Engineer
STU120012,19,F,undergraduate,arts,state,64.97,68.87,94.73,44.48,2.5,3.49,3.63,4.38,1.69,2.35,4.51,1.65,3.73,3.8,2.55,Clinical Psychologist
STU170032,15,F,class_10,commerce,cbse,78.18,82.75,61.57,20.92,5.0,3.83,3.93,2.57,1.82,2.46,2.84,2.01,2.86,4.1,3.32,Digital Marketing Manager
STU280054,18,M,class_12,arts,cbse,76.7,86.07,55.86,46.79,4.28,4.38,4.48,4.14,2.74,1.04,1.83,2.81,4.41,3.27,1.0,Content Writer
STU090118,21,M,undergraduate,science_pcm,state,61.85,69.6,75.76,53.41,2.61,4.92,2.74,4.44,3.9,3.37,3.31,1.45,4.06,2.93,3.08,Dentist
STU300044,22,F,undergraduate,commerce,state,48.0,35.0,45.16,89.4,3.04,4.9,4.6,2.13,3.64,4.95,2.94,2.99,2.1,3.88,1.87,Defence Officer (Indian Armed Forces)
STU170075,17,F,class_12,commerce,cbse,83.52,79.67,64.58,78.47,3.06,2.52,3.36,2.2,1.64,1.44,3.53,3.07,3.98,3.99,3.04,Digital Marketing Manager
STU170143,15,F,class_9,arts,cbse,94.0,81.28,85.9,40.0,4.9,3.74,5.0,4.29,2.73,1.01,3.24,2.71,4.59,3.79,3.53,Digital Marketing Manager
STU090047,18,F,undergraduate,science_pcb,icse,66.19,86.6,81.98,42.32,3.95,3.49,3.52,3.97,1.67,4.03,4.38,2.0,5.0,3.63,3.06,Dentist
STU300013,16,M,class_10,arts,cbse,92.56,67.37,47.86,89.6,2.77,3.26,3.96,4.64,2.97,4.94,2.75,4.33,2.69,4.6,3.15,Defence Officer (Indian Armed Forces)
STU090009,15,M,class_10,science_pcm,state,69.23,41.44,64.56,83.85,2.5,4.01,2.2,3.88,3.55,2.57,1.42,2.51,4.03,2.54,4.06,Dentist
STU020067,18,F,class_12,science_pcm,icse,78.8,48.78,91.16,87.64,4.25,4.42,1.93,2.52,2.57,4.29,4.53,1.9,2.97,3.38,3.21,Data Scientist
STU300033,19,M,undergraduate,undecided,icse,55.67,38.97,47.77,90.01,4.5,4.54,2.0,3.47,1.1,3.68,2.54,2.36,3.82,2.84,3.84,Defence Officer (Indian Armed Forces)
STU300003,22,F,undergraduate,arts,cbse,70.15,35.0,78.7,86.3,3.45,3.77,3.27,3.73,1.83,4.66,3.66,2.58,3.34,3.71,3.26,Defence Officer (Indian Armed Forces)
STU090040,19,M,undergraduate,science_pcb,cbse,63.47,63.56,92.35,68.22,3.18,3.71,2.26,4.0,1.31,4.2,5.0,3.11,3.56,3.83,2.29,Dentist
STU160040,14,M,class_9,science_pcm,cbse,66.98,77.44,63.21,54.14,4.64,4.07,4.84,3.0,2.14,3.5,2.67,2.27,3.2,3.88,2.35,Management Consultant
STU190041,15,F,class_9,vocational,cbse,75.6,94.05,82.17,40.0,4.01,2.44,3.54,1.0,2.56,2.84,2.0,2.66,4.67,4.62,2.12,Entrepreneur
STU020126,17,M,class_12,commerce,state,72.18,45.04,80.87,25.03,4.15,4.07,3.05,3.88,2.46,4.72,3.99,3.9,1.79,2.69,4.1,Data Scientist
STU040040,18,F,class_12,vocational,cbse,74.32,65.26,89.41,90.0,4.86,4.24,2.26,2.66,1.97,4.9,4.19,3.21,2.02,3.21,1.84,Cybersecurity Analyst
STU070136,18,F,class_12,vocational,state,85.6,35.0,76.73,60.0,2.31,4.71,2.03,4.7,2.65,3.83,4.43,4.33,2.2,2.37,3.22,Civil Engineer
STU090030,17,F,class_12,arts,icse,82.2,97.0,84.27,74.62,2.89,3.65,2.36,4.33,3.9,2.37,2.94,2.55,4.73,1.91,2.08,Dentist
STU320029,17,F,class_11,commerce,state,60.0,66.3,61.46,55.49,4.9,3.42,4.75,4.01,4.83,1.79,4.0,1.82,2.88,4.28,3.43,Sports Manager
STU070109,19,M,undergraduate,science_pcm,state,58.79,75.1,73.19,76.37,2.75,3.78,3.19,3.73,3.19,2.51,3.5,3.51,3.56,3.6,4.76,Civil Engineer
STU330004,16,F,class_10,arts,state,80.24,61.9,83.91,71.27,2.0,3.35,3.4,4.13,2.01,4.42,3.14,2.05,1.42,1.5,3.8,Chef / Culinary Arts
STU340146,15,O,class_9,commerce,cbse,20.22,42.14,84.82,85.67,3.66,3.79,3.15,3.76,1.77,4.3,2.81,4.37,3.67,2.86,3.3,Airline Pilot
STU330003,14,M,class_9,arts,cbse,73.76,73.67,57.73,88.54,2.17,3.19,4.44,3.72,1.4,3.87,3.24,4.33,2.02,1.5,3.12,Chef / Culinary Arts
STU170133,19,F,undergraduate,commerce,cbse,73.47,79.19,92.0,74.59,4.28,3.13,4.62,4.34,4.13,1.51,3.42,1.77,3.76,4.73,2.0,Digital Marketing Manager
STU290056,21,M,undergraduate,commerce,cbse,91.06,77.13,83.49,73.58,4.92,4.72,4.04,3.85,2.55,2.57,4.39,2.92,4.37,4.82,3.39,IAS Officer
STU080009,16,M,class_11,science_pcb,cbse,55.0,68.28,100.0,72.6,4.25,4.25,2.73,4.06,3.47,3.94,4.09,4.47,3.93,3.8,2.45,Doctor (MBBS)
STU150067,15,M,class_10,arts,state,75.54,62.58,98.57,45.4,3.64,4.95,2.02,3.68,2.52,3.62,3.41,2.61,1.67,4.02,4.1,Investment Banker
STU280134,17,O,class_11,arts,cbse,42.0,78.84,78.39,61.38,3.92,1.76,4.82,3.79,3.0,3.38,3.62,4.25,4.15,2.6,3.65,Content Writer
STU310072,16,F,class_11,science_pcb,cbse,94.7,79.3,98.12,84.62,4.01,4.22,2.33,4.05,1.84,4.24,3.46,3.14,3.33,4.19,1.31,Environmental Scientist
STU020132,18,F,class_12,undecided,state,83.18,67.32,62.22,90.0,2.62,4.66,2.72,4.07,3.7,3.62,4.65,2.24,2.98,2.43,1.88,Data Scientist
STU250121,19,M,undergraduate,commerce,icse,48.84,82.67,68.7,66.31,4.08,4.24,2.96,4.01,3.23,4.2,4.0,4.33,1.42,4.8,2.56,Fashion Designer
STU090117,20,M,undergraduate,science_pcb,cbse,89.86,32.22,81.03,22.3,4.15,4.87,2.85,3.59,1.81,3.65,4.32,2.93,4.02,2.37,1.6,Dentist
STU340128,17,F,class_12,science_pcm,state,65.8,33.94,90.0,98.0,3.33,2.25,4.14,2.19,1.27,3.55,2.39,2.07,3.08,3.51,4.0,Airline Pilot
STU070069,18,F,class_12,science_pcm,cbse,59.57,43.94,79.49,68.24,4.12,4.79,4.45,4.42,4.2,4.17,2.45,2.47,4.33,4.05,3.82,Civil Engineer
STU220121,18,M,undergraduate,arts,icse,19.38,80.0,71.78,72.24,4.64,3.78,3.3,4.54,2.52,2.04,5.0,4.65,3.85,3.32,1.8,UX/UI Designer
STU280044,17,M,class_12,arts,cbse,51.43,79.82,40.74,60.42,4.44,3.08,3.75,3.8,3.94,1.17,2.5,1.3,4.33,2.6,1.77,Content Writer
STU230012,19,F,undergraduate,arts,state,68.1,52.68,62.28,83.75,4.83,4.27,4.69,3.22,1.4,2.88,1.4,3.93,2.8,3.5,3.26,Graphic Designer
STU250072,18,M,class_12,undecided,ib,66.88,82.38,92.59,87.78,4.33,3.96,2.6,3.62,1.7,2.33,2.5,4.94,3.64,4.8,2.39,Fashion Designer
STU050020,16,M,class_11,science_pcm,state,75.56,66.34,65.35,52.0,4.68,3.37,3.3,2.81,1.91,3.18,4.06,1.69,2.82,1.97,3.52,Cloud Architect
STU240031,17,F,class_11,undecided,state,63.5,48.39,49.0,86.9,2.32,4.7,4.87,3.1,1.4,1.2,2.14,4.47,3.29,2.34,1.68,Architect
STU120093,17,M,class_11,commerce,cbse,57.32,75.93,90.71,74.42,3.64,3.73,3.71,4.05,1.47,2.23,4.13,3.7,3.63,2.88,3.11,Clinical Psychologist
STU100041,20,M,undergraduate,science_pcb,cbse,85.14,49.74,92.18,85.0,4.38,4.56,2.72,4.19,1.94,4.2,4.6,3.66,4.97,2.82,3.87,Pharmacist
STU280110,18,M,class_12,science_pcm,state,50.78,82.79,55.57,48.13,3.57,4.71,4.08,4.14,2.15,2.32,3.92,3.97,4.2,2.85,1.45,Content Writer
STU130048,16,F,class_11,science_pcb,cbse,75.72,63.33,91.97,91.73,4.44,4.32,3.17,4.16,2.15,3.91,4.61,2.5,2.96,2.84,4.12,Physiotherapist
STU110080,16,F,class_10,science_pcm,cbse,81.25,58.0,71.39,79.04,3.44,4.59,4.17,4.01,1.6,2.51,2.46,3.7,4.18,1.24,3.31,Biomedical Engineer
STU120006,18,M,undergraduate,arts,cbse,78.22,90.47,64.39,67.36,3.03,3.97,4.5,4.43,1.2,2.34,2.59,2.8,4.42,2.67,2.84,Clinical Psychologist
STU160103,15,F,class_9,science_pcm,cbse,73.0,56.72,72.87,76.16,2.97,3.69,3.92,2.23,2.21,1.81,3.43,1.96,2.46,4.41,3.99,Management Consultant
STU150113,18,F,undergraduate,commerce,cbse,96.0,57.22,100.0,68.05,3.96,3.52,3.46,2.1,3.43,3.15,4.8,1.83,2.58,3.61,3.73,Investment Banker
STU140071,16,F,class_10,commerce,icse,83.18,73.25,92.83,40.0,2.2,4.76,2.74,2.74,3.13,3.8,4.71,1.0,1.85,4.62,4.1,Chartered Accountant
STU340122,16,M,class_11,commerce,cbse,34.53,65.49,69.91,60.31,2.54,3.0,4.14,2.66,1.47,3.69,2.99,2.22,2.17,4.32,4.48,Airline Pilot
STU140007,15,F,class_9,commerce,cbse,100.0,77.93,96.08,55.07,3.37,3.73,2.58,2.85,3.77,1.62,3.42,2.53,4.0,4.0,5.0,Chartered Accountant
STU250138,22,M,undergraduate,arts,cbse,60.1,71.28,45.59,90.24,4.69,4.55,3.38,4.18,3.69,3.75,3.94,4.7,3.72,4.04,3.64,Fashion Designer
STU220043,17,F,class_12,arts,state,55.2,64.52,52.81,54.58,4.86,2.9,3.37,4.15,2.8,2.37,2.98,4.04,4.29,1.7,2.9,UX/UI Designer
STU090108,20,F,undergraduate,science_pcm,cbse,66.09,62.73,41.01,70.89,1.05,3.47,3.36,4.19,2.61,3.37,4.62,1.73,3.56,2.86,2.16,Dentist
STU140054,18,M,undergraduate,commerce,state,100.0,56.48,93.77,64.53,3.56,2.76,2.73,3.88,1.84,1.5,3.92,1.65,1.72,3.73,4.91,Chartered Accountant
STU320060,19,F,undergraduate,commerce,cbse,70.5,70.63,67.65,59.34,3.92,4.54,3.73,3.22,2.21,2.63,3.71,1.2,3.48,3.77,2.74,Sports Manager
STU040126,15,F,class_10,science_pcm,state,97.0,67.92,87.73,83.31,3.51,4.8,4.0,4.3,3.02,4.18,4.1,3.72,3.26,2.72,2.06,Cybersecurity Analyst
STU160111,18,F,undergraduate,science_pcm,icse,94.0,77.64,62.17,67.95,3.52,3.1,2.45,2.96,1.75,1.28,2.0,2.98,2.63,4.2,2.22,Management Consultant
STU290134,17,M,class_11,commerce,state,88.88,98.18,86.97,45.99,3.48,4.92,4.8,4.91,3.06,4.27,4.09,2.2,4.7,4.11,3.65,IAS Officer
STU310030,22,M,undergraduate,science_pcb,cbse,76.57,91.75,70.28,89.94,3.96,4.88,3.43,3.1,1.95,2.0,3.96,3.89,4.28,3.96,2.98,Environmental Scientist
STU120057,16,M,class_10,arts,state,66.25,92.48,67.9,81.9,3.62,4.22,4.5,4.74,3.24,3.05,4.34,1.86,3.59,2.14,2.15,Clinical Psychologist
STU270006,22,F,undergraduate,undecided,ib,73.62,64.9,67.42,66.54,3.91,4.67,4.9,3.93,2.96,1.2,2.19,4.19,2.76,2.64,3.5,Film Director
STU250023,18,M,class_12,vocational,state,81.56,96.0,72.08,65.87,4.31,3.88,2.61,3.61,1.58,2.34,3.1,3.98,3.46,2.17,2.16,Fashion Designer
STU090081,17,O,class_12,science_pcb,cbse,67.05,69.23,89.97,79.28,3.65,5.0,5.0,4.45,1.54,4.1,3.8,3.42,4.29,1.2,4.16,Dentist
STU060112,15,M,class_10,vocational,state,52.52,59.87,74.57,83.67,3.15,4.47,2.08,3.16,3.93,3.5,4.5,4.12,3.63,3.38,2.61,Mechanical Engineer
STU290032,21,F,undergraduate,commerce,cbse,73.29,81.45,100.0,90.31,4.71,5.0,4.25,3.48,2.74,4.5,4.99,3.19,3.45,3.9,4.8,IAS Officer
STU130002,17,M,class_11,science_pcb,icse,91.35,57.8,68.1,82.45,3.48,3.96,2.3,3.82,1.68,4.01,4.24,2.05,3.13,3.12,3.44,Physiotherapist
STU110129,20,F,undergraduate,science_pcm,cbse,71.32,74.03,77.37,53.09,4.21,3.51,2.47,4.76,3.53,4.02,3.5,1.41,4.69,3.47,1.97,Biomedical Engineer
STU140044,19,F,undergraduate,commerce,cbse,67.6,60.07,77.53,40.0,3.36,4.6,2.49,4.4,3.09,2.69,2.92,2.45,1.91,3.69,4.51,Chartered Accountant
STU180090,18,F,class_12,science_pcm,cbse,64.69,58.4,74.36,79.89,4.03,5.0,3.2,3.02,2.35,1.51,3.17,2.26,3.0,4.37,3.59,Product Manager
STU020120,16,F,class_10,science_pcm,cbse,68.87,80.44,74.51,90.0,3.49,3.74,1.98,3.2,2.93,4.36,3.79,2.65,1.3,4.0,2.06,Data Scientist
STU050030,14,F,class_9,science_pcm,cbse,93.43,45.0,79.76,75.6,3.67,3.64,2.73,2.39,3.03,4.59,4.56,3.44,2.47,2.25,2.3,Cloud Architect
STU210082,14,F,class_9,arts,icse,96.0,80.92,68.13,53.46,4.19,4.89,2.33,4.49,3.28,2.56,1.41,2.44,2.94,3.99,2.97,Civil Lawyer
STU160085,15,F,class_9,commerce,state,92.04,74.86,89.22,65.95,3.17,4.09,5.0,3.0,4.2,3.2,4.09,3.11,3.05,4.33,3.39,Management Consultant
STU200117,15,F,class_10,science_pcm,icse,96.0,68.0,83.98,45.13,3.56,3.7,2.3,3.66,4.2,2.72,2.96,2.54,3.57,4.87,2.84,Corporate Lawyer
STU030001,18,F,class_12,undecided,cbse,97.0,60.99,67.17,70.0,3.3,3.27,3.05,3.55,2.94,3.56,4.63,3.52,2.69,2.01,3.86,AI/ML Engineer
STU040010,16,M,class_10,science_pcm,cbse,97.0,53.17,87.05,67.14,3.48,4.12,2.9,1.46,2.48,4.15,3.99,2.21,2.49,2.72,3.01,Cybersecurity Analyst
STU100098,15,M,class_9,science_pcb,state,91.22,47.08,5.6,85.0,3.1,4.63,1.04,5.0,3.9,3.03,4.25,4.6,4.2,2.75,3.42,Pharmacist
STU100123,22,M,undergraduate,science_pcm,state,75.41,58.28,92.96,73.6,4.6,3.4,3.63,4.79,2.39,3.18,4.82,2.11,5.0,3.6,2.31,Pharmacist
STU140097,17,F,class_12,commerce,cbse,95.17,50.0,86.89,29.03,2.31,4.9,4.7,4.29,1.98,2.69,3.91,4.3,1.57,3.46,3.64,Chartered Accountant
STU290116,18,M,undergraduate,arts,state,70.0,70.0,89.74,83.41,3.22,4.73,3.95,3.99,3.8,4.31,4.71,2.32,4.89,4.75,2.76,IAS Officer
STU270030,17,F,class_12,arts,ib,42.0,54.02,46.78,90.3,4.39,4.46,4.26,4.28,2.54,1.55,3.59,4.42,5.0,3.93,2.38,Film Director
STU240045,18,M,class_12,science_pcm,cbse,47.32,87.75,60.52,98.12,3.81,2.62,5.0,2.84,3.73,2.92,1.86,4.7,2.66,2.69,2.23,Architect
STU150014,15,M,class_9,science_pcm,icse,82.39,59.51,99.0,74.93,2.99,3.84,3.57,3.71,2.07,2.67,3.74,3.5,2.0,3.5,3.65,Investment Banker
STU010028,17,M,class_11,commerce,icse,20.25,65.23,89.27,66.91,4.69,3.8,4.1,2.57,3.25,4.73,4.74,2.77,1.89,2.05,1.97,Software Engineer
STU300022,19,M,undergraduate,science_pcm,ib,70.4,54.34,61.3,64.84,3.0,3.57,3.24,3.13,4.2,5.0,3.17,3.25,3.62,1.59,4.75,Defence Officer (Indian Armed Forces)
STU310116,19,F,undergraduate,science_pcm,cbse,97.12,82.04,88.94,96.4,3.06,5.0,3.08,3.64,1.98,2.28,2.8,3.57,2.52,3.82,4.24,Environmental Scientist
STU250111,22,M,undergraduate,arts,state,62.33,78.32,62.22,83.28,1.76,3.95,2.86,3.84,4.08,3.95,2.47,3.8,3.34,3.78,1.82,Fashion Designer
STU060088,20,M,undergraduate,science_pcm,state,58.32,50.95,45.0,89.85,3.8,3.63,2.89,2.1,1.57,3.81,2.95,3.55,3.74,3.7,2.51,Mechanical Engineer
STU270095,18,F,class_12,undecided,state,76.36,88.11,13.68,97.29,4.29,4.35,3.47,3.98,3.15,3.87,3.37,4.63,4.29,3.66,1.52,Film Director
STU300017,20,M,undergraduate,science_pcb,cbse,48.81,73.82,45.0,76.17,3.17,3.5,2.3,1.59,2.54,5.0,2.68,1.47,3.34,2.32,2.17,Defence Officer (Indian Armed Forces)
STU140059,16,F,class_10,undecided,cbse,75.77,79.39,100.0,65.04,4.88,3.5,2.8,2.94,2.76,2.88,4.62,1.24,2.24,3.39,4.64,Chartered Accountant
STU340057,18,F,class_12,science_pcm,cbse,61.36,69.16,67.79,66.09,2.96,2.28,3.59,3.53,1.58,1.4,4.75,3.68,2.01,2.41,4.63,Airline Pilot
STU040054,15,F,class_10,vocational,cbse,57.56,54.44,84.06,44.63,3.18,4.02,3.46,3.61,1.3,3.44,3.82,1.4,2.75,1.92,3.32,Cybersecurity Analyst
STU230053,16,M,class_11,science_pcb,cbse,81.82,89.57,61.1,70.73,4.6,4.65,3.76,4.03,3.38,4.2,3.64,4.66,3.01,2.53,2.24,Graphic Designer
STU300045,16,M,class_11,science_pcm,cbse,83.4,13.79,74.4,92.66,3.75,3.22,4.6,2.65,1.88,3.84,3.61,4.5,3.64,3.16,3.3,Defence Officer (Indian Armed Forces)
STU030081,18,O,undergraduate,science_pcm,icse,85.92,82.0,78.45,80.68,4.28,4.46,3.89,2.55,2.64,2.99,3.98,2.79,3.14,2.45,4.2,AI/ML Engineer
STU130052,16,F,class_11,science_pcm,cbse,92.0,68.03,74.35,54.8,2.74,4.45,3.77,4.15,3.42,3.53,3.75,1.49,1.39,3.07,4.06,Physiotherapist
STU110026,14,F,class_9,science_pcm,state,80.14,93.5,81.34,59.12,3.06,3.79,3.6,4.69,2.94,2.44,4.88,2.54,3.81,3.43,2.68,Biomedical Engineer
STU160116,20,F,undergraduate,commerce,cbse,60.0,79.26,56.81,79.92,4.62,4.51,1.67,3.68,2.29,3.26,3.35,3.7,3.27,4.1,3.56,Management Consultant
STU300115,21,F,undergraduate,science_pcm,state,83.64,46.63,69.16,91.52,4.5,3.37,2.95,4.7,3.0,3.5,2.25,1.98,1.66,3.49,2.42,Defence Officer (Indian Armed Forces)
STU210053,14,M,class_9,commerce,state,81.08,71.03,61.87,43.37,3.32,4.27,2.54,5.0,1.3,1.44,2.86,3.58,3.78,3.1,2.87,Civil Lawyer
STU200035,16,F,class_10,arts,icse,78.69,85.38,53.21,71.88,3.76,3.83,4.4,3.75,1.55,1.62,3.17,2.62,4.9,5.0,4.09,Corporate Lawyer
STU160091,21,M,undergraduate,arts,icse,80.71,80.27,68.63,86.0,3.56,4.34,3.94,3.83,2.78,2.84,3.22,1.85,4.79,4.01,2.58,Management Consultant
STU030075,19,M,undergraduate,science_pcm,state,85.42,45.0,64.77,81.13,3.27,4.35,4.08,3.8,3.02,4.93,4.35,3.9,2.94,3.3,2.41,AI/ML Engineer
STU230107,18,F,class_12,arts,state,50.11,62.83,74.03,95.84,4.13,2.52,2.52,3.62,2.76,2.88,1.43,4.49,4.28,2.91,3.37,Graphic Designer
STU160132,16,F,class_10,commerce,cbse,66.72,77.86,76.75,47.9,3.19,3.51,5.0,4.49,2.66,1.91,3.24,4.18,3.82,4.37,3.42,Management Consultant
STU300050,20,M,undergraduate,commerce,icse,48.2,42.27,65.16,66.36,2.89,5.0,3.82,4.25,2.09,5.0,3.01,2.08,3.58,3.03,2.92,Defence Officer (Indian Armed Forces)
STU070040,16,F,class_11,science_pcm,icse,57.88,64.26,90.0,71.83,3.77,3.0,2.41,2.31,2.89,4.8,4.33,3.07,2.43,2.41,2.76,Civil Engineer
STU270121,17,M,class_12,arts,cbse,29.71,67.96,35.0,70.95,4.4,4.5,4.11,3.27,1.74,1.47,2.12,4.49,4.26,2.78,1.08,Film Director
STU290052,17,F,class_12,arts,state,86.89,76.74,92.53,87.28,4.78,4.28,4.97,4.46,2.8,4.39,2.0,1.17,4.46,2.63,2.23,IAS Officer
STU190100,14,M,class_9,science_pcm,icse,63.88,59.43,68.4,46.26,4.44,4.6,4.33,4.02,2.04,2.02,4.04,1.66,3.05,5.0,3.82,Entrepreneur
STU150048,17,M,class_12,commerce,cbse,16.98,60.53,99.0,55.18,1.54,5.0,4.7,1.83,3.66,2.07,1.41,3.0,4.95,4.62,3.46,Investment Banker
STU270086,16,F,class_10,science_pcm,cbse,55.76,79.49,49.99,84.16,4.88,3.94,3.41,4.07,2.25,1.31,2.52,4.67,2.69,3.22,1.61,Film Director
STU310134,17,F,class_12,science_pcm,cbse,90.97,73.87,76.95,71.52,4.08,4.64,4.2,3.43,2.89,3.46,4.26,2.22,4.45,4.26,2.83,Environmental Scientist
STU290104,17,M,class_12,science_pcm,state,96.87,85.53,81.96,75.93,5.0,4.0,4.57,5.0,3.8,4.74,4.03,2.92,4.0,4.49,4.67,IAS Officer
STU140119,15,M,class_10,arts,cbse,88.1,50.0,49.26,71.5,4.5,3.54,2.52,2.2,3.6,2.53,3.95,1.68,3.1,5.0,3.63,Chartered Accountant
STU040080,18,F,class_12,science_pcm,ib,90.42,77.52,92.76,52.94,3.55,4.68,3.58,3.31,1.41,3.64,3.86,1.96,1.95,3.62,3.86,Cybersecurity Analyst
STU260144,18,M,class_12,arts,icse,68.59,81.47,47.9,57.05,4.5,3.62,4.66,4.32,1.93,2.86,3.5,3.87,3.88,3.51,3.76,Journalist
STU050037,18,M,class_12,undecided,state,58.43,61.25,92.64,59.62,4.23,4.67,1.81,3.14,3.3,4.77,5.0,3.31,3.73,3.22,3.41,Cloud Architect
STU090070,16,F,class_11,science_pcb,state,82.94,63.72,65.17,59.89,3.68,5.0,4.85,3.76,2.07,4.08,3.69,1.39,3.99,3.41,3.47,Dentist
STU020036,18,F,class_12,science_pcm,cbse,93.81,73.28,53.51,78.61,3.01,3.68,2.06,3.34,3.32,3.44,5.0,2.2,2.57,2.85,3.22,Data Scientist
STU270087,17,F,class_12,arts,ib,58.65,96.0,64.56,99.0,4.32,2.98,4.03,4.43,3.43,3.09,1.66,3.98,2.68,4.5,1.15,Film Director
STU310014,18,F,class_12,science_pcm,state,93.51,72.62,81.28,81.33,4.23,4.54,3.55,3.44,3.8,2.56,4.08,2.56,4.38,2.87,2.53,Environmental Scientist
STU250005,16,M,class_11,arts,cbse,79.97,69.18,47.14,99.0,3.87,3.78,4.29,3.28,1.51,3.09,1.78,4.32,4.68,4.68,2.84,Fashion Designer
STU120148,19,O,undergraduate,undecided,state,69.98,68.5,62.0,52.58,2.74,4.87,4.5,4.54,3.31,3.82,4.07,1.65,5.0,1.48,1.19,Clinical Psychologist
STU200130,18,M,class_12,arts,cbse,67.33,71.85,86.43,40.39,2.74,3.45,3.12,2.44,2.93,1.58,3.8,1.74,3.34,4.02,4.11,Corporate Lawyer
STU100092,15,M,class_9,science_pcb,cbse,60.19,81.17,93.78,49.27,4.6,1.39,3.78,2.89,3.86,3.8,3.92,4.57,4.34,2.11,3.69,Pharmacist
STU240127,16,F,class_10,undecided,state,60.33,59.97,43.91,96.37,2.48,3.66,5.0,3.63,3.03,3.65,3.73,4.53,3.7,2.81,2.27,Architect
STU340024,18,M,undergraduate,commerce,state,79.88,43.67,67.26,63.41,3.07,4.51,4.1,2.1,3.68,3.87,3.36,4.33,3.37,4.38,3.61,Airline Pilot
STU110036,21,F,undergraduate,science_pcb,icse,82.11,87.56,50.42,46.7,3.44,4.61,2.73,2.31,2.87,4.04,3.69,3.42,3.9,2.64,3.7,Biomedical Engineer
STU240144,22,M,undergraduate,science_pcm,cbse,72.0,63.47,64.23,82.53,4.79,2.3,3.01,2.38,2.34,3.61,2.73,1.0,4.0,3.52,3.12,Architect
STU220039,18,O,class_12,arts,cbse,45.49,61.78,49.59,86.09,4.19,2.96,4.59,3.96,2.42,3.27,2.8,4.89,4.5,2.26,3.09,UX/UI Designer
STU090074,22,M,undergraduate,science_pcb,cbse,66.17,33.23,62.24,78.48,4.0,3.88,1.48,3.09,1.73,3.44,4.36,2.34,3.91,2.23,2.09,Dentist
STU170068,17,M,class_11,science_pcm,icse,67.15,58.11,92.0,69.13,4.55,5.0,4.24,3.23,3.43,2.76,3.15,2.83,3.34,3.49,3.53,Digital Marketing Manager
STU050008,16,M,class_11,science_pcm,state,68.97,58.76,65.21,58.32,4.76,4.0,2.63,2.81,3.14,3.86,4.14,1.84,1.49,2.14,3.41,Cloud Architect
STU240087,15,F,class_10,undecided,cbse,64.42,81.11,53.29,87.04,4.64,2.85,2.4,3.34,3.7,2.33,2.74,4.93,4.72,1.7,3.4,Architect
STU120063,18,M,class_12,arts,cbse,71.33,58.0,63.63,99.79,3.87,4.2,3.92,4.14,2.07,4.2,3.77,1.79,4.23,1.2,2.17,Clinical Psychologist
STU150100,21,F,undergraduate,commerce,state,78.41,49.08,82.23,49.69,4.1,4.65,2.97,1.0,3.89,3.72,3.53,5.0,3.96,4.17,3.8,Investment Banker
STU070056,16,M,class_11,vocational,icse,68.13,12.04,65.68,91.49,4.31,4.28,2.0,1.92,3.28,4.66,3.08,3.21,3.59,4.6,2.47,Civil Engineer
STU180030,19,F,undergraduate,science_pcm,cbse,94.0,86.06,70.87,46.2,2.96,5.0,4.96,2.8,2.15,2.61,4.09,1.5,2.82,4.11,2.83,Product Manager
STU320075,15,F,class_10,commerce,state,67.38,70.7,54.0,75.44,2.8,4.61,3.52,2.54,3.72,1.2,3.93,4.63,4.4,4.81,3.64,Sports Manager
STU310018,16,M,class_11,undecided,ib,82.85,83.75,88.86,95.87,4.88,4.31,4.23,3.36,2.83,3.76,3.05,4.1,5.0,3.69,2.4,Environmental Scientist
STU240080,18,F,undergraduate,science_pcm,cbse,68.0,77.89,49.92,62.0,4.01,4.24,3.48,2.87,2.0,1.2,1.0,4.83,4.43,1.87,3.33,Architect
STU320123,21,M,undergraduate,arts,icse,72.39,1.91,60.47,78.93,4.38,4.97,4.27,3.16,3.02,2.14,4.43,3.45,3.83,3.96,2.75,Sports Manager
STU030104,17,M,class_12,science_pcm,cbse,75.36,49.56,79.19,75.94,4.08,4.66,3.27,3.47,3.68,4.29,3.69,3.49,3.04,2.57,1.92,AI/ML Engineer
STU140122,21,F,undergraduate,arts,ib,98.1,16.3,94.34,40.74,2.84,5.0,4.16,4.05,3.31,2.0,4.79,2.62,1.4,4.52,3.9,Chartered Accountant
STU330054,18,M,class_12,commerce,icse,81.3,78.84,67.91,92.14,2.28,3.0,2.12,3.22,2.07,3.77,3.13,2.32,4.17,1.5,1.93,Chef / Culinary Arts
STU140028,17,F,class_12,commerce,icse,66.53,73.87,86.46,70.63,3.18,5.0,3.1,3.52,3.48,3.17,2.73,4.74,1.0,3.92,4.26,Chartered Accountant
STU020009,15,M,class_9,undecided,state,95.09,74.9,72.8,69.78,5.0,4.46,2.31,4.17,3.48,3.81,4.2,2.9,3.43,1.96,3.57,Data Scientist
STU120099,20,M,undergraduate,undecided,state,65.4,81.07,78.11,60.6,3.07,4.77,2.81,4.08,1.71,2.69,4.02,3.11,4.83,2.85,1.6,Clinical Psychologist
STU200060,18,M,class_12,commerce,state,51.95,75.45,90.0,45.76,4.05,4.59,4.53,4.01,3.06,1.1,1.19,1.83,3.03,4.12,3.54,Corporate Lawyer
STU250087,18,M,class_12,arts,cbse,40.33,60.91,74.04,47.43,4.69,4.7,3.47,3.24,1.4,4.05,2.91,4.47,3.17,3.12,2.78,Fashion Designer
STU070003,19,F,undergraduate,undecided,state,54.33,62.48,74.9,60.0,3.68,4.44,4.15,2.1,4.16,4.07,2.3,1.36,2.9,2.2,1.8,Civil Engineer
STU030053,16,O,class_11,vocational,cbse,68.85,46.32,69.0,73.08,4.29,3.58,3.08,4.28,3.7,2.7,4.56,2.18,2.15,1.6,3.25,AI/ML Engineer
STU090031,18,M,class_12,science_pcb,icse,75.15,78.04,77.2,65.22,3.82,3.96,3.59,4.43,3.3,2.37,4.78,2.77,1.62,3.19,2.4,Dentist
STU320117,18,F,undergraduate,arts,icse,79.63,71.83,78.84,61.18,4.3,4.83,3.6,3.56,3.56,1.6,3.76,3.46,4.27,3.65,4.44,Sports Manager
STU150041,17,M,class_12,commerce,icse,56.21,66.59,89.21,37.81,3.86,4.58,1.36,2.88,1.33,2.95,3.23,2.72,1.64,3.73,3.63,Investment Banker
STU030145,15,M,class_10,science_pcm,cbse,33.68,54.44,98.0,84.29,4.37,3.34,3.84,2.95,2.69,2.96,3.6,3.21,3.58,3.58,3.43,AI/ML Engineer
STU340098,18,M,class_12,science_pcm,icse,59.57,42.15,87.69,96.72,3.46,4.76,4.32,3.65,3.9,3.5,3.56,1.61,3.87,2.8,2.11,Airline Pilot
STU060005,20,F,undergraduate,vocational,state,68.15,41.07,70.12,89.7,2.0,3.34,3.34,4.7,2.32,3.92,3.0,4.03,1.33,2.39,2.23,Mechanical Engineer
STU120088,16,M,class_11,arts,cbse,55.0,78.51,78.58,54.01,3.67,3.75,3.61,3.82,1.32,3.5,4.5,1.28,4.1,2.79,2.12,Clinical Psychologist
STU200122,20,F,undergraduate,commerce,ib,63.0,85.24,50.4,49.46,2.7,4.81,3.03,4.32,3.72,2.16,3.13,3.09,3.56,3.5,2.91,Corporate Lawyer
STU340129,18,M,class_12,vocational,ib,80.51,71.19,78.64,62.98,2.11,3.74,4.16,2.1,4.08,4.66,2.27,3.99,1.2,3.87,3.21,Airline Pilot
STU200071,14,F,class_9,science_pcm,cbse,96.0,44.74,68.61,71.54,3.83,4.6,3.54,3.32,3.2,1.7,2.8,2.17,2.33,3.29,2.2,Corporate Lawyer
STU030012,20,F,undergraduate,science_pcm,icse,73.4,69.38,69.93,52.0,3.22,4.43,2.38,3.07,2.49,4.91,3.86,2.0,2.92,2.08,2.45,AI/ML Engineer
STU040099,18,F,class_12,science_pcm,cbse,78.79,63.44,73.73,52.36,2.65,3.1,4.01,3.41,1.93,3.85,4.39,3.25,3.8,3.0,1.96,Cybersecurity Analyst
STU050062,19,M,undergraduate,science_pcm,state,88.15,73.66,82.04,58.67,4.2,4.23,2.53,2.77,1.91,3.49,4.23,2.91,2.08,3.95,3.25,Cloud Architect
STU340071,14,M,class_9,science_pcm,cbse,80.17,51.0,61.4,96.48,2.66,4.42,2.49,4.33,3.05,3.51,2.96,3.11,1.41,4.2,2.75,Airline Pilot
STU140040,16,M,class_11,commerce,cbse,92.06,78.54,75.52,75.14,4.15,4.54,4.7,2.1,4.1,2.66,3.95,3.46,2.06,4.81,2.93,Chartered Accountant
STU030007,19,F,undergraduate,science_pcm,cbse,81.64,60.06,63.8,77.19,4.59,3.9,3.35,4.3,1.89,4.92,4.77,2.02,3.8,3.55,4.18,AI/ML Engineer
STU160086,19,O,undergraduate,science_pcm,cbse,60.0,66.9,85.4,97.77,1.51,3.85,3.85,4.41,4.76,1.34,3.68,2.92,3.34,4.22,1.38,Management Consultant
STU050095,16,O,class_11,vocational,cbse,68.0,31.69,69.98,75.31,4.49,4.26,2.02,3.37,2.12,1.88,3.66,3.51,2.34,1.86,1.6,Cloud Architect
STU160107,15,F,class_10,science_pcm,icse,72.16,75.94,60.77,82.17,2.13,5.0,4.59,2.51,3.63,1.29,3.01,5.0,3.83,4.36,3.94,Management Consultant
STU130128,16,M,class_11,science_pcm,ib,55.0,58.0,93.65,62.9,3.58,3.35,2.59,3.93,2.46,4.2,4.63,1.86,3.65,3.8,2.26,Physiotherapist
STU050085,19,F,undergraduate,science_pcm,state,96.58,33.46,33.76,52.0,4.68,3.75,3.23,2.2,3.61,4.72,4.29,2.8,2.74,2.39,3.15,Cloud Architect
STU050150,21,F,undergraduate,undecided,icse,74.55,59.6,88.36,69.37,4.27,3.98,3.91,3.93,2.64,5.0,3.78,3.36,2.19,2.56,3.75,Cloud Architect
STU250042,18,F,class_12,arts,cbse,47.42,62.99,36.01,72.57,4.52,3.64,3.28,2.49,2.96,3.25,3.29,5.0,3.35,3.21,1.99,Fashion Designer
STU230093,22,M,undergraduate,undecided,cbse,45.38,65.87,62.09,79.1,3.71,2.3,2.73,4.45,3.63,2.23,4.0,3.83,2.17,1.71,1.58,Graphic Designer
STU090067,17,F,class_11,science_pcb,cbse,59.41,95.72,77.3,64.18,3.87,2.7,3.22,4.4,1.68,3.44,4.26,2.52,3.47,2.11,2.98,Dentist
STU230132,18,F,class_12,arts,state,43.85,79.62,79.52,93.4,4.59,3.83,2.51,4.09,3.31,1.36,3.03,4.87,4.46,3.27,1.98,Graphic Designer
STU250098,15,M,class_10,arts,icse,58.52,89.45,64.57,66.95,4.41,4.41,2.21,3.06,1.4,1.79,2.72,3.9,3.45,2.35,2.51,Fashion Designer
STU310016,17,M,class_11,undecided,cbse,71.41,85.98,28.4,91.4,5.0,4.5,4.37,4.15,2.89,3.85,4.44,2.91,4.68,3.91,2.8,Environmental Scientist
STU150035,18,O,undergraduate,commerce,icse,82.78,86.63,93.17,75.52,4.27,4.65,2.47,3.96,3.01,5.0,3.92,3.5,2.35,4.79,4.35,Investment Banker
STU210084,15,M,class_10,undecided,icse,81.11,93.33,55.5,55.35,4.14,4.19,3.04,3.68,3.98,1.33,4.36,2.24,4.56,3.0,4.81,Civil Lawyer
STU210062,17,M,class_12,commerce,state,85.59,87.25,48.33,79.1,4.53,1.47,2.32,3.76,3.8,3.21,1.12,2.67,3.51,3.5,4.0,Civil Lawyer
STU210026,14,F,class_9,arts,cbse,63.0,98.05,34.65,47.02,2.88,3.89,4.39,2.66,2.9,2.35,2.82,3.51,3.22,4.65,3.15,Civil Lawyer
STU070071,14,M,class_9,science_pcm,icse,72.05,65.67,39.13,88.76,4.02,3.66,4.49,2.75,1.57,3.9,4.01,2.94,1.61,4.86,5.0,Civil Engineer
STU010014,17,M,class_11,science_pcm,cbse,74.1,52.68,90.76,58.14,3.86,3.76,2.41,2.57,3.43,3.75,3.8,2.81,1.74,2.4,4.2,Software Engineer
STU060124,17,F,class_12,science_pcm,cbse,58.78,73.09,80.66,80.18,3.6,4.75,4.87,4.13,2.81,5.0,3.8,3.91,1.2,1.88,2.81,Mechanical Engineer
STU060059,16,F,class_11,science_pcm,cbse,88.0,100.0,67.55,27.02,3.03,3.0,4.24,2.54,2.62,4.13,2.96,1.59,1.59,3.61,1.8,Mechanical Engineer
STU220049,14,M,class_9,science_pcm,cbse,42.0,79.6,54.94,85.51,4.68,4.12,4.9,4.62,3.81,2.4,3.01,4.71,3.29,4.34,3.5,UX/UI Designer
STU040065,16,M,class_11,science_pcm,cbse,75.0,82.0,98.0,90.0,4.62,3.66,2.8,3.23,2.84,3.39,4.21,3.41,2.47,3.24,4.15,Cybersecurity Analyst
STU330040,21,M,undergraduate,vocational,cbse,53.23,44.73,67.05,75.95,3.64,4.4,3.08,4.08,2.74,4.0,3.61,2.7,3.18,4.6,4.62,Chef / Culinary Arts
STU030110,19,F,undergraduate,science_pcm,cbse,73.98,51.27,72.16,78.24,2.5,4.13,2.56,2.67,1.58,3.02,4.06,2.91,3.74,2.65,3.76,AI/ML Engineer
STU240108,17,F,class_12,commerce,ib,64.41,61.19,35.0,84.33,4.67,3.34,3.91,2.61,2.7,1.29,1.8,5.0,2.3,3.6,1.96,Architect
STU300083,14,F,class_9,commerce,ib,59.62,54.69,65.42,63.85,4.09,4.09,3.69,4.48,3.7,4.93,2.55,2.79,2.11,4.6,1.8,Defence Officer (Indian Armed Forces)
STU020058,17,M,class_11,science_pcm,cbse,68.0,54.8,75.82,67.21,4.8,3.1,3.09,4.01,3.07,4.62,4.75,1.71,2.57,3.74,3.67,Data Scientist
STU330090,15,M,class_9,arts,ib,70.19,47.02,79.42,72.86,2.0,3.02,3.7,2.08,3.22,1.69,2.73,1.47,3.79,2.27,3.44,Chef / Culinary Arts
STU040009,15,F,class_10,science_pcm,cbse,71.3,56.22,72.58,71.73,3.49,3.1,2.43,3.45,2.5,4.37,3.84,3.32,3.42,3.49,3.81,Cybersecurity Analyst
STU250024,16,M,class_11,science_pcm,cbse,76.62,96.0,66.89,62.0,3.9,4.04,2.91,4.8,4.9,1.53,3.52,1.37,4.62,1.99,2.05,Fashion Designer
STU170031,17,O,class_12,science_pcm,icse,43.7,67.07,73.5,43.56,3.24,4.52,4.87,4.52,2.79,2.27,1.0,4.3,4.11,4.2,3.02,Digital Marketing Manager
STU260070,20,F,undergraduate,arts,state,69.69,94.86,65.06,66.71,3.75,3.94,3.52,2.27,3.62,2.8,2.17,4.86,4.17,4.27,3.55,Journalist
STU010111,15,F,class_10,commerce,state,90.31,80.07,89.12,85.48,3.0,4.44,2.17,3.74,2.22,4.68,1.86,2.86,2.59,2.03,2.57,Software Engineer
STU270010,22,M,undergraduate,arts,icse,79.4,72.78,94.12,85.12,4.92,3.41,3.67,4.39,2.56,1.88,2.76,4.19,4.99,4.51,2.73,Film Director
STU080058,22,F,undergraduate,science_pcb,cbse,80.34,83.43,92.13,47.97,2.87,4.28,3.01,4.56,3.86,1.58,4.49,1.85,4.79,2.96,2.49,Doctor (MBBS)
STU130084,15,O,class_9,science_pcb,cbse,60.26,82.58,84.98,54.31,3.66,4.57,2.25,4.48,2.07,4.2,3.68,3.54,3.92,4.79,3.46,Physiotherapist
STU120064,15,M,class_10,undecided,state,72.23,57.24,73.98,45.0,2.81,4.85,3.47,3.5,2.98,3.21,3.5,2.82,4.58,1.94,1.79,Clinical Psychologist
STU090088,21,M,undergraduate,science_pcm,cbse,56.22,95.84,81.62,45.3,2.52,4.22,2.81,5.0,2.41,2.9,3.58,1.87,3.8,1.54,1.94,Dentist
STU240099,15,F,class_10,science_pcm,cbse,49.08,80.25,95.04,72.43,3.93,4.7,3.1,1.88,4.5,1.67,3.59,4.6,5.0,4.99,2.65,Architect
STU040103,18,M,undergraduate,science_pcm,state,90.43,74.38,54.38,60.29,2.96,3.13,2.89,3.83,4.81,3.29,4.79,3.76,2.32,2.67,3.8,Cybersecurity Analyst
STU100090,18,O,class_12,science_pcm,state,84.08,96.64,89.71,51.03,4.6,4.46,4.12,3.19,2.6,4.2,4.53,2.98,4.34,3.1,3.44,Pharmacist
STU160021,17,M,class_12,science_pcm,cbse,83.09,77.08,71.16,79.13,3.7,4.16,4.75,2.74,4.2,2.97,2.37,2.69,3.05,4.5,4.53,Management Consultant
STU210145,17,F,class_12,arts,cbse,69.08,78.89,73.7,39.89,4.8,3.97,4.25,2.41,2.03,1.79,1.98,2.69,3.92,3.55,2.66,Civil Lawyer
STU190122,16,F,class_11,undecided,cbse,74.55,69.47,74.62,76.48,4.41,4.02,3.54,4.12,1.47,3.3,3.5,4.26,1.97,4.86,4.7,Entrepreneur
STU330080,16,F,class_10,commerce,cbse,61.09,69.21,88.25,87.94,3.85,4.02,4.08,2.65,2.94,4.48,3.13,4.37,3.83,2.5,2.38,Chef / Culinary Arts
STU130126,15,M,class_10,science_pcb,cbse,47.94,61.24,91.07,70.47,4.56,1.84,3.12,3.78,1.26,2.39,4.52,2.59,3.95,3.56,3.59,Physiotherapist
STU050035,21,M,undergraduate,commerce,cbse,45.69,65.11,73.48,67.99,4.12,3.42,3.55,3.9,3.14,5.0,3.86,3.14,3.8,4.0,3.97,Cloud Architect
STU330104,21,F,undergraduate,arts,state,51.96,54.31,55.66,84.88,3.69,4.41,3.45,4.31,3.87,4.12,3.04,2.72,1.32,4.6,3.97,Chef / Culinary Arts
STU030017,17,F,class_12,science_pcm,cbse,95.19,60.09,89.63,53.25,3.79,4.12,2.14,2.47,3.7,1.64,3.95,2.61,3.07,3.95,2.32,AI/ML Engineer
STU290105,18,M,class_12,commerce,cbse,74.79,83.08,84.97,70.0,4.6,4.85,3.0,4.0,3.68,2.66,3.23,3.36,4.76,4.16,2.66,IAS Officer
STU320147,17,M,class_12,commerce,icse,60.0,79.26,56.63,41.61,4.66,1.04,3.84,3.67,1.93,1.2,3.45,2.69,4.2,4.23,4.89,Sports Manager
STU090129,17,F,class_12,science_pcb,icse,68.88,63.28,68.56,82.2,3.28,4.87,2.2,5.0,3.54,2.71,4.81,1.98,4.28,1.69,3.08,Dentist
STU030128,14,M,class_9,science_pcm,icse,46.45,52.56,81.54,55.09,3.87,4.33,3.31,4.04,2.82,4.94,4.47,3.53,1.58,2.24,2.83,AI/ML Engineer
STU240074,16,M,class_11,commerce,cbse,45.04,53.5,38.88,75.25,4.61,2.37,3.63,2.46,3.6,2.98,2.85,4.67,4.42,3.33,2.44,Architect
STU010106,21,M,undergraduate,vocational,cbse,70.0,79.8,76.58,68.31,4.97,4.68,3.29,3.14,2.03,3.8,3.82,2.01,3.13,2.66,4.05,Software Engineer
STU210042,15,O,class_9,arts,icse,92.9,78.28,76.87,75.34,3.33,3.82,3.28,3.79,1.56,3.1,4.73,3.95,4.9,3.64,3.42,Civil Lawyer
STU010143,16,F,class_10,science_pcm,icse,95.75,69.25,81.16,61.64,4.06,3.95,2.5,4.7,1.96,3.05,3.05,2.18,2.14,4.21,3.49,Software Engineer
STU150070,17,F,class_12,commerce,state,73.32,86.2,85.75,60.15,3.65,3.6,4.52,2.1,3.95,3.49,2.44,4.0,4.0,2.88,1.32,Investment Banker
STU280140,15,F,class_9,arts,state,68.26,81.03,50.64,46.7,4.94,4.14,4.16,4.97,3.65,1.12,2.65,3.74,3.49,3.09,3.4,Content Writer
STU010090,15,F,class_10,science_pcm,cbse,84.41,48.13,73.66,57.4,3.62,4.03,4.1,3.61,4.07,3.95,3.61,2.82,2.6,3.46,2.91,Software Engineer
STU200069,20,M,undergraduate,commerce,icse,66.61,80.64,14.66,52.53,4.45,3.3,3.6,3.57,1.67,3.62,2.78,3.14,3.71,3.34,2.2,Corporate Lawyer
STU220088,17,F,class_11,arts,ib,58.68,62.01,56.95,79.42,4.0,3.22,4.64,3.62,1.55,3.17,3.83,4.33,1.67,3.07,3.5,UX/UI Designer
STU150142,18,F,class_12,science_pcm,cbse,65.21,75.21,78.27,40.0,4.32,4.23,2.58,2.96,2.62,3.27,3.54,3.17,3.93,4.6,2.64,Investment Banker
STU220025,18,F,class_12,arts,cbse,64.53,50.82,73.07,72.59,4.72,4.12,2.69,3.94,3.36,3.92,3.52,4.18,4.1,4.77,2.7,UX/UI Designer
STU250116,19,M,undergraduate,arts,icse,74.8,85.83,69.12,72.91,3.94,4.19,2.65,3.25,3.66,3.29,3.31,4.1,4.45,3.98,1.78,Fashion Designer
STU150064,18,F,class_12,science_pcm,cbse,84.71,61.77,72.0,77.0,3.18,4.69,4.68,1.52,3.68,3.3,2.94,2.61,2.76,4.26,4.93,Investment Banker
STU180087,16,F,class_11,science_pcm,icse,70.92,68.05,79.98,41.93,3.46,3.65,4.71,2.89,1.93,2.58,3.54,2.7,4.8,4.9,3.76,Product Manager
STU130150,14,F,class_9,science_pcb,icse,85.91,80.6,89.53,56.29,3.07,4.69,4.38,4.05,1.77,1.8,4.91,1.65,4.14,2.5,4.05,Physiotherapist
STU120119,21,F,undergraduate,undecided,state,77.53,94.17,87.07,46.25,3.4,3.4,2.35,4.07,2.65,3.81,4.02,3.68,4.24,1.5,3.08,Clinical Psychologist
STU230130,16,M,class_10,undecided,state,61.34,49.59,45.33,92.52,2.52,3.58,4.15,3.13,4.5,1.74,2.97,4.03,5.0,2.46,1.99,Graphic Designer
STU160023,16,F,class_11,commerce,cbse,91.88,82.69,74.58,43.64,4.18,4.86,1.88,3.85,1.74,2.27,2.63,3.17,4.9,3.84,4.7,Management Consultant
STU010002,16,F,class_11,science_pcm,icse,40.28,45.0,91.9,82.69,4.48,4.21,3.29,3.82,3.57,3.0,4.16,3.23,1.5,3.24,2.69,Software Engineer
STU230129,16,M,class_10,arts,cbse,50.71,64.04,37.33,87.48,3.77,4.35,3.33,3.93,2.13,2.93,3.03,4.99,3.94,2.8,2.47,Graphic Designer
STU340107,17,M,class_12,arts,state,59.8,48.25,72.99,67.18,1.71,4.73,2.0,1.98,1.96,4.17,3.27,1.92,3.32,2.75,3.52,Airline Pilot
STU140002,22,M,undergraduate,commerce,icse,72.32,77.51,95.92,80.0,2.63,5.0,3.32,2.1,1.45,3.69,4.27,2.04,2.05,2.4,4.15,Chartered Accountant
STU070036,21,F,undergraduate,science_pcm,cbse,74.45,56.42,65.5,92.54,4.61,4.2,1.16,2.89,1.91,4.42,3.51,2.68,3.0,2.67,3.16,Civil Engineer
STU300037,17,F,class_12,arts,cbse,69.41,45.32,77.61,74.5,3.02,3.27,3.63,4.7,1.46,3.83,2.16,2.47,1.7,3.98,1.8,Defence Officer (Indian Armed Forces)
STU190021,18,F,class_12,arts,cbse,77.55,83.99,86.31,56.88,4.52,3.1,4.55,2.6,1.48,2.23,3.06,4.3,4.9,3.91,4.38,Entrepreneur
STU250039,15,M,class_10,arts,cbse,58.12,74.69,54.46,95.39,4.44,4.54,2.4,4.85,1.7,2.66,1.97,4.05,3.61,2.89,1.58,Fashion Designer
STU080060,18,O,undergraduate,science_pcm,cbse,70.36,100.0,100.0,71.7,4.07,3.61,2.73,3.99,2.94,3.82,3.68,2.96,4.4,2.67,3.24,Doctor (MBBS)
STU330148,16,F,class_11,vocational,cbse,56.4,45.74,47.5,85.87,3.89,3.24,2.92,3.06,2.16,3.7,3.66,3.0,1.2,3.33,3.72,Chef / Culinary Arts
STU040142,20,F,undergraduate,science_pcm,icse,30.03,84.07,75.33,54.79,4.9,1.6,3.36,3.87,3.42,3.15,3.91,2.9,3.59,2.9,2.42,Cybersecurity Analyst
STU120046,19,F,undergraduate,commerce,icse,61.9,58.0,84.3,65.6,2.5,4.35,2.5,4.18,2.77,2.95,3.62,4.4,3.62,2.94,2.9,Clinical Psychologist
STU280118,14,F,class_9,arts,state,53.12,97.01,50.76,79.87,4.57,4.6,4.41,4.72,1.66,2.91,2.38,3.49,4.01,2.67,1.0,Content Writer
STU200087,17,M,class_12,arts,state,26.18,88.5,64.61,48.24,3.89,4.51,3.03,3.61,4.02,2.11,4.58,1.71,3.2,3.54,4.86,Corporate Lawyer
STU290092,18,F,undergraduate,commerce,state,85.98,94.75,96.59,98.08,3.48,4.25,3.0,3.3,4.68,4.4,4.21,3.01,4.0,1.42,3.16,IAS Officer
STU240111,18,F,undergraduate,commerce,cbse,97.86,84.24,54.36,90.75,4.26,4.2,3.75,4.74,3.14,2.65,1.73,4.23,2.3,3.67,2.1,Architect
STU110077,18,F,class_12,undecided,icse,85.09,70.11,41.64,55.29,3.65,4.18,2.43,3.71,1.93,3.86,4.17,1.52,3.92,2.92,1.69,Biomedical Engineer
STU080062,19,M,undergraduate,science_pcb,ib,74.48,77.65,80.49,85.34,2.52,3.44,3.01,3.96,3.16,3.34,4.59,3.25,2.88,1.67,3.76,Doctor (MBBS)
STU020064,18,M,class_12,science_pcm,icse,84.31,85.18,93.19,65.01,4.2,1.0,3.88,2.26,2.77,3.98,2.22,1.76,2.1,4.0,2.27,Data Scientist
STU060029,17,M,class_12,science_pcm,cbse,81.92,36.77,76.07,94.84,2.85,4.49,3.72,3.84,1.98,5.0,2.14,3.29,4.11,4.49,4.04,Mechanical Engineer
STU100066,17,F,class_11,science_pcm,ib,29.81,69.17,77.43,53.85,2.76,4.37,2.75,3.96,1.79,3.83,4.49,2.71,3.93,2.02,2.48,Pharmacist
STU270133,19,F,undergraduate,arts,cbse,64.62,48.0,68.39,64.89,3.7,2.67,2.41,3.95,1.41,2.35,3.81,4.7,4.72,2.0,2.36,Film Director
STU140094,19,F,undergraduate,commerce,icse,86.77,75.87,100.0,60.96,2.96,3.65,2.32,3.43,3.95,1.56,3.44,3.42,3.81,4.26,5.0,Chartered Accountant
STU190149,16,M,class_10,vocational,cbse,73.46,90.73,87.77,72.11,3.69,3.86,3.77,4.47,3.7,2.07,3.88,2.38,3.27,4.71,3.64,Entrepreneur
STU310131,21,M,undergraduate,science_pcb,state,98.55,95.4,78.36,73.36,3.89,4.47,4.91,4.8,2.41,3.75,3.37,3.21,4.49,1.0,4.42,Environmental Scientist
STU250058,18,F,class_12,commerce,icse,75.17,58.13,52.73,90.84,4.07,2.9,3.66,2.47,3.35,3.2,1.69,4.16,4.39,3.96,2.13,Fashion Designer
STU270081,17,M,class_11,arts,cbse,50.72,61.81,56.19,66.66,4.99,3.49,4.05,2.2,3.6,2.03,1.47,3.8,3.11,4.05,3.09,Film Director
STU110068,17,F,class_11,science_pcb,cbse,88.54,75.61,70.58,54.45,5.0,4.9,3.08,3.95,3.47,3.31,4.01,1.98,4.61,4.59,3.77,Biomedical Engineer
STU020016,18,M,undergraduate,science_pcm,icse,93.3,72.42,87.14,82.83,3.84,4.6,3.64,2.33,3.3,3.6,3.61,3.04,1.35,3.07,3.52,Data Scientist
STU330012,16,M,class_11,arts,cbse,51.54,35.0,45.0,79.21,3.88,3.29,3.09,3.99,3.35,4.12,2.22,3.87,3.83,1.93,4.46,Chef / Culinary Arts
STU250140,20,F,undergraduate,arts,ib,47.2,74.97,45.05,80.74,4.41,2.61,2.92,3.81,3.5,4.2,2.99,4.68,2.75,4.42,2.44,Fashion Designer
STU340076,17,F,class_12,science_pcm,state,64.31,39.69,52.87,83.24,3.32,3.94,4.27,3.56,1.96,4.46,4.37,4.15,1.2,4.67,3.85,Airline Pilot
STU090144,19,F,undergraduate,science_pcb,cbse,55.0,89.39,89.22,79.34,2.92,3.94,4.0,1.3,3.72,3.32,3.64,3.01,4.33,3.04,3.61,Dentist
STU140064,15,F,class_9,commerce,cbse,84.07,66.12,93.53,89.58,3.39,3.81,3.15,4.4,3.89,2.99,3.76,1.28,1.82,3.84,4.27,Chartered Accountant
STU020124,21,M,undergraduate,science_pcm,cbse,85.97,45.0,80.19,85.9,3.36,3.43,2.22,4.18,2.7,4.21,3.94,2.63,1.46,3.41,1.7,Data Scientist
STU010072,18,F,undergraduate,science_pcm,state,70.0,75.26,85.94,73.43,4.28,3.83,1.8,3.27,3.27,3.36,4.71,3.17,1.93,1.93,3.76,Software Engineer
STU280011,16,F,class_10,arts,state,48.56,78.98,44.93,37.95,3.76,2.6,4.87,3.34,4.38,2.44,4.71,4.53,4.98,3.87,3.24,Content Writer
STU080038,17,F,class_12,science_pcb,state,79.68,60.53,77.4,70.65,3.82,4.7,3.89,3.82,3.48,2.21,4.54,1.66,3.42,1.63,3.53,Doctor (MBBS)
STU030095,18,M,class_12,science_pcb,cbse,86.84,90.95,68.09,89.22,3.65,4.38,3.13,2.31,1.8,4.29,4.22,3.46,3.37,3.01,2.09,AI/ML Engineer
STU040134,15,F,class_9,undecided,state,71.39,50.29,70.97,81.54,3.6,3.73,2.68,4.22,3.45,4.36,4.67,3.53,3.72,2.17,1.7,Cybersecurity Analyst
STU100018,15,F,class_9,science_pcb,cbse,61.35,88.62,81.81,53.32,3.42,3.34,4.02,3.96,3.52,4.2,1.0,2.75,4.03,2.76,2.89,Pharmacist
STU340138,17,M,class_12,science_pcm,state,62.24,44.55,56.52,67.45,2.57,4.08,2.64,2.9,3.16,4.37,2.71,1.3,4.4,1.99,2.77,Airline Pilot
STU320089,18,M,undergraduate,arts,state,86.26,95.0,64.94,74.0,2.73,4.91,5.0,2.36,1.93,2.41,2.11,3.44,2.75,4.27,2.51,Sports Manager
STU170149,18,M,class_12,commerce,icse,64.72,56.33,55.07,75.37,3.97,3.81,4.27,4.55,2.57,3.45,3.17,1.88,2.53,3.57,4.7,Digital Marketing Manager
STU070114,15,F,class_10,science_pcm,cbse,78.53,72.14,85.72,65.19,2.84,3.51,4.15,4.48,1.13,5.0,4.06,1.4,3.13,3.34,3.06,Civil Engineer
STU340047,14,M,class_9,science_pcm,ib,80.81,58.91,64.65,60.0,3.13,4.82,3.24,3.2,4.07,4.37,3.79,2.7,2.43,3.26,2.62,Airline Pilot
STU210004,18,F,class_12,science_pcm,cbse,75.18,94.14,83.43,77.5,3.41,4.39,2.96,4.98,2.5,1.79,3.98,2.78,2.8,3.21,3.22,Civil Lawyer
STU330087,22,M,undergraduate,undecided,cbse,82.61,47.95,82.38,64.51,2.11,4.56,2.86,2.55,1.1,4.26,2.91,2.77,2.04,4.55,3.24,Chef / Culinary Arts
STU120052,18,F,class_12,arts,icse,87.5,93.62,32.29,54.04,4.06,3.69,3.5,3.78,1.2,2.35,4.26,2.82,3.4,1.43,4.3,Clinical Psychologist
STU250085,15,F,class_9,arts,state,79.28,62.63,42.77,94.57,3.97,2.56,2.74,4.75,1.1,2.03,3.03,4.91,3.17,1.0,3.18,Fashion Designer
STU120114,21,F,undergraduate,science_pcb,cbse,59.14,69.65,72.77,52.62,2.93,3.38,4.32,1.34,2.95,2.53,4.09,1.88,3.09,1.46,3.24,Clinical Psychologist
STU130076,22,F,undergraduate,science_pcb,state,91.01,97.0,81.02,73.15,3.28,4.93,5.0,5.0,1.47,2.31,4.24,1.24,3.67,1.2,2.33,Physiotherapist
STU090060,17,M,class_11,undecided,cbse,59.38,71.78,82.1,66.8,3.25,4.15,3.79,3.86,3.45,2.53,4.12,2.69,4.5,3.17,2.83,Dentist
STU230045,20,F,undergraduate,arts,icse,42.0,70.45,62.32,90.8,4.55,3.36,3.96,1.46,1.0,1.6,3.19,4.13,2.8,4.35,3.42,Graphic Designer
STU310124,20,M,undergraduate,science_pcm,state,80.57,76.88,93.53,78.81,5.0,4.83,3.27,3.19,2.68,2.65,2.8,1.98,4.11,3.72,3.65,Environmental Scientist
STU160004,16,M,class_11,commerce,ib,89.27,92.13,58.38,70.26,3.89,3.48,3.4,3.97,3.69,1.7,3.28,3.48,5.0,5.0,4.01,Management Consultant
STU190082,14,M,class_9,science_pcb,icse,81.08,79.29,63.25,86.0,4.57,3.7,3.35,4.54,1.23,3.1,2.23,2.26,4.22,4.24,4.38,Entrepreneur
STU260001,18,F,undergraduate,undecided,cbse,78.19,87.03,39.94,51.63,4.78,3.85,5.0,3.38,2.42,1.13,2.75,3.5,4.29,4.8,1.2,Journalist
STU040077,20,M,undergraduate,commerce,cbse,84.38,52.76,88.05,52.3,3.43,3.15,2.49,2.2,1.3,3.11,4.73,2.73,1.45,2.4,2.47,Cybersecurity Analyst
STU240121,17,F,class_11,science_pcm,state,79.7,77.71,35.0,85.02,4.96,3.68,3.74,3.35,2.06,4.2,1.5,4.06,4.77,4.37,1.18,Architect
STU200097,20,O,undergraduate,undecided,state,91.31,98.96,76.08,55.71,2.72,4.63,3.53,4.17,1.92,3.26,4.58,3.36,4.62,3.26,3.72,Corporate Lawyer
STU030078,18,M,undergraduate,undecided,cbse,80.96,76.24,80.32,53.77,4.7,4.64,2.46,3.22,3.67,3.11,4.14,1.98,3.2,1.72,3.12,AI/ML Engineer
STU110060,14,M,class_9,science_pcm,cbse,80.54,67.11,38.23,71.95,3.26,4.09,4.01,3.51,2.27,3.89,2.12,3.33,4.7,3.27,4.53,Biomedical Engineer
STU270089,17,F,class_11,arts,state,61.59,61.05,54.8,95.39,4.04,4.7,2.4,4.41,2.41,3.71,3.01,4.84,2.89,3.28,1.53,Film Director
STU140014,17,F,class_11,arts,cbse,82.21,63.26,87.04,76.23,4.5,4.35,2.84,3.82,1.3,2.13,3.76,2.77,2.07,4.23,3.7,Chartered Accountant
STU330031,17,M,class_11,vocational,cbse,43.03,45.84,60.64,93.63,3.62,3.71,3.07,4.39,3.47,3.81,4.14,3.6,1.7,1.5,2.74,Chef / Culinary Arts
STU030049,19,F,undergraduate,science_pcm,ib,70.84,74.7,83.69,80.41,3.59,3.92,3.68,2.85,3.02,3.84,3.8,3.16,2.09,3.39,4.2,AI/ML Engineer
STU170035,18,M,class_12,undecided,state,72.84,72.62,64.36,71.66,4.47,4.4,3.61,2.39,1.59,2.81,2.6,2.98,4.9,4.54,2.0,Digital Marketing Manager
STU150147,16,M,class_11,commerce,icse,63.0,59.06,80.56,57.35,2.2,4.27,2.0,4.28,3.7,1.4,2.77,3.06,3.18,3.9,3.87,Investment Banker
STU290053,15,M,class_9,arts,state,30.97,87.53,85.17,84.87,3.68,4.05,4.5,3.16,3.16,4.5,3.59,2.11,4.28,3.97,4.29,IAS Officer
STU120060,14,M,class_9,arts,state,60.09,76.74,80.3,64.06,4.28,3.41,2.92,4.62,2.16,2.11,4.35,3.07,3.85,3.19,2.9,Clinical Psychologist
STU080001,17,F,class_12,science_pcb,cbse,69.29,84.59,86.6,75.41,3.83,2.06,2.81,3.95,1.66,2.28,3.5,1.25,4.83,1.5,1.7,Doctor (MBBS)
STU040141,18,F,undergraduate,commerce,icse,77.47,76.32,96.57,78.96,3.46,4.13,2.03,3.77,3.7,5.0,3.6,2.43,3.8,3.52,3.63,Cybersecurity Analyst
STU040070,18,F,class_12,science_pcm,state,89.49,73.14,65.0,79.03,4.9,4.34,3.8,4.3,2.7,3.83,4.08,3.36,1.92,2.75,4.19,Cybersecurity Analyst
STU230081,16,M,class_11,undecided,state,42.0,87.78,64.22,78.52,4.12,4.1,2.4,3.62,4.03,3.18,3.46,3.8,2.82,1.85,3.38,Graphic Designer
STU310087,18,M,undergraduate,science_pcm,cbse,72.08,75.59,75.2,76.98,3.39,4.45,4.87,2.84,1.74,2.33,3.16,3.65,4.5,4.23,2.87,Environmental Scientist
STU290127,18,F,undergraduate,arts,cbse,38.5,76.96,74.15,75.17,4.66,4.79,4.77,4.88,1.9,2.84,4.47,1.32,4.3,4.87,4.2,IAS Officer
STU170078,17,M,class_11,commerce,cbse,61.94,88.66,61.02,82.28,4.52,3.85,5.0,3.21,3.73,1.99,3.56,2.32,4.45,4.48,4.52,Digital Marketing Manager
STU080034,16,M,class_11,science_pcb,state,91.73,85.6,70.79,66.8,3.47,4.17,2.74,4.38,1.69,2.77,3.62,2.99,4.04,2.04,4.01,Doctor (MBBS)
STU330070,20,F,undergraduate,arts,icse,71.95,57.86,63.14,88.08,2.8,4.11,2.64,2.84,1.36,3.77,4.2,3.95,2.66,2.7,4.07,Chef / Culinary Arts
STU330077,16,O,class_11,vocational,icse,88.0,48.43,65.1,73.9,3.98,3.0,2.87,3.43,2.62,2.29,4.01,4.2,3.23,4.19,4.8,Chef / Culinary Arts
STU310103,18,M,class_12,science_pcb,state,98.7,83.34,89.11,84.94,3.59,4.04,3.17,2.4,2.49,2.68,5.0,2.08,4.7,4.33,3.51,Environmental Scientist
STU090095,14,M,class_9,science_pcb,state,58.11,93.53,72.79,68.01,4.2,4.84,3.69,4.35,2.72,3.86,4.6,1.97,4.55,3.21,2.78,Dentist
STU130010,17,M,class_11,science_pcb,state,87.68,88.81,65.71,63.13,4.07,3.78,2.2,4.15,1.69,3.74,4.29,3.02,3.69,2.08,3.23,Physiotherapist
STU060042,18,F,class_12,science_pcm,cbse,48.0,68.94,48.86,90.92,2.71,3.29,2.78,2.66,3.54,4.49,3.65,3.37,1.2,3.06,1.88,Mechanical Engineer
STU060043,19,F,undergraduate,science_pcm,cbse,77.8,74.17,35.64,83.75,2.62,4.23,2.62,3.6,2.61,3.88,3.4,2.86,2.72,2.39,3.06,Mechanical Engineer
STU330067,14,F,class_9,vocational,ib,31.8,100.0,54.79,83.83,3.2,4.56,2.73,3.69,2.37,4.71,3.2,2.9,4.4,4.46,2.35,Chef / Culinary Arts
STU130056,16,F,class_10,science_pcb,cbse,82.2,65.03,62.0,45.0,4.22,1.47,2.44,3.61,1.92,3.09,4.42,3.5,3.88,2.75,3.05,Physiotherapist
STU330056,16,M,class_11,undecided,state,51.68,72.44,48.46,91.55,4.08,4.29,4.6,3.85,2.14,4.83,3.66,3.86,4.4,3.95,4.11,Chef / Culinary Arts
STU140031,19,M,undergraduate,commerce,cbse,85.97,62.93,92.71,50.74,3.88,4.29,3.39,3.07,4.1,3.02,3.89,2.4,2.97,3.41,4.43,Chartered Accountant
STU220084,17,M,class_11,commerce,icse,42.0,56.11,46.58,72.8,4.38,2.92,3.49,4.08,2.56,1.2,2.31,4.98,5.0,2.9,3.5,UX/UI Designer
STU280032,17,M,class_11,commerce,icse,60.72,73.12,73.47,85.0,3.69,3.54,4.51,4.59,3.09,1.72,2.72,4.6,3.62,3.18,2.42,Content Writer
STU240085,18,M,class_12,undecided,cbse,82.39,58.87,54.21,62.0,4.6,4.46,3.11,3.96,3.27,1.2,3.09,3.91,3.77,3.36,1.66,Architect
STU230029,18,F,undergraduate,arts,state,42.05,46.26,97.7,71.84,4.21,2.04,3.23,2.34,4.64,3.78,1.44,4.64,2.58,4.71,3.16,Graphic Designer
STU110031,19,M,undergraduate,undecided,state,72.01,70.2,70.64,56.88,4.6,3.54,2.2,4.27,2.11,4.5,4.21,4.45,3.33,1.85,3.21,Biomedical Engineer
STU100061,15,F,class_10,science_pcb,state,82.9,83.34,79.06,45.0,4.6,3.52,4.28,3.79,1.88,2.14,4.12,2.66,4.87,3.27,3.85,Pharmacist
STU300035,18,F,class_12,science_pcm,icse,68.1,50.26,60.46,67.68,3.17,4.31,2.83,2.43,1.71,3.5,2.22,3.69,2.76,4.17,3.03,Defence Officer (Indian Armed Forces)
STU340005,15,F,class_9,science_pcm,ib,67.01,56.29,76.19,70.17,3.89,4.58,2.36,3.31,1.79,4.92,4.29,3.99,2.56,1.94,3.02,Airline Pilot
STU010084,18,F,class_12,science_pcm,cbse,85.08,82.0,67.18,57.47,4.56,3.14,2.91,3.28,2.82,3.33,4.41,2.4,2.85,2.55,2.4,Software Engineer
STU060119,21,F,undergraduate,science_pcm,cbse,70.6,73.92,58.21,88.71,4.24,4.86,2.59,3.99,3.46,4.6,4.1,4.13,4.66,2.69,3.74,Mechanical Engineer
STU160101,16,F,class_11,commerce,icse,61.53,95.0,65.77,95.44,3.74,3.37,3.95,2.58,2.46,2.31,3.66,1.79,4.77,5.0,2.47,Management Consultant
STU010021,14,F,class_9,commerce,cbse,57.49,38.92,80.85,52.0,4.4,4.36,3.78,5.0,2.51,3.02,1.85,1.64,2.45,3.71,1.7,Software Engineer
STU240124,15,F,class_10,arts,cbse,54.37,48.0,70.99,78.34,5.0,2.36,3.73,3.79,2.63,3.02,2.8,4.78,5.0,4.48,1.49,Architect
STU190096,14,F,class_9,arts,cbse,73.07,68.55,86.49,82.58,4.09,3.37,4.05,3.14,2.01,3.26,3.73,4.3,2.23,5.0,4.61,Entrepreneur
STU240004,20,F,undergraduate,science_pcm,icse,50.86,48.5,69.52,62.0,4.14,3.91,2.4,2.8,4.5,4.21,3.31,3.56,2.61,3.38,1.76,Architect
STU320016,18,M,class_12,commerce,cbse,66.62,81.68,83.79,76.62,2.66,3.4,4.07,4.21,2.93,2.53,2.63,2.97,4.36,4.16,4.33,Sports Manager
STU110063,18,M,undergraduate,science_pcb,icse,68.82,80.51,66.61,66.33,3.01,4.76,2.64,4.56,2.95,3.93,4.52,3.7,4.74,1.75,3.42,Biomedical Engineer
STU210094,21,F,undergraduate,arts,state,78.05,77.22,62.43,54.22,2.97,3.7,3.26,2.89,1.0,3.88,3.09,4.0,3.1,4.76,2.92,Civil Lawyer
STU220006,15,M,class_9,undecided,cbse,54.94,66.69,74.03,83.56,4.96,3.19,3.41,3.46,1.91,2.04,3.31,4.76,3.67,2.9,2.88,UX/UI Designer
STU070074,20,F,undergraduate,science_pcm,cbse,78.53,44.92,78.01,74.48,3.68,3.54,3.54,2.34,1.13,2.6,3.66,1.88,4.2,4.38,3.14,Civil Engineer
STU120061,22,M,undergraduate,commerce,cbse,80.42,61.74,84.47,55.38,4.55,3.88,3.17,4.56,2.74,3.8,4.26,3.14,3.49,2.96,2.7,Clinical Psychologist
STU220052,15,M,class_10,science_pcm,icse,71.04,78.6,51.4,77.57,4.66,4.7,3.51,3.44,3.57,3.08,1.93,4.51,3.04,4.8,1.42,UX/UI Designer
STU300049,18,F,class_12,science_pcm,state,73.43,45.94,87.52,73.07,2.68,4.44,4.59,2.1,2.77,5.0,3.44,1.25,2.38,1.93,2.74,Defence Officer (Indian Armed Forces)
STU330118,16,M,class_10,vocational,cbse,52.48,41.71,67.37,72.44,3.02,3.93,4.08,2.39,3.36,3.5,2.97,2.12,2.33,3.01,3.15,Chef / Culinary Arts
STU080049,16,M,class_11,science_pcb,icse,92.0,97.75,65.0,78.03,3.96,4.84,4.37,5.0,1.75,3.38,4.38,3.31,4.54,3.47,2.02,Doctor (MBBS)
STU290048,15,M,class_10,arts,state,100.0,98.82,84.83,47.31,4.48,4.61,4.99,3.88,1.19,4.08,3.15,2.26,4.92,4.02,4.28,IAS Officer
STU190145,16,F,class_10,arts,cbse,94.0,67.82,47.98,86.0,3.79,3.1,3.42,4.8,3.91,1.78,3.35,4.3,4.09,3.78,2.82,Entrepreneur
STU060137,17,M,class_12,science_pcm,cbse,71.09,61.64,64.35,67.56,3.43,3.93,2.63,4.03,2.02,4.61,3.61,2.27,1.2,3.04,2.61,Mechanical Engineer
STU340081,15,F,class_10,arts,state,58.06,54.58,91.8,90.02,3.6,3.23,2.0,3.68,4.71,4.68,2.68,2.75,1.63,2.63,3.17,Airline Pilot
STU340044,15,M,class_9,science_pcm,cbse,50.79,41.46,50.56,60.0,2.75,3.79,3.37,3.54,1.41,4.73,2.83,3.95,4.4,2.58,3.06,Airline Pilot
STU320024,19,M,undergraduate,vocational,icse,83.52,83.0,79.11,56.18,2.97,4.63,1.94,3.76,4.84,3.11,2.08,3.95,4.21,4.26,3.46,Sports Manager
STU250122,17,M,class_11,undecided,state,63.45,30.91,38.66,79.76,2.05,3.33,2.4,3.49,2.81,3.25,2.06,4.24,4.29,2.33,2.38,Fashion Designer
STU310117,17,M,class_11,science_pcb,icse,99.0,84.62,86.0,72.55,3.16,4.11,3.09,4.02,3.36,3.51,3.42,2.47,5.0,3.99,2.25,Environmental Scientist
STU040066,14,F,class_9,vocational,cbse,79.54,48.25,65.0,62.13,3.49,3.62,2.87,2.46,3.45,5.0,3.8,2.67,2.95,3.01,3.67,Cybersecurity Analyst
STU320066,17,F,class_12,arts,icse,75.63,85.53,92.0,66.63,4.56,3.81,4.17,2.58,1.25,3.37,2.0,3.99,2.99,3.01,3.4,Sports Manager
STU050138,21,F,undergraduate,science_pcm,cbse,86.12,61.49,92.89,61.37,3.33,4.23,3.21,4.3,2.4,4.01,4.55,3.57,1.11,3.24,3.03,Cloud Architect
STU100104,16,M,class_10,science_pcb,icse,83.17,79.8,86.27,62.27,3.84,1.3,2.32,4.01,3.19,2.76,4.5,1.28,4.99,1.48,3.51,Pharmacist
STU140057,17,M,class_12,commerce,cbse,93.77,64.32,95.85,67.52,3.84,4.81,2.74,4.29,1.86,2.16,3.19,2.38,3.25,4.2,4.07,Chartered Accountant
STU320148,17,M,class_12,arts,state,73.98,57.86,60.8,75.33,4.36,4.58,4.32,2.84,1.2,1.44,4.51,5.0,3.45,5.0,4.17,Sports Manager
STU170107,18,M,undergraduate,commerce,cbse,85.56,55.0,63.05,61.91,3.53,4.07,2.47,3.97,1.0,3.8,2.0,1.87,3.3,4.02,2.0,Digital Marketing Manager
STU200145,15,M,class_9,vocational,state,34.57,68.72,100.0,70.69,4.54,3.3,4.11,2.98,3.71,2.74,3.78,2.25,3.93,4.63,2.31,Corporate Lawyer
STU150027,20,M,undergraduate,commerce,cbse,96.0,70.46,93.2,67.87,4.32,3.5,3.13,3.38,3.0,4.81,2.6,1.34,2.72,4.32,4.76,Investment Banker
STU200077,16,F,class_10,commerce,state,73.35,86.39,84.42,43.38,4.15,3.86,4.12,4.11,3.93,1.23,3.07,1.5,4.48,5.0,4.33,Corporate Lawyer
STU340132,15,M,class_9,commerce,cbse,48.0,58.63,62.27,89.51,2.47,4.9,2.29,3.18,2.3,2.95,1.0,4.5,1.73,2.22,3.35,Airline Pilot
STU070007,17,M,class_11,science_pcm,cbse,85.89,79.58,51.75,79.73,2.29,4.26,4.34,3.67,4.53,4.51,3.34,2.59,4.1,4.02,5.0,Civil Engineer
STU260059,17,F,class_12,commerce,icse,67.02,100.0,46.68,69.6,3.95,4.41,5.0,3.42,1.9,1.0,3.43,4.18,4.23,3.87,2.82,Journalist
STU070131,15,F,class_10,science_pcm,state,72.68,45.25,80.12,68.76,3.86,4.14,2.31,2.1,1.14,4.57,2.59,3.09,4.2,2.88,3.94,Civil Engineer
STU170108,15,M,class_10,undecided,cbse,67.19,68.99,75.62,71.03,3.56,3.46,5.0,4.41,1.2,3.42,3.49,2.51,1.34,3.63,2.47,Digital Marketing Manager
STU170029,16,F,class_10,commerce,icse,70.23,67.86,92.0,57.24,4.11,4.6,4.57,5.0,4.02,3.03,1.1,1.97,3.15,3.38,3.05,Digital Marketing Manager
STU070048,15,M,class_9,science_pcm,state,55.27,21.76,81.58,80.93,3.85,4.39,3.17,3.83,1.88,4.48,2.14,1.54,2.12,2.67,3.85,Civil Engineer
STU270074,21,F,undergraduate,arts,cbse,63.63,60.58,83.89,91.76,3.39,2.7,1.67,4.15,1.67,3.96,1.87,4.68,2.3,4.63,1.16,Film Director
STU060013,19,F,undergraduate,science_pcm,state,57.95,35.0,64.52,71.94,3.75,3.0,4.26,3.4,3.34,3.99,4.37,2.32,4.08,1.5,2.12,Mechanical Engineer
STU050116,18,M,class_12,science_pcm,icse,78.9,82.0,76.59,62.53,4.81,4.09,2.78,4.28,2.12,3.52,3.47,2.22,3.17,4.0,1.7,Cloud Architect
STU020135,22,M,undergraduate,undecided,icse,87.34,56.62,81.55,78.47,4.6,4.76,2.64,3.98,1.3,3.07,1.23,1.77,3.31,3.6,2.22,Data Scientist
STU050087,14,F,class_9,commerce,state,90.89,82.72,73.02,58.23,4.53,3.87,2.14,3.1,1.44,4.6,3.74,2.09,3.2,2.07,4.19,Cloud Architect
STU050104,19,F,undergraduate,undecided,ib,73.25,55.53,82.04,85.53,3.78,4.41,3.88,4.13,3.11,4.71,4.09,1.75,3.8,3.84,3.8,Cloud Architect
STU230042,17,M,class_12,undecided,cbse,91.42,55.02,64.76,76.55,4.16,3.86,4.36,4.21,2.49,4.13,1.73,4.58,3.91,4.32,2.39,Graphic Designer
STU160104,15,M,class_10,science_pcm,state,66.52,50.67,64.0,74.42,3.15,5.0,4.69,3.27,1.54,1.68,2.05,2.9,3.95,4.42,4.03,Management Consultant
STU160008,18,M,undergraduate,commerce,cbse,78.28,69.19,59.36,77.1,3.4,4.44,4.92,2.19,2.89,1.61,2.53,1.29,2.83,4.78,3.2,Management Consultant
STU250106,22,F,undergraduate,commerce,cbse,68.27,80.84,54.33,78.43,4.89,2.47,2.98,1.0,3.33,2.94,1.4,4.56,4.76,2.06,2.13,Fashion Designer
STU040024,17,M,class_11,science_pcm,state,75.53,71.52,71.73,84.86,4.34,4.8,2.94,2.61,2.33,2.57,4.15,1.64,3.66,4.06,3.5,Cybersecurity Analyst
STU010022,21,F,undergraduate,science_pcm,state,82.11,50.19,65.0,55.27,4.3,3.1,2.15,3.01,3.03,4.3,4.98,3.28,1.71,4.33,2.78,Software Engineer
STU190053,16,F,class_10,commerce,icse,89.93,73.22,64.01,40.0,1.61,3.52,4.73,2.71,4.16,1.29,4.29,1.72,2.34,4.07,3.5,Entrepreneur
STU060136,16,M,class_11,science_pcm,state,71.7,60.37,81.7,60.48,3.45,4.49,4.48,4.0,4.15,5.0,2.29,1.93,2.83,3.88,2.01,Mechanical Engineer
STU170049,17,F,class_12,undecided,cbse,92.16,88.37,92.0,49.59,4.89,4.3,4.66,3.08,1.64,1.47,3.57,1.7,3.88,4.56,2.61,Digital Marketing Manager
STU070018,16,M,class_11,science_pcm,cbse,67.91,69.29,78.5,84.1,3.89,3.92,4.22,3.43,1.54,4.26,2.69,2.84,1.55,2.67,4.8,Civil Engineer
STU270023,22,F,undergraduate,arts,state,74.45,57.48,73.45,80.34,4.04,2.3,2.4,3.75,2.55,1.27,3.86,4.7,1.8,4.77,1.03,Film Director
STU270017,19,F,undergraduate,arts,state,50.71,68.9,69.51,62.0,3.7,2.3,4.36,2.52,3.78,2.4,3.3,4.53,5.0,3.11,2.05,Film Director
STU150140,21,M,undergraduate,science_pcm,state,82.84,48.67,86.94,75.04,4.32,2.91,3.83,3.79,2.7,2.28,4.41,2.5,2.34,2.8,4.78,Investment Banker
STU270113,19,M,undergraduate,arts,state,54.68,81.15,41.17,96.65,4.8,4.0,3.91,2.47,4.16,4.37,3.96,4.6,2.34,2.65,1.56,Film Director
STU230096,16,M,class_10,commerce,icse,58.36,63.4,58.11,88.7,4.44,2.3,3.88,2.65,2.97,3.82,4.93,4.8,3.54,2.03,3.15,Graphic Designer
STU090066,20,F,undergraduate,science_pcb,cbse,92.0,61.24,91.82,67.65,3.56,3.45,3.2,4.21,2.08,3.1,4.38,2.4,4.26,1.97,2.93,Dentist
STU040034,22,M,undergraduate,science_pcm,icse,75.45,54.12,89.99,27.47,4.36,3.1,3.99,3.44,2.87,4.71,4.93,3.04,2.41,2.56,4.07,Cybersecurity Analyst
STU300078,21,M,undergraduate,arts,cbse,73.37,51.96,83.87,83.04,3.36,4.12,4.56,2.5,1.97,4.64,4.15,2.86,2.65,2.26,3.83,Defence Officer (Indian Armed Forces)
STU200114,15,M,class_9,commerce,cbse,63.0,74.09,66.63,42.83,2.94,4.45,4.8,4.47,1.43,2.81,4.19,1.5,4.9,4.65,3.81,Corporate Lawyer
STU090020,18,F,class_12,science_pcb,icse,70.03,76.81,77.76,69.49,2.86,3.79,2.87,3.65,2.34,2.62,4.3,3.33,3.44,2.38,2.93,Dentist
STU020128,14,M,class_9,science_pcm,state,68.26,42.89,73.64,65.5,4.87,3.63,4.09,3.86,3.26,4.19,4.22,2.31,1.41,1.63,2.02,Data Scientist
STU070089,18,F,class_12,undecided,cbse,64.1,61.56,68.13,68.77,4.36,4.89,2.72,3.77,3.16,3.59,3.41,2.54,2.13,3.48,2.17,Civil Engineer
STU140135,18,F,class_12,commerce,cbse,66.79,85.36,79.39,50.63,3.45,4.8,3.18,4.85,3.18,1.53,2.62,1.86,4.0,4.66,1.54,Chartered Accountant
STU090046,16,M,class_10,undecided,cbse,43.52,86.17,67.79,76.12,2.6,3.95,3.66,3.5,3.01,4.03,4.05,1.93,4.5,1.09,3.17,Dentist
STU160133,14,M,class_9,science_pcm,icse,88.4,80.0,88.27,40.23,3.82,4.02,4.45,2.99,3.15,3.0,3.27,2.27,2.9,4.47,4.15,Management Consultant
STU040122,21,F,undergraduate,science_pcm,state,79.49,57.64,95.07,59.9,3.29,3.2,3.67,3.22,2.07,3.19,4.25,2.86,3.09,2.31,3.21,Cybersecurity Analyst
STU100086,21,F,undergraduate,science_pcm,cbse,65.55,71.91,87.45,69.72,2.82,4.22,3.09,3.9,3.9,3.18,4.08,3.29,3.78,3.0,2.78,Pharmacist
STU070094,17,M,class_12,science_pcm,cbse,64.59,41.26,75.29,95.6,2.06,3.0,2.11,3.63,1.53,4.01,3.44,4.5,3.77,1.67,3.72,Civil Engineer
STU310074,14,F,class_9,undecided,cbse,79.4,84.25,26.57,89.91,4.83,4.0,3.14,3.1,3.07,3.93,4.02,1.64,4.0,3.33,4.25,Environmental Scientist
STU260106,16,M,class_11,arts,state,81.75,88.73,37.58,67.36,4.65,2.64,3.75,3.5,1.86,2.18,3.03,4.15,4.23,2.97,2.64,Journalist
STU040136,17,F,class_12,vocational,cbse,84.5,45.0,73.5,43.11,4.21,3.78,2.5,3.0,3.17,4.1,4.77,3.12,1.35,1.7,3.41,Cybersecurity Analyst
STU240077,17,M,class_11,science_pcm,icse,65.49,63.65,63.18,64.03,4.79,4.7,3.26,2.69,1.4,4.08,1.7,4.11,2.3,3.7,3.5,Architect
STU260071,15,O,class_10,arts,state,60.3,96.56,96.19,57.41,3.75,2.6,4.54,4.76,4.6,3.23,2.1,3.23,3.5,4.8,1.28,Journalist
STU170115,20,M,undergraduate,arts,state,66.33,53.12,74.64,67.07,4.07,4.14,3.42,4.8,2.99,2.41,2.7,4.9,4.9,4.71,3.88,Digital Marketing Manager
STU090150,18,F,class_12,science_pcb,cbse,72.36,63.7,76.72,58.05,4.27,4.21,3.6,3.71,2.72,3.91,3.78,2.49,2.54,1.78,2.49,Dentist
STU070108,17,F,class_11,science_pcm,cbse,80.08,35.0,73.88,79.28,4.41,3.95,1.68,3.05,1.12,4.01,3.19,3.21,2.31,3.47,2.52,Civil Engineer
STU050075,19,F,undergraduate,science_pcm,state,78.39,82.0,89.65,26.1,3.93,3.59,2.92,3.23,2.36,4.58,4.74,3.49,2.64,3.49,2.6,Cloud Architect
STU170013,14,F,class_9,commerce,icse,77.2,74.56,92.0,92.7,3.57,4.81,4.72,2.64,3.36,3.03,2.0,2.03,3.74,3.4,4.08,Digital Marketing Manager
STU200054,18,F,class_12,undecided,icse,96.0,70.22,50.11,68.8,1.4,3.3,2.77,2.02,3.86,1.51,4.09,1.85,4.17,3.81,4.2,Corporate Lawyer
STU030148,17,O,class_12,commerce,ib,79.16,69.05,65.0,65.49,4.18,4.46,4.1,3.12,2.43,4.18,4.85,2.24,1.3,2.71,3.29,AI/ML Engineer
STU250025,22,M,undergraduate,arts,cbse,45.47,63.4,92.47,78.15,4.65,4.7,4.53,3.23,2.92,1.36,2.48,1.99,3.9,2.76,3.89,Fashion Designer
STU330066,17,F,class_12,vocational,cbse,64.07,44.72,58.09,95.18,4.46,4.24,2.77,3.99,2.1,4.61,3.17,3.14,2.57,2.53,4.08,Chef / Culinary Arts
STU260116,16,M,class_10,arts,cbse,43.6,85.33,98.6,35.0,4.62,4.25,4.69,3.42,2.61,1.33,2.14,2.95,3.91,2.1,3.11,Journalist
STU030060,17,F,class_11,science_pcm,ib,69.37,76.28,81.4,73.9,4.06,4.07,1.1,2.58,3.54,5.0,5.0,1.76,3.14,1.64,3.24,AI/ML Engineer
STU140115,17,M,class_11,commerce,state,84.34,80.47,80.49,80.0,2.67,4.37,3.62,2.63,2.76,2.62,4.72,2.74,2.57,4.52,4.9,Chartered Accountant
STU310043,15,M,class_10,science_pcm,cbse,95.22,99.66,57.69,33.25,3.41,4.01,4.56,3.37,1.0,2.77,2.87,3.77,4.7,3.73,2.74,Environmental Scientist
STU270078,16,M,class_10,arts,cbse,66.85,68.74,73.35,67.11,4.15,2.8,4.81,2.73,2.12,2.16,3.19,4.8,2.47,3.06,1.03,Film Director
STU120041,18,F,class_12,science_pcb,state,58.34,75.01,73.5,59.21,3.67,3.85,3.05,3.5,2.83,3.49,4.26,3.7,4.53,1.82,3.04,Clinical Psychologist
STU300067,17,M,class_12,undecided,state,70.76,72.53,75.39,79.17,4.22,3.49,3.13,2.17,1.99,4.15,4.17,4.3,1.62,3.27,2.38,Defence Officer (Indian Armed Forces)
STU110049,15,M,class_10,undecided,cbse,82.92,89.58,72.37,61.05,2.5,4.89,1.42,3.65,3.48,4.11,4.88,2.26,4.4,2.69,1.82,Biomedical Engineer
STU090048,17,F,class_12,undecided,cbse,78.22,84.86,64.83,67.67,4.17,2.16,3.19,3.29,3.9,4.2,1.72,2.69,4.43,1.83,3.13,Dentist
STU140036,22,F,undergraduate,commerce,ib,76.43,57.01,86.93,67.73,2.63,4.12,3.8,2.42,2.39,2.71,4.47,2.58,3.42,3.06,4.08,Chartered Accountant
STU020145,17,M,class_11,science_pcm,state,82.57,57.26,74.01,60.59,3.61,4.07,2.58,3.09,2.33,3.65,3.59,3.44,2.31,1.98,3.28,Data Scientist
STU110048,15,M,class_9,science_pcm,state,60.64,73.55,39.48,84.53,3.84,3.84,2.63,4.19,4.89,1.87,4.61,1.2,3.51,2.39,2.74,Biomedical Engineer
STU140063,20,M,undergraduate,commerce,cbse,67.72,92.69,100.0,77.13,4.36,3.5,4.14,2.71,3.15,2.48,2.66,2.97,2.18,4.94,4.31,Chartered Accountant
STU040139,20,F,undergraduate,science_pcm,icse,71.7,52.67,65.0,63.21,3.12,4.03,3.85,2.81,2.88,4.88,4.63,3.71,3.67,2.87,3.48,Cybersecurity Analyst
STU230030,18,M,class_12,arts,icse,68.15,48.0,58.31,68.82,5.0,2.69,2.74,3.11,4.07,1.77,3.47,4.05,2.71,1.7,2.21,Graphic Designer
STU170004,16,M,class_10,commerce,cbse,72.79,95.0,76.81,56.01,4.52,3.88,3.3,3.3,3.33,3.48,3.41,1.2,2.89,3.75,3.96,Digital Marketing Manager
STU150030,14,M,class_9,commerce,state,74.48,73.93,78.53,54.2,3.49,3.57,4.7,3.47,3.67,2.56,3.53,1.0,2.62,3.56,2.8,Investment Banker
STU300129,17,F,class_11,science_pcm,state,54.7,40.25,89.15,87.52,4.5,4.8,3.64,3.06,4.09,3.69,3.85,3.47,1.77,4.6,3.8,Defence Officer (Indian Armed Forces)
STU240059,18,F,class_12,arts,state,59.26,48.0,29.49,90.58,3.34,4.41,3.61,4.05,3.03,3.27,2.99,4.92,2.51,4.21,1.49,Architect
STU170011,18,M,class_12,undecided,state,74.48,66.4,84.62,55.09,4.26,3.91,3.33,4.58,1.91,3.45,4.23,3.07,1.6,4.22,3.11,Digital Marketing Manager
STU190020,18,M,class_12,arts,cbse,69.54,83.92,69.74,50.07,4.82,4.37,4.93,3.68,3.89,1.52,3.36,4.44,3.86,5.0,3.65,Entrepreneur
STU310148,15,M,class_10,vocational,state,79.93,73.68,78.7,50.14,3.03,4.69,3.19,4.82,2.82,2.79,3.72,3.33,4.31,4.37,3.38,Environmental Scientist
STU030126,17,M,class_11,science_pcm,cbse,73.53,45.68,88.17,73.38,1.35,3.41,3.83,1.57,2.35,4.65,4.98,2.05,2.8,1.79,2.54,AI/ML Engineer
STU180033,16,F,class_11,commerce,icse,64.26,75.2,83.4,54.65,3.01,3.78,4.14,2.81,1.84,1.39,3.38,2.19,3.67,4.44,1.86,Product Manager
STU080005,18,F,class_12,science_pcb,ib,92.0,78.49,100.0,66.23,2.5,3.9,3.46,4.44,3.45,4.04,3.68,1.27,4.29,2.51,3.84,Doctor (MBBS)
STU310150,18,F,class_12,science_pcm,cbse,70.0,87.68,60.39,92.89,4.72,4.63,4.41,4.29,3.8,3.14,4.65,4.1,4.79,4.57,2.39,Environmental Scientist
STU320006,17,M,class_12,undecided,state,84.75,83.4,89.5,42.97,4.85,3.1,3.68,2.87,2.73,1.76,2.82,3.31,3.83,3.53,3.11,Sports Manager
STU040107,22,F,undergraduate,undecided,cbse,90.09,55.23,91.16,58.8,4.49,4.67,2.71,3.19,3.32,4.74,3.97,1.87,3.75,2.64,1.7,Cybersecurity Analyst
STU300099,21,M,undergraduate,science_pcm,ib,73.87,62.66,85.3,90.66,2.6,4.44,4.25,4.25,2.81,4.27,4.01,2.88,3.07,2.98,2.59,Defence Officer (Indian Armed Forces)
STU140105,17,M,class_12,commerce,state,88.94,83.05,98.31,55.79,2.6,4.59,3.67,3.86,3.45,3.58,3.35,1.63,2.29,3.77,4.81,Chartered Accountant
STU330010,16,M,class_10,vocational,state,59.18,39.44,45.47,87.5,2.95,2.9,3.76,3.27,3.96,3.99,3.97,2.69,1.57,3.56,4.8,Chef / Culinary Arts
STU170070,15,M,class_10,commerce,icse,60.0,20.25,67.98,44.27,4.4,4.28,3.65,2.2,4.2,2.56,2.54,1.55,3.35,4.38,2.88,Digital Marketing Manager
STU330008,15,M,class_9,vocational,cbse,67.55,53.21,74.22,96.12,4.5,4.82,2.38,2.71,1.45,4.9,2.47,4.5,4.25,2.6,1.8,Chef / Culinary Arts
STU030056,14,F,class_9,science_pcm,icse,87.7,51.06,84.94,76.21,3.77,1.0,2.85,3.69,2.69,4.93,4.32,2.49,2.34,2.61,3.26,AI/ML Engineer
STU080144,16,M,class_11,arts,cbse,69.3,68.04,67.54,48.76,4.6,3.59,3.76,4.04,3.46,4.0,4.67,2.26,3.6,1.68,5.0,Doctor (MBBS)
STU120067,18,O,undergraduate,arts,cbse,84.92,77.35,68.79,47.07,2.82,3.66,4.09,3.21,1.84,3.11,4.05,3.19,4.06,2.36,2.4,Clinical Psychologist
STU230117,21,F,undergraduate,arts,state,77.02,91.34,35.0,29.59,4.21,4.7,4.39,4.17,3.04,3.78,1.8,4.06,2.99,3.98,2.67,Graphic Designer
STU180055,15,M,class_9,commerce,state,74.88,71.52,82.89,45.49,3.79,3.33,5.0,3.48,3.71,1.86,3.11,4.24,3.76,4.93,3.57,Product Manager
STU290015,18,F,undergraduate,science_pcm,cbse,90.35,87.77,75.45,96.61,4.49,4.75,4.37,3.96,2.06,2.68,3.85,1.78,4.79,3.77,4.24,IAS Officer
STU190129,17,M,class_12,science_pcm,icse,60.0,75.74,85.65,74.87,3.96,4.78,1.62,3.43,1.2,3.38,4.45,1.44,4.9,4.64,3.56,Entrepreneur
STU120055,15,M,class_10,science_pcb,cbse,84.2,70.69,65.12,57.8,3.23,3.5,3.57,4.11,3.31,2.25,4.28,3.12,4.33,2.16,3.48,Clinical Psychologist
STU200014,15,F,class_9,commerce,cbse,58.08,77.88,63.27,59.99,4.42,4.28,2.45,2.35,3.41,1.38,3.4,1.92,4.6,4.89,3.64,Corporate Lawyer
STU180069,18,M,class_12,science_pcm,cbse,38.61,67.21,64.77,85.74,3.28,1.0,4.47,3.08,3.03,1.2,2.0,2.17,2.61,2.94,3.03,Product Manager
STU170001,18,M,class_12,arts,cbse,66.44,81.07,56.51,85.44,4.19,2.07,5.0,3.55,3.71,1.88,4.6,3.09,4.77,3.47,2.14,Digital Marketing Manager
STU150040,18,F,undergraduate,science_pcm,state,96.0,50.0,78.61,78.09,1.05,4.59,3.91,3.3,1.79,1.48,2.6,1.73,2.57,5.0,3.4,Investment Banker
STU220090,20,M,undergraduate,vocational,icse,49.39,59.96,57.75,100.0,4.87,3.61,4.52,3.94,4.5,3.66,2.55,4.59,4.04,3.85,2.71,UX/UI Designer
STU160134,18,M,class_12,undecided,state,81.63,66.87,63.13,55.21,3.0,4.26,3.27,3.02,2.41,2.15,4.11,1.66,4.44,4.49,3.29,Management Consultant
STU220069,16,M,class_10,undecided,state,58.94,51.97,47.51,98.34,4.73,3.65,2.59,4.14,2.65,3.7,4.0,4.1,4.91,1.89,2.27,UX/UI Designer
STU270008,17,M,class_12,arts,icse,54.84,48.0,68.99,87.97,4.53,4.25,2.88,4.63,3.37,2.42,3.1,4.62,3.52,1.87,2.64,Film Director
STU090086,15,M,class_9,science_pcb,cbse,69.51,83.97,72.66,45.92,4.33,4.7,3.24,3.63,1.97,2.38,4.12,2.27,1.26,3.8,2.96,Dentist
STU270064,17,F,class_11,undecided,icse,58.06,75.44,62.27,32.01,4.4,4.62,2.4,3.66,2.17,2.89,2.54,4.72,3.62,3.77,1.89,Film Director
STU270109,22,M,undergraduate,arts,state,68.46,84.0,40.08,65.78,4.88,2.3,2.98,3.27,2.48,3.26,3.58,1.83,4.04,1.75,1.98,Film Director
STU310062,20,F,undergraduate,science_pcm,ib,85.73,70.0,86.36,86.13,2.6,4.9,5.0,3.77,3.58,3.15,5.0,3.73,3.17,5.0,2.89,Environmental Scientist
STU140138,19,F,undergraduate,commerce,icse,84.98,69.76,99.26,69.92,2.79,4.73,4.51,2.75,3.22,4.11,1.92,2.17,1.61,3.86,4.96,Chartered Accountant
STU130090,17,M,class_11,undecided,state,59.56,100.0,77.25,50.16,2.63,3.84,3.9,3.5,1.99,1.8,3.97,4.19,3.83,3.8,1.6,Physiotherapist
STU250059,20,F,undergraduate,arts,icse,65.15,54.63,57.29,65.18,3.82,4.56,2.73,4.27,2.99,2.38,2.53,4.79,4.02,3.84,1.42,Fashion Designer
STU110092,15,F,class_9,science_pcm,cbse,77.84,70.68,76.77,66.64,3.48,4.22,4.5,4.69,2.38,3.28,4.55,2.27,4.47,2.41,2.94,Biomedical Engineer
STU090147,21,M,undergraduate,science_pcb,state,67.97,94.17,93.19,60.3,3.38,3.71,3.97,4.9,2.63,4.2,3.59,2.38,3.8,1.6,2.47,Dentist
STU310024,15,M,class_9,science_pcm,state,86.04,72.1,93.24,92.67,4.4,4.51,4.18,4.13,1.96,2.74,4.77,3.68,4.17,3.64,4.31,Environmental Scientist
STU150063,19,F,undergraduate,commerce,cbse,69.98,61.92,96.62,81.03,2.47,4.55,4.01,3.22,2.37,1.56,2.98,1.47,4.0,3.18,2.77,Investment Banker
STU160147,15,M,class_9,science_pcb,cbse,82.16,78.03,70.01,100.0,4.89,4.12,4.86,3.02,3.67,2.19,2.05,3.69,4.07,3.97,3.75,Management Consultant
STU260055,16,F,class_11,undecided,state,61.17,39.67,38.88,56.15,4.46,2.95,4.47,3.49,4.27,2.05,3.57,3.91,2.49,4.3,3.39,Journalist
STU160022,21,F,undergraduate,arts,state,68.19,42.66,63.66,54.74,3.88,3.21,5.0,3.1,2.45,3.79,2.0,2.52,1.19,1.0,3.9,Management Consultant
STU320077,22,M,undergraduate,undecided,icse,86.55,74.54,65.63,67.09,4.37,2.23,5.0,4.07,2.07,3.73,4.53,3.59,1.29,4.47,2.0,Sports Manager
STU210112,22,M,undergraduate,science_pcm,cbse,91.93,70.9,62.58,69.88,2.75,4.01,2.99,3.43,3.66,2.69,3.41,2.67,3.41,4.04,3.92,Civil Lawyer
STU080088,17,M,class_12,science_pcm,ib,87.12,60.0,91.6,51.05,4.4,4.06,3.93,4.6,3.52,2.87,3.88,3.5,4.75,3.34,2.13,Doctor (MBBS)
STU280019,20,M,undergraduate,arts,cbse,75.99,89.37,80.0,70.45,3.54,4.07,4.61,4.01,2.76,2.71,2.49,4.29,3.7,4.07,1.98,Content Writer
STU070073,15,F,class_9,science_pcm,icse,77.62,71.21,53.5,66.23,1.25,2.59,3.87,4.44,3.52,3.82,3.61,2.86,1.81,2.06,2.6,Civil Engineer
STU060046,15,M,class_9,undecided,state,72.53,68.01,88.69,95.21,2.53,3.6,2.07,3.15,2.57,1.54,2.73,3.47,2.89,4.6,2.46,Mechanical Engineer
STU210021,20,F,undergraduate,arts,state,85.34,71.43,63.51,66.97,3.12,3.82,3.87,3.77,2.61,2.86,3.1,1.5,3.45,3.6,4.27,Civil Lawyer
STU120062,19,F,undergraduate,arts,cbse,68.02,62.93,78.46,58.97,2.54,3.95,2.63,3.5,3.9,3.23,3.5,3.7,3.9,2.49,1.99,Clinical Psychologist
STU230088,18,F,class_12,arts,icse,71.2,66.27,67.87,83.26,1.0,3.26,4.24,3.64,2.29,1.66,3.79,4.13,3.41,3.75,2.49,Graphic Designer
STU010037,18,O,undergraduate,science_pcm,state,100.0,63.31,81.66,60.36,4.49,3.87,3.3,3.04,1.3,3.12,4.11,2.25,3.25,1.34,4.02,Software Engineer
STU040004,18,M,undergraduate,science_pcm,ib,88.8,53.56,76.52,70.82,3.27,4.12,2.57,4.1,3.57,3.72,2.7,3.43,3.8,2.72,2.41,Cybersecurity Analyst
STU070014,15,M,class_9,science_pcm,cbse,76.89,46.95,62.86,63.68,4.5,3.72,2.23,4.07,3.24,4.87,3.15,3.74,1.74,3.2,4.09,Civil Engineer
STU280124,17,F,class_12,arts,state,84.28,91.79,42.59,35.0,3.65,4.46,4.41,3.0,1.68,1.98,2.82,3.64,4.71,3.12,1.74,Content Writer
STU080150,20,F,undergraduate,science_pcb,cbse,78.89,62.11,71.94,71.78,4.6,3.91,3.87,3.71,2.17,3.65,4.22,3.11,4.56,2.78,1.6,Doctor (MBBS)
STU090075,22,M,undergraduate,science_pcb,state,59.76,76.66,75.17,80.19,4.6,4.1,2.2,4.7,3.3,4.12,3.91,1.87,3.45,1.9,2.71,Dentist
STU160126,17,F,class_11,science_pcm,icse,72.64,74.95,59.59,40.0,3.39,3.86,3.99,4.19,1.35,4.91,2.03,2.65,2.99,4.58,3.19,Management Consultant
STU010038,17,F,class_12,science_pcm,cbse,77.41,81.27,90.33,76.63,3.95,2.62,3.89,5.0,3.3,3.52,3.13,1.66,3.29,4.0,3.12,Software Engineer
STU070075,17,M,class_11,science_pcm,state,85.25,67.65,58.89,60.67,3.46,3.42,3.09,4.7,4.4,4.88,3.86,2.85,2.52,4.17,2.66,Civil Engineer
STU220046,17,M,class_11,undecided,state,100.0,61.73,57.6,89.21,4.0,2.68,3.01,2.9,3.2,2.24,1.22,4.97,3.2,3.58,1.79,UX/UI Designer
STU070084,18,F,undergraduate,science_pcm,state,65.98,35.74,72.09,73.02,4.14,4.81,4.09,2.78,2.53,2.5,2.58,4.61,4.24,3.07,2.83,Civil Engineer
STU280028,15,F,class_10,undecided,state,59.19,85.77,48.97,48.9,4.29,3.25,3.64,3.39,4.6,1.88,2.02,3.43,3.45,1.29,2.47,Content Writer
STU280117,14,F,class_9,arts,state,69.22,89.99,74.28,71.01,4.29,4.1,3.55,5.0,2.45,2.56,4.38,4.98,3.72,4.33,3.27,Content Writer
STU100069,15,F,class_10,science_pcb,icse,77.3,29.21,87.52,62.53,2.25,4.59,2.2,4.74,2.71,2.95,4.22,3.7,4.81,1.97,3.13,Pharmacist
STU230033,18,F,undergraduate,arts,icse,52.65,100.0,62.85,84.69,4.1,3.76,2.77,3.78,2.69,2.02,2.61,4.5,4.14,4.8,3.42,Graphic Designer
STU110061,17,M,class_12,science_pcm,cbse,90.36,87.56,93.53,67.68,3.54,4.46,3.66,4.1,1.2,2.98,3.57,1.8,4.44,3.23,3.59,Biomedical Engineer
STU010040,17,M,class_11,science_pcm,cbse,98.28,46.48,69.75,66.42,4.48,3.77,4.0,4.15,3.68,3.84,4.95,3.3,2.47,3.29,3.87,Software Engineer
STU100137,22,M,undergraduate,science_pcb,state,84.53,68.54,94.56,60.42,3.05,3.76,2.2,5.0,2.86,3.18,3.5,1.47,4.3,2.19,3.24,Pharmacist
STU280006,17,M,class_11,arts,ib,73.17,88.66,39.76,58.73,3.51,3.32,3.44,3.51,3.49,1.59,3.79,3.54,3.98,2.32,3.36,Content Writer
STU020020,14,F,class_9,science_pcm,cbse,76.13,70.89,91.18,80.01,3.29,4.66,1.99,4.08,1.78,3.51,4.25,1.96,1.75,3.53,3.82,Data Scientist
STU100006,18,M,class_12,undecided,ib,90.65,73.03,71.18,43.46,3.07,2.76,4.23,4.76,1.2,3.17,5.0,2.94,3.26,2.22,3.63,Pharmacist
STU190086,17,F,class_12,commerce,cbse,87.02,60.61,79.52,48.08,4.3,3.1,4.43,2.85,3.01,2.69,3.96,1.43,3.72,3.55,4.7,Entrepreneur
STU260044,18,F,class_12,arts,state,73.4,94.05,43.76,28.88,4.92,4.08,4.79,1.0,1.4,3.15,3.94,3.61,3.92,2.84,2.42,Journalist
STU330047,18,M,class_12,vocational,icse,74.49,42.82,61.46,72.95,3.22,4.88,2.0,2.82,3.11,3.99,3.28,3.65,1.4,2.83,4.52,Chef / Culinary Arts
STU250013,15,M,class_9,arts,cbse,79.18,66.65,83.34,85.64,3.84,3.97,4.58,4.47,1.4,1.81,1.79,4.71,3.0,4.7,2.25,Fashion Designer
STU070088,17,F,class_11,vocational,ib,36.21,66.46,82.47,91.03,3.05,3.17,2.85,2.1,4.03,4.42,3.75,2.52,2.91,4.29,2.94,Civil Engineer
STU180133,16,M,class_10,science_pcm,cbse,42.31,57.08,67.48,68.13,3.75,4.51,4.8,2.99,4.2,4.57,4.16,2.69,3.88,4.89,2.7,Product Manager
STU330002,16,F,class_10,vocational,icse,44.29,44.52,82.12,76.77,2.0,3.5,1.75,3.92,4.2,3.72,2.27,1.74,4.4,1.5,2.88,Chef / Culinary Arts
STU280096,15,M,class_9,arts,state,63.11,90.8,35.0,82.31,3.7,4.56,2.75,4.88,3.87,1.64,2.16,3.78,4.74,4.3,2.0,Content Writer
STU110141,17,M,class_11,science_pcm,icse,91.09,79.27,79.01,68.06,3.78,3.78,2.54,3.73,3.85,4.68,4.01,2.2,3.73,1.76,1.82,Biomedical Engineer
STU090091,18,M,class_12,science_pcb,cbse,55.0,86.58,84.6,87.63,3.81,3.6,3.75,5.0,1.75,2.43,4.5,2.13,4.65,3.62,4.3,Dentist
STU250082,16,M,class_11,commerce,state,47.29,100.0,35.0,62.0,4.29,3.28,4.43,3.29,3.12,1.2,4.0,3.8,3.65,4.8,2.6,Fashion Designer
STU100031,22,M,undergraduate,science_pcb,state,58.69,88.21,81.95,55.48,3.73,4.48,2.24,4.34,1.36,3.33,3.84,1.56,3.63,3.8,2.42,Pharmacist
STU130134,18,M,undergraduate,science_pcb,icse,91.65,69.41,63.62,65.94,2.5,2.9,4.12,4.62,2.58,3.09,4.63,3.53,4.5,1.66,2.4,Physiotherapist
STU040130,21,F,undergraduate,vocational,icse,83.15,59.36,65.64,74.65,4.73,3.39,3.24,3.11,1.38,1.8,4.67,1.75,2.33,2.3,2.71,Cybersecurity Analyst
STU290108,20,F,undergraduate,arts,state,55.78,75.93,84.89,70.0,4.0,4.32,3.76,3.1,1.0,2.67,3.35,2.15,4.9,4.55,3.64,IAS Officer
STU220011,18,M,class_12,arts,state,68.17,62.64,69.07,100.0,4.93,4.21,4.02,2.94,3.37,2.74,2.55,4.14,4.38,2.44,2.35,UX/UI Designer
STU140081,18,M,class_12,commerce,state,76.82,76.1,96.36,16.77,4.09,3.65,3.27,3.99,3.44,3.14,3.9,1.61,3.18,4.56,3.78,Chartered Accountant
STU060143,21,M,undergraduate,science_pcm,cbse,35.15,78.0,46.64,93.08,4.5,3.28,2.24,4.2,3.28,3.95,4.5,3.91,3.78,2.2,3.3,Mechanical Engineer
STU280061,19,M,undergraduate,arts,icse,55.13,100.0,48.97,47.58,3.87,4.09,5.0,4.99,2.41,1.64,1.8,4.2,4.85,3.16,2.94,Content Writer
STU060031,16,F,class_10,science_pcm,state,69.03,51.69,58.65,90.86,2.37,4.9,3.98,3.91,2.64,4.49,2.36,1.3,3.38,1.77,3.95,Mechanical Engineer
STU020010,17,M,class_11,commerce,cbse,85.36,80.93,79.71,66.55,3.0,3.2,2.26,4.3,1.37,5.0,4.03,3.9,1.59,3.2,2.59,Data Scientist
STU010003,17,F,class_11,science_pcm,cbse,71.8,63.48,70.65,88.81,3.24,4.73,3.23,2.79,1.86,3.2,4.78,2.71,3.18,3.23,3.2,Software Engineer
STU160014,15,O,class_9,commerce,state,67.58,78.78,63.91,49.06,3.5,4.13,4.12,3.8,4.01,2.75,2.04,2.93,3.06,4.25,3.04,Management Consultant
STU220067,20,F,undergraduate,arts,ib,49.66,72.95,68.56,89.84,4.55,2.77,2.4,2.2,3.7,2.31,1.86,4.69,3.81,2.93,3.72,UX/UI Designer
STU150010,17,F,class_11,undecided,ib,70.94,79.94,89.84,41.4,4.23,4.98,4.23,2.25,2.54,3.8,4.82,3.46,1.4,2.86,4.05,Investment Banker
STU060100,17,M,class_12,science_pcm,cbse,54.62,75.14,65.52,61.49,2.66,3.72,2.0,3.52,3.71,4.63,2.31,3.73,4.4,2.04,3.68,Mechanical Engineer
STU190038,15,F,class_9,commerce,state,80.16,88.91,68.09,51.77,1.84,3.54,4.95,3.83,2.7,2.22,4.7,2.15,4.14,3.96,4.43,Entrepreneur
STU170067,17,M,class_12,arts,icse,86.41,57.82,86.94,86.0,2.99,4.34,4.64,2.21,4.06,1.23,4.36,2.01,3.02,4.69,3.7,Digital Marketing Manager
STU260109,19,M,undergraduate,arts,cbse,58.7,80.17,71.36,54.25,3.59,3.92,1.69,4.63,3.73,2.08,2.03,4.45,5.0,2.1,3.8,Journalist
STU260062,15,M,class_9,arts,icse,63.38,79.54,38.1,57.01,5.0,2.67,4.2,3.48,4.17,1.11,2.82,4.51,3.78,2.57,1.69,Journalist
STU110097,16,F,class_10,science_pcb,state,55.0,82.82,78.44,74.67,2.5,4.1,2.2,3.16,1.84,3.06,4.53,4.56,3.86,2.53,2.06,Biomedical Engineer
STU120127,18,M,class_12,science_pcb,state,60.06,91.32,74.47,54.2,3.86,3.57,4.35,1.52,1.78,3.79,3.1,2.52,4.26,1.26,2.53,Clinical Psychologist
STU130114,18,M,class_12,science_pcb,icse,68.35,67.33,93.98,60.22,4.6,3.66,2.57,3.96,2.21,2.59,4.0,1.4,3.74,2.84,2.86,Physiotherapist
STU070144,17,M,class_12,science_pcm,state,88.0,65.98,77.36,81.61,4.21,3.45,2.55,3.17,2.48,3.27,3.15,4.34,3.37,1.83,4.36,Civil Engineer
STU330011,16,F,class_10,vocational,cbse,56.67,78.0,88.94,81.16,4.9,4.22,3.37,3.11,1.1,4.25,4.11,3.42,1.64,2.26,2.6,Chef / Culinary Arts
STU110045,20,F,undergraduate,vocational,icse,70.27,88.22,72.58,65.26,3.52,4.54,3.54,3.57,1.2,3.6,4.4,1.84,3.99,3.28,2.42,Biomedical Engineer
STU190037,19,F,undergraduate,commerce,cbse,66.12,88.2,67.92,52.87,3.58,1.0,4.63,2.46,3.18,2.89,2.38,2.57,1.42,1.65,2.48,Entrepreneur
STU260119,19,M,undergraduate,commerce,state,71.72,78.46,49.24,74.69,4.65,4.59,3.73,2.9,2.04,1.96,1.4,3.91,4.17,3.98,2.2,Journalist
STU320063,16,F,class_10,undecided,cbse,72.96,77.55,74.01,55.3,2.8,4.81,3.57,4.46,2.87,2.7,4.25,1.89,2.9,2.59,3.44,Sports Manager
STU010054,22,F,undergraduate,commerce,state,75.89,56.2,82.47,82.21,4.96,4.47,3.14,3.13,2.85,2.15,3.5,3.72,3.36,3.27,2.1,Software Engineer
STU120147,15,F,class_10,science_pcb,ib,65.73,97.0,62.0,100.0,1.79,5.0,3.74,4.78,2.02,3.3,2.65,2.2,4.68,3.22,4.19,Clinical Psychologist
STU240139,17,F,class_11,arts,cbse,49.64,57.06,45.6,67.48,4.54,2.88,4.9,2.91,2.4,4.06,4.0,4.84,3.91,2.49,2.25,Architect
STU130112,16,M,class_11,science_pcm,cbse,83.62,74.88,62.0,71.71,4.37,3.51,2.48,4.96,2.84,3.12,4.16,3.4,4.51,2.26,2.79,Physiotherapist
STU160057,16,O,class_11,commerce,cbse,92.29,74.25,73.89,83.66,4.65,4.91,5.0,3.28,3.09,3.74,3.4,3.27,2.71,4.24,2.22,Management Consultant
STU180004,17,F,class_11,commerce,state,73.88,60.11,19.43,63.09,2.87,3.85,3.85,4.32,3.49,1.77,2.31,3.04,4.7,4.75,3.92,Product Manager
STU190101,18,F,undergraduate,vocational,cbse,71.34,70.22,68.52,78.99,4.47,4.27,4.2,4.73,1.46,3.66,2.76,3.09,4.54,4.62,3.97,Entrepreneur
STU070037,15,M,class_9,vocational,state,58.72,40.51,82.18,89.69,3.61,4.86,3.14,4.57,2.64,4.94,4.36,2.59,1.38,1.5,4.25,Civil Engineer
STU290013,16,M,class_10,arts,state,80.3,71.23,87.64,83.45,3.61,1.78,4.32,4.91,2.29,4.41,4.35,2.82,4.03,4.07,3.33,IAS Officer
STU060075,18,M,class_12,science_pcm,icse,86.17,69.02,43.25,74.3,4.12,4.82,3.59,2.71,4.01,4.73,4.28,2.14,4.4,2.55,2.46,Mechanical Engineer
STU330032,16,M,class_11,vocational,state,61.52,54.05,69.23,85.96,3.47,1.76,3.59,3.08,2.8,4.8,3.53,3.9,2.61,2.49,4.18,Chef / Culinary Arts
STU220029,14,M,class_9,undecided,state,64.2,60.39,58.18,94.3,4.46,2.94,3.94,3.91,4.1,3.1,2.76,3.05,3.5,4.45,3.12,UX/UI Designer
STU230102,16,F,class_11,commerce,ib,63.8,84.4,76.16,94.89,4.92,2.79,1.44,3.46,1.4,2.12,3.67,3.96,2.3,3.46,2.67,Graphic Designer
STU100040,15,F,class_9,science_pcb,state,70.71,82.58,80.68,53.1,2.29,4.14,4.44,5.0,1.6,2.67,4.73,2.79,4.51,2.19,4.62,Pharmacist
STU240115,20,M,undergraduate,science_pcm,icse,48.14,57.76,66.33,87.94,4.67,4.41,4.26,2.52,1.6,1.91,1.74,3.88,3.72,4.68,2.28,Architect
STU340026,21,M,undergraduate,science_pcm,cbse,65.23,42.31,83.47,81.89,2.97,3.21,3.06,3.53,1.17,3.97,2.07,1.62,2.98,3.22,2.2,Airline Pilot
STU060135,18,M,class_12,science_pcm,state,58.37,39.29,69.94,71.3,3.66,2.77,3.71,4.1,1.1,3.5,2.25,2.98,2.96,3.17,4.38,Mechanical Engineer
STU270073,18,M,undergraduate,undecided,cbse,72.02,62.47,64.97,63.81,4.22,2.15,3.51,2.68,1.88,3.81,3.11,1.96,3.78,2.36,1.09,Film Director
STU250047,16,F,class_10,arts,cbse,60.89,73.24,40.38,94.98,4.8,2.57,4.36,4.51,4.39,1.77,3.12,3.8,3.98,4.8,2.34,Fashion Designer
STU250132,14,M,class_9,arts,cbse,42.0,76.51,83.1,85.28,4.77,2.31,3.18,2.71,3.38,2.91,4.54,4.36,3.54,2.53,5.0,Fashion Designer
STU110108,18,F,class_12,science_pcm,cbse,61.66,58.0,64.8,45.0,4.86,4.06,3.66,4.96,1.73,4.08,3.96,3.0,4.68,1.0,3.12,Biomedical Engineer
STU110095,19,O,undergraduate,science_pcb,icse,56.95,68.41,63.15,55.44,4.41,3.86,2.26,4.34,3.52,3.0,3.9,3.13,4.02,2.41,4.54,Biomedical Engineer
STU060022,15,M,class_10,vocational,cbse,85.46,35.0,65.0,89.49,4.4,3.86,3.05,3.71,1.66,4.48,2.21,2.75,2.4,4.6,1.93,Mechanical Engineer
STU180062,21,M,undergraduate,science_pcm,state,77.52,66.91,77.14,59.59,3.77,4.04,1.96,2.89,3.34,2.93,2.3,2.09,1.84,3.85,3.2,Product Manager
STU270125,16,F,class_10,undecided,icse,59.49,24.92,50.33,69.84,5.0,2.56,2.61,2.99,4.28,1.2,3.78,3.84,3.2,1.93,1.14,Film Director
STU160024,18,M,class_12,science_pcm,icse,89.22,68.47,61.93,66.05,4.03,3.71,4.98,4.65,3.63,3.73,2.4,2.71,2.74,4.1,3.93,Management Consultant
STU130069,18,M,class_12,science_pcb,ib,82.38,73.59,64.94,58.65,3.57,4.56,3.3,3.73,1.45,2.54,4.84,2.68,3.51,2.0,2.41,Physiotherapist
STU080036,17,F,class_12,science_pcb,cbse,79.17,93.48,65.0,63.53,3.23,5.0,3.06,4.7,2.68,3.14,3.79,1.22,4.46,2.21,4.21,Doctor (MBBS)
STU010011,17,M,class_12,science_pcm,icse,72.82,66.43,77.14,56.13,3.0,3.77,3.97,4.09,1.69,3.22,4.48,2.46,1.65,2.54,2.43,Software Engineer
STU320113,15,M,class_9,arts,state,64.2,56.59,90.46,51.4,2.86,4.61,4.59,3.88,3.62,2.11,3.33,2.41,4.9,4.68,4.27,Sports Manager
STU090126,18,M,class_12,science_pcb,icse,67.65,69.38,78.45,69.4,4.05,3.93,2.85,4.54,1.76,2.86,3.64,2.67,4.02,3.56,2.23,Dentist
STU230091,22,F,undergraduate,commerce,cbse,53.65,64.44,44.49,89.68,5.0,4.51,3.68,4.5,1.4,3.29,2.0,4.61,4.64,2.2,2.65,Graphic Designer
STU100114,20,F,undergraduate,undecided,cbse,86.32,67.44,76.92,58.09,2.5,3.02,3.52,4.02,3.9,3.2,4.12,1.37,4.19,2.64,3.76,Pharmacist
STU060057,17,F,class_12,science_pcm,cbse,88.0,64.1,81.39,95.56,3.7,3.06,4.3,1.9,1.71,4.96,2.0,4.5,3.27,3.7,2.71,Mechanical Engineer
STU260149,15,F,class_10,arts,cbse,63.54,76.23,73.56,41.11,4.11,1.4,4.95,4.59,3.23,1.92,3.18,4.51,4.77,2.23,2.01,Journalist
STU280077,15,M,class_9,commerce,icse,50.22,83.75,66.11,79.51,3.3,4.35,4.65,3.81,2.71,1.0,3.62,4.75,4.09,3.61,1.24,Content Writer
STU270038,16,F,class_10,arts,state,93.85,50.57,66.96,66.46,4.06,3.8,3.27,1.0,2.57,1.42,2.77,4.34,4.22,3.67,1.49,Film Director
STU150009,17,M,class_12,commerce,cbse,77.89,60.82,86.92,65.97,1.38,3.67,3.85,2.63,3.02,2.57,3.2,3.17,2.32,3.13,2.79,Investment Banker
STU290124,21,M,undergraduate,arts,cbse,93.84,83.53,76.66,81.16,3.48,4.21,4.63,3.62,2.61,3.76,4.2,3.25,4.67,3.55,4.01,IAS Officer
STU340106,14,O,class_9,commerce,icse,66.01,71.94,65.52,65.13,3.54,3.68,4.42,3.89,2.81,4.82,3.81,1.88,1.2,2.3,4.51,Airline Pilot
STU150135,15,M,class_9,commerce,state,88.86,80.59,92.25,60.45,3.17,4.27,3.84,2.49,3.0,1.93,3.76,1.0,2.27,3.32,4.7,Investment Banker
STU220062,17,F,class_12,arts,cbse,61.31,73.09,52.99,26.28,4.07,3.12,4.73,4.35,2.23,3.29,2.49,4.36,4.56,2.22,2.15,UX/UI Designer
STU070064,16,M,class_11,science_pcm,state,64.15,80.03,59.12,90.63,2.66,3.61,4.31,3.92,2.31,4.54,2.47,2.58,4.03,2.5,2.31,Civil Engineer
STU230116,18,F,undergraduate,arts,icse,48.41,54.94,67.43,89.3,3.88,4.14,2.4,1.67,1.91,1.86,2.46,4.39,1.71,3.92,1.25,Graphic Designer
STU270019,14,F,class_9,arts,cbse,84.0,93.52,49.27,99.0,3.87,3.0,4.32,4.46,2.63,4.07,3.5,4.61,3.76,1.94,1.66,Film Director
STU030099,15,M,class_10,commerce,state,83.22,76.71,67.13,83.5,2.4,4.55,2.06,2.94,2.7,4.74,3.92,2.13,1.58,2.81,1.76,AI/ML Engineer
STU180083,21,F,undergraduate,science_pcm,icse,64.59,81.14,87.31,42.61,4.34,3.33,3.2,4.26,2.09,1.83,2.4,2.18,3.97,4.65,3.56,Product Manager
STU330150,14,F,class_9,commerce,cbse,56.53,44.21,73.76,69.72,3.05,3.88,2.59,4.31,3.71,2.69,2.21,4.38,2.52,3.27,3.96,Chef / Culinary Arts
STU200147,18,M,undergraduate,arts,cbse,75.89,87.47,56.2,38.47,3.06,4.3,3.52,3.72,2.92,1.46,3.0,2.78,3.51,4.38,4.53,Corporate Lawyer
STU050105,22,F,undergraduate,science_pcb,cbse,87.42,75.02,97.13,54.09,3.94,4.8,2.74,3.37,3.36,4.13,3.8,1.86,1.52,3.49,2.63,Cloud Architect
STU030132,18,F,class_12,science_pcm,state,85.56,58.11,75.44,61.1,3.54,3.29,2.73,3.2,2.73,4.09,4.73,3.27,1.61,2.56,2.11,AI/ML Engineer
STU320114,18,M,class_12,arts,state,83.0,94.34,54.0,76.4,4.26,3.27,3.2,3.96,1.0,1.61,4.7,3.37,3.68,3.4,2.93,Sports Manager
STU020143,20,M,undergraduate,undecided,cbse,83.27,73.34,83.22,52.0,3.44,1.0,1.8,2.74,2.7,5.0,3.98,4.74,2.17,1.82,1.89,Data Scientist
STU340016,17,M,class_12,commerce,state,72.15,47.63,85.85,70.95,2.0,3.57,4.04,2.37,4.14,4.07,2.19,1.51,2.99,4.6,4.31,Airline Pilot
STU010146,14,F,class_9,science_pcm,cbse,17.59,76.42,81.78,60.43,3.38,2.44,3.55,2.83,1.79,4.09,4.79,3.08,3.4,2.3,1.82,Software Engineer
STU290033,18,M,class_12,science_pcm,icse,88.68,90.77,77.74,86.83,4.5,4.0,4.23,3.75,2.74,2.35,3.5,2.26,4.33,4.1,4.32,IAS Officer
STU140084,18,F,class_12,commerce,cbse,91.82,62.25,83.42,79.88,2.95,4.41,2.0,4.07,3.43,3.14,4.11,3.74,3.85,3.0,3.62,Chartered Accountant
STU250142,20,F,undergraduate,commerce,icse,63.18,92.17,53.28,94.51,3.82,2.72,3.16,2.89,4.08,3.26,2.63,4.23,4.64,2.84,3.51,Fashion Designer
STU290094,19,F,undergraduate,arts,cbse,70.0,99.1,90.76,93.85,4.64,4.4,4.15,4.74,2.19,4.31,5.0,3.61,4.19,5.0,3.89,IAS Officer
STU080116,17,O,class_11,science_pcb,state,66.15,91.36,77.66,45.0,3.43,4.27,4.11,4.19,3.65,2.97,4.67,2.99,3.59,2.6,2.43,Doctor (MBBS)
STU240051,20,F,undergraduate,science_pcm,cbse,71.42,76.01,35.0,79.75,2.24,2.81,4.14,2.67,2.41,3.45,2.65,4.2,3.27,2.66,2.18,Architect
STU140101,18,M,undergraduate,commerce,cbse,89.69,50.0,89.26,43.83,3.85,4.13,3.07,3.39,2.67,2.61,3.54,4.53,2.25,2.61,4.45,Chartered Accountant
STU260011,17,M,class_12,undecided,cbse,51.84,89.81,40.89,85.0,4.72,2.89,5.0,5.0,3.34,1.0,2.7,4.01,4.74,3.28,1.9,Journalist
STU180075,14,F,class_9,science_pcm,state,86.16,55.0,69.34,82.45,3.67,4.11,4.12,2.43,3.84,1.71,1.21,2.09,4.23,5.0,2.72,Product Manager
STU310028,17,M,class_12,science_pcm,cbse,97.87,94.23,79.01,84.31,4.06,2.42,4.41,3.38,3.95,4.48,3.44,1.6,5.0,3.69,2.49,Environmental Scientist
STU030040,18,F,class_12,science_pcb,cbse,71.99,65.98,74.3,68.28,4.42,4.06,1.84,3.02,2.02,3.99,4.95,3.43,3.53,3.17,2.27,AI/ML Engineer
STU280001,19,M,undergraduate,arts,icse,75.46,82.82,46.1,40.54,4.89,4.85,4.8,4.79,4.6,2.5,2.3,3.47,4.66,3.61,2.83,Content Writer
STU260085,22,F,undergraduate,arts,state,78.52,96.12,71.5,50.66,3.5,4.53,4.25,4.95,2.2,1.51,2.42,4.34,4.46,1.02,2.62,Journalist
STU200124,17,M,class_11,commerce,cbse,79.84,68.0,82.64,63.33,1.8,5.0,3.57,3.5,2.98,1.18,4.56,3.94,3.66,3.9,3.45,Corporate Lawyer
STU020116,17,F,class_12,science_pcb,icse,89.25,59.3,65.0,81.25,3.75,4.8,1.84,4.03,1.99,2.67,4.29,1.65,1.9,3.85,3.96,Data Scientist
STU170025,20,F,undergraduate,science_pcm,cbse,92.83,79.66,65.17,47.55,4.05,3.57,4.97,2.21,4.21,2.95,3.09,3.96,2.45,4.49,2.24,Digital Marketing Manager
STU090063,16,M,class_10,science_pcb,cbse,65.0,58.0,70.94,85.0,4.09,3.98,2.77,4.48,3.71,4.2,4.86,2.4,5.0,3.74,2.84,Dentist
STU120122,16,M,class_10,arts,icse,23.34,70.15,92.66,59.27,2.74,4.43,4.27,4.53,3.24,3.01,4.65,2.95,4.07,1.36,3.67,Clinical Psychologist
STU240062,17,F,class_11,science_pcm,cbse,72.37,79.28,72.7,62.95,4.88,3.9,2.94,2.2,2.58,2.54,4.0,4.69,2.97,1.63,1.91,Architect
STU020122,21,F,undergraduate,undecided,icse,75.6,70.44,76.8,74.56,4.47,1.0,4.03,3.2,1.3,3.68,5.0,2.43,3.42,3.04,3.1,Data Scientist
STU050097,15,F,class_9,arts,icse,75.48,76.99,76.42,100.0,3.18,3.98,3.22,2.68,3.16,2.22,3.83,2.49,3.67,3.42,4.61,Cloud Architect
STU050148,16,F,class_10,science_pcm,state,89.2,71.48,98.0,57.61,4.54,4.07,1.8,4.08,3.16,1.54,4.47,2.92,3.16,3.13,3.23,Cloud Architect
STU020095,15,F,class_9,commerce,cbse,89.43,62.89,65.0,63.89,4.09,3.95,2.98,2.24,2.09,3.38,4.23,2.44,3.44,2.26,1.78,Data Scientist
STU030018,21,M,undergraduate,science_pcm,cbse,74.95,78.13,98.0,90.0,3.36,4.43,3.74,3.51,1.78,2.73,5.0,3.69,2.91,2.02,2.19,AI/ML Engineer
STU040027,17,M,class_12,science_pcm,state,80.73,65.7,35.38,64.05,3.11,3.53,3.04,3.0,1.79,3.09,4.4,3.18,2.85,3.31,3.72,Cybersecurity Analyst
STU140083,16,M,class_11,undecided,cbse,76.17,22.41,98.16,66.57,3.81,4.93,3.02,2.53,1.64,3.34,4.56,3.41,2.26,4.96,4.45,Chartered Accountant
STU070058,17,F,class_12,undecided,icse,48.0,55.51,45.0,68.73,2.79,4.57,3.78,4.7,2.76,4.34,2.8,3.32,4.06,2.24,4.11,Civil Engineer
STU270085,17,F,class_12,undecided,state,64.34,88.2,50.37,76.33,4.79,4.7,3.04,2.26,3.57,3.69,3.65,4.57,5.0,3.96,3.5,Film Director
STU060064,18,M,undergraduate,science_pcb,cbse,65.54,46.88,72.92,79.35,4.5,4.17,2.3,4.1,1.6,3.61,3.46,3.25,3.07,1.76,4.51,Mechanical Engineer
STU290058,17,F,class_12,undecided,cbse,79.7,70.0,73.84,33.22,3.72,4.59,4.05,4.58,1.02,2.56,4.34,2.13,3.83,4.24,3.21,IAS Officer
STU130115,15,F,class_10,undecided,icse,89.04,63.91,92.85,74.38,4.24,4.13,3.48,4.68,3.9,2.53,3.32,2.05,4.11,2.61,1.62,Physiotherapist
STU260061,19,F,undergraduate,arts,icse,54.86,87.25,63.53,60.56,4.2,3.9,3.83,4.33,3.61,1.15,4.08,3.59,3.93,3.12,5.0,Journalist
STU320047,19,M,undergraduate,commerce,icse,84.81,71.34,67.37,48.92,4.39,4.04,4.18,3.7,3.81,2.92,4.06,2.02,1.78,4.97,3.48,Sports Manager
STU240038,20,M,undergraduate,science_pcb,ib,62.37,67.93,68.28,73.08,4.44,2.53,4.35,2.03,2.06,1.78,1.4,4.41,4.16,3.15,1.3,Architect
STU090098,15,F,class_9,science_pcb,cbse,67.44,66.22,82.84,70.3,4.56,3.88,3.44,4.36,1.89,2.0,4.14,2.09,2.32,2.09,1.75,Dentist
STU280100,16,F,class_10,undecided,icse,51.15,96.56,28.27,54.79,4.03,4.08,4.75,5.0,1.74,2.75,1.81,1.03,3.9,2.99,2.94,Content Writer
STU130005,19,M,undergraduate,science_pcm,icse,77.31,64.99,95.0,69.9,4.04,4.07,4.07,4.44,1.95,3.89,4.16,2.48,5.0,2.23,3.33,Physiotherapist
STU060009,16,M,class_10,science_pcm,state,67.2,67.7,59.41,60.9,3.3,3.4,2.02,3.37,1.58,3.96,2.18,3.0,5.0,2.11,4.19,Mechanical Engineer
STU020101,15,M,class_9,science_pcm,cbse,79.82,89.98,79.9,69.15,3.51,3.67,4.1,3.0,1.67,4.88,4.66,4.02,2.67,1.96,2.96,Data Scientist
STU170062,21,M,undergraduate,arts,icse,79.1,79.93,69.26,48.83,3.65,4.38,3.61,2.2,1.92,4.14,2.87,3.14,2.35,4.85,3.48,Digital Marketing Manager
STU040096,14,M,class_9,science_pcm,icse,68.0,46.44,33.8,78.57,4.23,4.8,4.1,3.29,2.05,3.7,4.76,2.85,1.54,3.53,3.38,Cybersecurity Analyst
STU220092,16,M,class_11,arts,cbse,44.23,73.22,66.58,79.25,4.61,3.68,3.0,4.31,2.16,2.78,2.07,2.15,4.15,4.6,2.41,UX/UI Designer
STU050139,16,F,class_10,science_pcb,cbse,77.21,79.25,73.04,65.32,4.68,3.24,3.58,3.87,3.7,4.06,3.97,2.77,3.31,2.64,2.61,Cloud Architect
STU030011,16,F,class_11,science_pcm,state,70.34,64.27,34.92,79.44,4.7,4.27,2.78,3.58,3.6,3.82,4.48,2.69,3.22,1.99,2.84,AI/ML Engineer
STU270047,16,F,class_11,arts,icse,42.0,78.85,68.87,77.14,4.04,4.11,3.39,2.56,4.04,1.2,4.0,4.13,2.3,1.74,2.76,Film Director
STU200092,22,M,undergraduate,undecided,cbse,75.66,68.03,90.0,68.16,2.7,3.86,4.72,3.69,3.78,2.96,2.6,3.13,4.61,4.77,4.14,Corporate Lawyer
STU080082,17,M,class_12,science_pcb,icse,66.12,82.84,100.0,78.55,4.13,2.0,3.02,4.03,3.49,2.12,1.0,3.16,4.23,3.34,2.55,Doctor (MBBS)
STU100100,17,M,class_12,undecided,cbse,81.46,88.47,62.0,50.19,3.49,2.59,2.54,3.91,3.9,3.11,4.85,1.87,4.9,1.63,3.22,Pharmacist
STU340069,17,F,class_12,commerce,cbse,80.17,48.34,72.92,60.0,2.91,3.87,4.2,2.21,1.1,4.05,4.5,1.89,1.69,3.04,3.6,Airline Pilot
STU010016,15,F,class_9,science_pcm,icse,49.23,45.0,87.3,90.0,3.0,4.28,2.56,3.89,3.63,3.24,4.66,3.9,4.67,2.25,2.62,Software Engineer
STU220083,16,M,class_10,science_pcm,cbse,44.11,77.11,59.89,76.07,4.66,3.8,3.42,3.71,2.31,1.84,1.54,4.39,4.27,3.74,2.61,UX/UI Designer
STU190070,20,M,undergraduate,vocational,cbse,71.66,91.76,92.0,77.97,3.44,3.1,4.67,2.2,3.66,1.89,2.32,2.28,4.9,4.45,3.57,Entrepreneur
STU240019,15,O,class_9,science_pcm,cbse,87.28,70.72,44.16,89.74,4.59,2.98,2.92,3.35,4.5,4.2,3.0,4.18,2.81,4.8,1.15,Architect
STU070021,18,F,class_12,undecided,cbse,60.24,38.21,57.81,76.24,2.0,3.0,4.08,2.21,3.63,4.46,2.25,2.21,2.53,3.59,2.79,Civil Engineer
STU210030,20,F,undergraduate,science_pcm,state,82.47,94.38,48.17,73.77,3.12,3.56,3.12,2.67,2.76,2.05,4.65,3.24,3.16,3.12,2.47,Civil Lawyer
STU100023,20,F,undergraduate,science_pcb,state,83.8,61.96,63.25,77.8,2.75,3.47,3.29,4.63,2.47,3.49,4.4,1.61,3.67,1.2,4.3,Pharmacist
STU240138,19,M,undergraduate,arts,state,60.74,54.39,39.77,82.77,4.89,4.0,2.83,2.45,4.48,2.8,3.13,2.84,2.76,4.04,2.51,Architect
STU170145,17,M,class_12,science_pcm,cbse,76.6,69.95,51.4,58.42,2.99,4.02,4.28,3.06,2.39,2.67,4.1,1.39,3.0,3.85,2.2,Digital Marketing Manager
STU240149,16,M,class_11,science_pcm,cbse,56.72,48.0,38.49,92.87,3.7,2.96,3.02,1.7,4.25,3.24,1.86,4.12,3.48,1.8,3.08,Architect
STU010039,21,O,undergraduate,science_pcm,cbse,100.0,45.09,82.27,63.36,3.81,4.02,3.72,2.7,1.44,4.98,4.24,2.41,3.17,2.97,2.94,Software Engineer
STU030064,18,F,class_12,commerce,cbse,76.32,45.0,71.09,76.91,3.35,1.43,1.95,4.15,3.5,3.35,4.97,2.54,3.22,3.87,3.13,AI/ML Engineer
STU310026,21,F,undergraduate,undecided,state,96.86,79.09,76.13,98.0,3.31,4.34,4.49,4.3,1.0,3.73,3.42,2.19,5.0,4.69,2.82,Environmental Scientist
STU020033,17,M,class_12,science_pcb,icse,84.41,79.46,70.57,58.76,4.09,3.07,3.88,3.7,2.32,4.73,4.38,1.92,2.0,3.22,3.13,Data Scientist
STU210034,17,M,class_12,science_pcm,state,96.0,90.94,48.3,78.62,4.22,3.47,1.52,2.2,3.8,1.36,2.85,2.74,3.37,3.04,4.33,Civil Lawyer
STU200134,15,F,class_10,undecided,state,79.02,74.81,48.01,95.7,4.16,4.47,2.57,3.81,1.74,3.5,4.04,1.93,4.57,4.21,3.07,Corporate Lawyer
STU080145,15,M,class_10,science_pcb,cbse,81.78,61.67,97.73,45.0,2.5,3.41,2.54,4.84,2.54,3.43,4.2,2.35,4.16,3.28,2.15,Doctor (MBBS)
STU200003,15,F,class_10,arts,cbse,91.05,78.16,66.98,78.19,3.0,4.14,2.99,2.37,1.3,1.91,3.74,2.91,3.93,2.12,3.41,Corporate Lawyer
STU270032,21,F,undergraduate,arts,state,73.37,83.02,57.33,89.4,4.56,4.19,2.59,2.31,2.68,4.29,2.72,4.71,2.61,4.26,2.39,Film Director
STU080072,18,M,class_12,science_pcb,state,61.21,72.33,94.13,64.38,2.67,4.45,4.0,3.5,1.91,3.38,3.57,2.6,3.53,2.0,3.47,Doctor (MBBS)
STU150136,14,F,class_9,science_pcm,ib,69.68,67.87,82.99,66.52,4.48,4.57,2.22,3.23,4.1,3.01,2.14,1.05,2.07,4.61,3.81,Investment Banker
STU180118,19,M,undergraduate,undecided,state,70.14,85.3,61.23,48.14,3.44,4.46,4.87,3.71,4.01,2.76,2.04,2.07,3.23,4.05,3.06,Product Manager
STU260112,18,F,class_12,arts,state,85.02,95.02,71.94,38.11,3.69,4.34,4.07,4.83,3.67,1.78,2.73,4.77,4.72,3.66,1.91,Journalist
STU220074,17,F,class_11,undecided,state,62.47,61.11,62.76,84.86,4.04,3.24,4.39,2.89,1.4,3.67,2.83,4.72,3.27,3.25,1.99,UX/UI Designer
STU080133,17,M,class_12,science_pcb,state,55.51,91.74,100.0,84.6,3.96,4.88,2.34,4.37,2.22,3.68,4.71,2.0,3.71,3.47,2.03,Doctor (MBBS)
STU290071,17,F,class_12,arts,cbse,71.92,93.18,77.57,91.63,3.37,4.44,3.6,4.02,2.52,2.0,3.08,2.43,4.29,4.81,4.14,IAS Officer
STU300034,18,M,class_12,science_pcm,state,71.48,56.18,66.33,64.05,3.45,3.03,3.62,2.71,4.2,4.69,4.3,2.18,1.2,1.84,2.19,Defence Officer (Indian Armed Forces)
STU050015,18,F,class_12,vocational,state,73.77,45.0,93.78,99.02,4.9,4.0,2.67,3.23,2.97,2.35,3.69,2.88,2.73,4.3,2.97,Cloud Architect
STU340058,17,F,class_11,science_pcm,cbse,66.81,48.09,62.01,85.79,4.18,3.68,3.95,3.9,3.84,4.47,4.49,1.91,2.12,3.3,3.05,Airline Pilot
STU100117,17,M,class_11,science_pcb,cbse,100.0,74.59,62.0,45.24,4.49,4.61,4.34,3.76,3.15,3.57,4.92,3.05,4.46,1.45,4.1,Pharmacist
STU030102,19,F,undergraduate,science_pcm,cbse,76.68,80.58,77.22,85.24,4.42,4.62,4.1,4.04,1.69,4.88,4.15,2.45,2.58,1.85,3.42,AI/ML Engineer
STU210043,15,F,class_10,commerce,cbse,67.22,94.64,58.51,72.1,3.78,3.96,2.36,3.79,4.88,2.44,2.95,2.03,3.42,4.11,1.28,Civil Lawyer
STU070035,21,F,undergraduate,undecided,icse,58.1,61.44,71.3,60.0,2.0,4.6,2.89,3.98,2.65,3.5,4.16,1.44,3.79,2.18,4.57,Civil Engineer
STU170020,22,M,undergraduate,arts,cbse,94.0,56.66,64.85,58.96,3.34,4.81,2.99,3.1,1.95,2.26,2.31,1.91,4.53,5.0,2.0,Digital Marketing Manager
STU280099,17,M,class_11,arts,cbse,48.51,98.08,63.8,50.89,4.8,4.65,4.13,3.25,2.88,3.4,3.31,3.49,3.95,2.17,1.65,Content Writer
STU310108,14,O,class_9,science_pcm,cbse,75.83,95.72,78.12,86.11,3.83,4.37,1.0,4.36,2.77,2.52,4.3,2.22,4.45,3.81,4.8,Environmental Scientist
STU180092,16,F,class_10,undecided,cbse,81.17,81.24,68.77,69.61,4.9,4.21,5.0,2.72,3.93,3.55,2.19,1.93,3.91,3.4,3.66,Product Manager
STU300089,18,F,undergraduate,vocational,state,32.17,48.81,55.88,69.87,3.01,4.13,2.85,3.29,1.84,4.41,3.31,1.3,4.59,1.5,2.83,Defence Officer (Indian Armed Forces)
STU050127,18,M,undergraduate,commerce,icse,84.26,63.92,57.76,67.42,4.13,4.78,1.8,3.8,2.47,2.84,4.92,2.48,2.72,3.72,4.2,Cloud Architect
STU060077,18,M,class_12,undecided,cbse,82.59,38.85,79.59,95.31,3.78,1.0,2.49,2.81,2.73,3.83,4.24,4.14,1.86,1.5,3.74,Mechanical Engineer
STU110022,16,M,class_11,science_pcb,state,71.84,75.35,100.0,49.18,4.32,2.06,3.25,4.36,2.45,3.31,2.88,2.55,4.92,3.17,1.0,Biomedical Engineer
STU330043,22,O,undergraduate,undecided,cbse,63.98,73.26,60.01,73.08,2.72,3.39,3.85,2.18,3.72,4.14,2.46,1.97,4.36,3.38,3.49,Chef / Culinary Arts
STU200081,15,F,class_10,arts,icse,76.61,68.96,50.97,44.81,3.65,3.69,4.49,1.45,3.72,1.7,4.68,2.04,3.58,3.19,2.92,Corporate Lawyer
STU010137,17,M,class_11,science_pcm,cbse,74.72,45.65,69.25,77.59,3.51,3.89,1.82,3.34,2.55,3.77,4.33,1.4,1.9,4.48,3.49,Software Engineer
STU240141,20,F,undergraduate,science_pcm,state,65.57,86.55,35.0,95.46,4.89,2.49,2.87,4.77,1.77,2.87,1.9,4.56,3.79,3.04,3.5,Architect
STU050029,16,M,class_10,science_pcm,icse,82.38,57.37,84.57,84.98,4.48,4.36,3.24,3.04,2.32,3.8,4.2,3.94,2.11,3.49,3.03,Cloud Architect
STU030035,17,M,class_12,undecided,icse,74.26,64.25,93.75,65.87,3.15,4.15,2.04,2.66,2.06,3.7,4.62,2.5,3.09,2.22,1.0,AI/ML Engineer
STU260104,18,F,class_12,arts,cbse,78.16,80.34,46.3,69.89,2.27,2.87,5.0,3.0,3.14,4.31,3.16,3.58,4.28,2.87,4.5,Journalist
STU030091,17,M,class_11,science_pcm,cbse,82.91,74.82,86.86,67.12,4.33,3.15,2.04,3.8,3.5,2.74,4.82,1.98,2.49,3.22,3.61,AI/ML Engineer
STU300128,18,F,undergraduate,science_pcm,icse,62.16,69.89,75.61,66.94,3.0,3.84,3.68,3.83,3.62,4.16,3.45,2.92,3.79,3.22,3.4,Defence Officer (Indian Armed Forces)
STU340025,19,M,undergraduate,science_pcb,icse,97.76,57.14,63.48,93.51,2.72,4.22,2.85,4.09,1.51,4.31,5.0,1.67,3.93,2.93,2.94,Airline Pilot
STU300148,18,F,class_12,vocational,icse,76.64,51.96,55.43,84.78,4.43,1.0,3.23,4.16,1.78,5.0,3.48,3.4,1.2,4.26,1.57,Defence Officer (Indian Armed Forces)
STU130018,17,F,class_11,science_pcb,cbse,64.07,58.23,84.11,65.23,4.04,3.7,4.5,4.6,1.69,3.6,4.39,1.69,4.81,1.93,3.84,Physiotherapist
STU030101,20,O,undergraduate,undecided,state,57.07,59.93,70.07,90.0,3.82,3.1,1.24,3.44,2.09,4.24,4.76,1.97,2.89,1.69,3.4,AI/ML Engineer
STU050111,17,M,class_11,science_pcm,ib,76.75,42.08,86.19,58.06,4.31,3.68,3.66,3.23,1.48,4.16,4.58,3.46,3.38,2.17,2.44,Cloud Architect
STU070140,22,F,undergraduate,science_pcm,cbse,65.16,48.01,51.46,67.62,3.08,2.54,3.38,2.62,3.0,4.07,4.5,2.48,3.11,2.18,2.18,Civil Engineer
STU060028,20,M,undergraduate,science_pcm,state,57.0,71.17,54.25,60.0,3.41,4.9,2.83,2.67,3.34,4.41,2.33,3.69,1.37,4.6,3.72,Mechanical Engineer
STU230060,14,M,class_9,arts,cbse,43.86,48.0,51.09,31.07,3.8,2.76,2.88,4.48,4.42,2.15,4.11,1.26,2.15,2.99,3.16,Graphic Designer
STU010047,15,M,class_10,science_pcm,cbse,32.21,71.89,81.77,52.0,4.3,2.48,2.21,3.76,1.8,4.62,3.98,3.77,1.3,4.0,2.1,Software Engineer
STU110062,18,F,undergraduate,science_pcb,cbse,55.0,78.17,71.03,48.55,3.76,4.08,2.2,4.58,3.61,3.7,4.96,2.1,4.3,1.71,3.52,Biomedical Engineer
STU330098,17,F,class_12,vocational,cbse,68.88,41.5,86.33,82.83,2.15,4.08,2.81,4.08,1.89,4.15,2.04,2.27,2.84,3.61,1.94,Chef / Culinary Arts
STU250043,21,M,undergraduate,arts,cbse,71.19,96.0,72.08,62.57,4.95,3.99,2.83,2.98,1.87,4.41,3.54,4.56,4.57,2.88,2.09,Fashion Designer
STU250127,19,M,undergraduate,arts,state,52.79,51.51,70.73,68.18,4.54,3.55,4.32,3.3,2.49,1.57,2.52,4.62,3.73,4.85,3.35,Fashion Designer
STU330142,16,O,class_11,undecided,ib,74.73,44.88,64.61,76.67,3.13,4.23,3.93,3.94,4.17,4.82,3.69,2.94,3.41,3.77,4.41,Chef / Culinary Arts
STU080063,19,F,undergraduate,science_pcb,state,87.76,69.05,81.94,56.79,4.34,4.69,4.5,3.74,2.44,3.4,3.78,1.66,4.16,3.25,2.84,Doctor (MBBS)
STU170114,18,M,class_12,science_pcm,icse,94.0,64.08,84.73,40.0,3.49,3.73,3.52,2.62,3.66,2.63,2.13,2.33,3.7,4.33,3.65,Digital Marketing Manager
STU250009,22,M,undergraduate,commerce,icse,82.11,80.73,76.82,93.21,4.69,3.02,3.33,2.73,2.49,2.25,3.12,4.68,4.09,3.24,3.31,Fashion Designer
STU090024,19,F,undergraduate,science_pcb,cbse,79.5,64.11,77.29,80.21,1.54,1.19,3.34,3.62,1.71,3.05,3.78,1.2,3.7,1.2,1.76,Dentist
STU340006,15,M,class_9,science_pcm,icse,70.0,56.65,46.33,88.44,4.5,4.8,3.61,4.03,1.84,4.79,2.37,4.5,1.33,4.16,3.91,Airline Pilot
STU210024,14,M,class_9,arts,icse,74.73,98.52,80.99,40.7,3.68,3.91,2.3,3.34,4.3,2.01,3.0,1.97,4.24,3.98,4.83,Civil Lawyer
STU170022,16,F,class_11,commerce,cbse,70.85,93.7,80.89,76.63,4.9,4.68,4.71,2.97,1.74,2.63,2.0,3.61,1.17,4.25,2.0,Digital Marketing Manager
STU110009,16,M,class_11,science_pcb,icse,55.0,91.17,62.0,85.0,4.49,3.99,3.48,3.83,4.83,3.19,4.36,1.2,4.16,1.04,2.68,Biomedical Engineer
STU120101,18,F,class_12,undecided,cbse,85.9,58.0,81.73,65.52,3.65,4.14,3.99,4.25,3.65,2.4,3.5,2.45,3.67,2.27,2.97,Clinical Psychologist
STU330136,16,F,class_11,vocational,state,84.48,77.2,90.0,64.95,3.38,1.52,4.26,2.85,1.81,4.4,4.06,1.34,3.81,3.0,4.8,Chef / Culinary Arts
STU280131,18,M,class_12,arts,cbse,83.56,99.52,46.21,67.05,4.0,4.36,3.79,4.36,4.0,1.05,3.62,3.74,4.09,3.68,3.14,Content Writer
STU120150,17,M,class_11,arts,icse,88.93,74.29,95.0,58.47,2.95,4.36,3.13,4.5,2.79,3.96,4.25,2.34,4.67,3.8,3.23,Clinical Psychologist
STU030039,15,F,class_10,commerce,state,77.38,45.39,98.0,27.76,3.39,3.1,4.1,2.87,2.92,4.58,4.55,1.85,4.05,3.21,3.19,AI/ML Engineer
STU020066,16,M,class_11,science_pcb,icse,85.76,77.8,86.27,56.04,3.68,4.78,3.09,2.43,2.66,2.77,3.79,3.53,1.86,1.7,3.01,Data Scientist
STU250064,18,M,undergraduate,arts,icse,74.15,96.0,58.79,5.72,4.78,3.26,4.36,4.29,5.0,3.96,1.56,4.51,5.0,3.51,1.92,Fashion Designer
STU090142,14,M,class_9,science_pcb,cbse,57.02,63.6,62.0,84.3,3.72,3.59,3.79,3.81,2.13,3.2,4.77,2.22,4.23,3.23,3.95,Dentist
STU010012,16,M,class_11,undecided,cbse,70.0,71.65,70.79,72.29,3.95,3.81,3.45,2.3,1.57,3.0,3.79,3.89,1.81,4.0,4.11,Software Engineer
STU260137,16,M,class_11,commerce,cbse,49.61,82.07,52.07,40.09,3.84,3.27,3.9,3.28,2.09,2.79,1.41,3.77,3.65,3.77,1.99,Journalist
STU110021,18,F,class_12,undecided,cbse,80.6,68.65,87.22,53.65,4.58,4.7,2.84,4.96,1.2,3.22,4.61,1.42,2.04,3.04,3.76,Biomedical Engineer
STU260145,14,M,class_9,arts,cbse,74.21,95.35,36.3,26.49,3.6,4.27,4.58,4.49,1.4,2.04,3.9,4.85,4.55,3.2,1.27,Journalist
STU250041,17,M,class_12,science_pcm,icse,67.07,54.93,73.87,79.97,5.0,2.63,2.51,3.73,3.02,2.19,2.28,4.17,2.95,2.24,4.08,Fashion Designer
STU030030,15,M,class_9,commerce,icse,82.91,58.18,65.0,74.57,4.14,3.63,2.27,2.8,2.49,3.03,3.89,1.95,1.3,3.47,4.07,AI/ML Engineer
STU270042,16,O,class_11,commerce,state,69.8,65.65,43.05,86.54,5.0,4.29,2.98,3.35,4.2,1.2,2.12,4.31,3.69,1.03,1.48,Film Director
STU210005,19,F,undergraduate,arts,cbse,77.73,79.76,69.97,42.36,3.49,4.04,2.94,4.48,2.78,2.52,4.72,4.48,1.46,4.14,3.64,Civil Lawyer
STU200015,19,M,undergraduate,commerce,icse,70.42,75.07,83.52,53.48,3.01,4.49,3.07,3.93,2.76,2.77,3.01,3.81,4.82,3.12,2.41,Corporate Lawyer
STU210116,22,F,undergraduate,commerce,ib,82.95,86.69,68.29,66.1,4.74,4.4,2.95,3.72,1.89,2.36,4.36,3.58,4.64,2.89,4.54,Civil Lawyer
STU330139,21,M,undergraduate,arts,state,84.04,51.13,48.2,61.98,5.0,4.3,3.43,4.19,3.79,5.0,3.54,1.3,2.22,2.18,1.84,Chef / Culinary Arts
STU160073,18,F,class_12,commerce,icse,80.83,91.22,67.63,66.35,3.24,4.31,3.72,4.18,3.81,2.44,2.08,2.92,3.42,2.22,3.74,Management Consultant
STU180022,17,M,class_11,science_pcm,state,77.48,66.35,77.27,40.71,3.18,4.43,4.23,2.7,3.01,1.55,4.49,2.74,4.28,4.63,3.76,Product Manager
STU200064,19,M,undergraduate,arts,icse,73.01,88.38,80.67,74.05,4.78,3.3,3.78,2.75,4.16,1.79,4.19,3.51,3.4,4.92,4.38,Corporate Lawyer
STU010102,15,F,class_10,science_pcm,cbse,95.48,78.28,93.9,90.89,3.98,4.23,2.13,3.34,3.04,4.21,3.72,2.72,1.55,1.8,1.7,Software Engineer
STU240100,16,F,class_11,science_pcm,icse,52.24,84.07,44.51,62.0,4.56,3.73,2.47,2.97,2.3,2.61,2.64,4.59,4.2,2.77,1.82,Architect
STU100109,18,F,class_12,science_pcb,state,72.0,65.07,70.15,56.09,2.65,3.55,3.5,4.0,1.3,1.7,3.75,1.65,3.83,2.27,3.16,Pharmacist
STU020022,16,M,class_10,science_pcm,state,78.39,57.27,74.28,52.0,4.23,3.65,2.71,5.0,1.73,2.79,4.08,2.41,2.38,3.61,1.92,Data Scientist
STU010108,22,F,undergraduate,commerce,state,85.89,79.17,86.72,54.18,3.0,3.36,3.09,4.3,1.87,3.27,4.35,2.72,1.97,3.83,2.75,Software Engineer
STU290084,22,F,undergraduate,arts,icse,89.92,7.91,71.38,77.25,4.11,5.0,3.92,4.32,1.58,2.18,3.41,2.75,4.67,4.37,1.77,IAS Officer
STU240120,22,F,undergraduate,science_pcm,cbse,82.39,60.21,38.09,96.36,4.56,4.67,1.53,3.67,3.43,2.98,2.8,4.32,2.37,1.94,1.17,Architect
STU340142,17,F,class_12,science_pcm,cbse,58.5,41.78,46.27,68.4,1.37,3.0,2.23,2.82,1.5,3.86,4.07,3.81,2.48,4.33,4.0,Airline Pilot
STU260125,22,F,undergraduate,arts,cbse,70.3,95.06,42.35,35.0,4.48,4.12,4.28,3.89,1.86,2.77,1.81,4.39,3.81,3.1,2.66,Journalist
STU300036,16,M,class_10,science_pcm,icse,68.54,55.41,76.87,74.16,3.27,3.0,4.21,3.17,3.04,4.39,4.3,2.87,3.74,1.77,4.42,Defence Officer (Indian Armed Forces)
STU010025,14,M,class_9,science_pcm,cbse,70.0,58.87,88.58,52.0,3.81,3.33,2.27,2.73,2.04,4.24,5.0,2.51,3.1,3.44,3.58,Software Engineer
STU270132,17,M,class_12,undecided,icse,52.62,55.27,38.18,75.73,4.31,2.9,4.69,2.85,1.4,3.14,3.57,4.56,4.1,3.78,1.24,Film Director
STU290008,17,M,class_12,commerce,state,78.13,70.0,42.26,99.84,3.55,4.67,3.81,3.29,1.54,3.6,3.64,3.7,4.28,4.05,4.41,IAS Officer
STU070039,14,M,class_9,science_pcm,state,60.41,87.7,74.81,62.99,3.06,3.08,4.6,2.38,2.78,4.72,3.5,4.5,3.75,4.6,4.27,Civil Engineer
STU010061,19,M,undergraduate,science_pcm,state,99.87,45.0,92.5,68.75,3.55,3.1,1.82,3.3,3.64,3.92,4.86,2.4,2.49,2.39,3.15,Software Engineer
STU090041,22,M,undergraduate,science_pcb,state,55.0,39.15,83.18,66.88,3.9,4.64,4.31,3.58,3.11,2.47,4.71,2.09,3.63,1.68,3.25,Dentist
STU320084,17,M,class_12,undecided,cbse,85.53,90.37,54.08,54.69,4.24,1.55,4.59,2.45,3.26,3.39,4.58,1.6,2.67,3.85,2.85,Sports Manager
STU070141,14,M,class_9,science_pcm,cbse,59.67,76.78,88.33,80.4,2.34,3.39,3.86,4.7,2.43,4.83,2.95,3.27,3.87,4.6,2.53,Civil Engineer
STU290074,17,M,class_11,arts,icse,82.07,85.95,86.61,85.66,3.54,4.77,4.63,4.51,3.8,3.3,1.92,1.89,4.73,4.66,2.2,IAS Officer
STU190061,14,M,class_9,undecided,cbse,74.75,70.09,62.12,77.06,4.24,4.31,3.62,3.9,2.18,1.18,3.2,3.81,3.71,4.29,2.35,Entrepreneur
STU150021,19,M,undergraduate,commerce,state,87.5,83.63,99.0,75.26,2.31,3.98,4.05,2.88,2.23,2.82,4.8,2.45,1.51,3.61,3.42,Investment Banker
STU110025,17,F,class_12,undecided,cbse,73.15,87.02,92.66,70.51,4.25,3.46,3.38,4.12,3.47,3.58,3.5,2.92,3.88,3.09,3.56,Biomedical Engineer
STU240072,17,F,class_12,arts,icse,55.33,86.21,75.15,73.6,3.02,3.29,4.36,2.22,1.88,1.45,3.48,5.0,2.61,2.19,2.61,Architect
STU020004,20,M,undergraduate,science_pcm,icse,85.4,90.93,94.19,72.79,4.3,4.68,4.1,3.8,5.0,4.76,4.34,2.83,1.68,3.81,3.41,Data Scientist
STU150149,17,M,class_12,commerce,ib,84.09,76.57,72.62,53.27,3.19,1.38,3.07,3.89,2.5,2.74,3.85,2.6,2.06,4.03,4.94,Investment Banker
STU040032,17,M,class_12,science_pcm,state,94.03,70.84,67.45,54.77,1.94,4.3,3.89,3.02,2.92,4.31,4.85,2.04,2.12,2.41,3.09,Cybersecurity Analyst
STU290121,18,F,undergraduate,arts,state,58.17,52.88,97.79,84.54,4.22,4.47,3.01,4.22,3.8,3.09,3.35,2.06,4.53,3.91,1.64,IAS Officer
STU300046,16,M,class_10,commerce,state,70.4,34.36,69.78,69.41,3.38,4.29,2.81,3.86,4.05,4.64,3.65,1.0,4.32,2.04,3.95,Defence Officer (Indian Armed Forces)
STU240129,14,F,class_9,arts,ib,49.68,76.42,67.07,62.75,3.7,3.68,3.38,3.83,4.1,3.7,3.66,4.39,3.87,2.86,1.01,Architect
STU290011,17,M,class_12,science_pcm,state,56.98,91.32,92.88,73.49,4.63,4.25,4.16,3.93,1.0,4.26,4.07,1.3,5.0,4.84,1.02,IAS Officer
STU270021,21,M,undergraduate,vocational,cbse,42.0,55.25,72.6,84.38,5.0,4.67,3.01,4.03,3.18,1.97,3.85,4.61,4.24,3.04,2.2,Film Director
STU240113,21,F,undergraduate,science_pcm,cbse,63.67,60.36,56.28,84.59,4.61,4.18,2.9,4.54,1.97,2.58,1.73,4.22,2.31,3.15,2.19,Architect
STU230016,14,F,class_9,commerce,cbse,66.02,64.76,75.3,67.89,3.94,4.7,3.16,4.34,2.07,2.07,2.04,3.95,3.52,2.52,2.19,Graphic Designer
STU120113,21,F,undergraduate,undecided,cbse,92.0,82.72,95.0,45.14,4.28,4.08,2.34,3.57,2.01,2.93,4.48,2.14,4.15,3.06,3.33,Clinical Psychologist
STU240089,15,F,class_9,commerce,cbse,89.17,42.7,73.06,71.49,4.35,2.68,2.9,2.69,2.15,1.44,3.33,1.11,4.33,2.71,2.59,Architect
STU330102,17,F,class_11,vocational,state,77.34,64.42,54.4,80.59,3.15,3.14,2.95,2.25,2.1,3.74,2.28,3.84,3.24,3.92,2.8,Chef / Culinary Arts
STU060001,22,F,undergraduate,undecided,state,66.49,49.64,63.38,61.43,2.06,4.5,2.53,2.71,1.45,3.8,2.67,3.67,1.73,4.37,2.82,Mechanical Engineer
STU250020,21,M,undergraduate,commerce,icse,83.15,68.41,48.29,81.19,4.05,3.17,3.01,2.51,1.74,3.57,2.36,4.73,3.68,4.49,2.63,Fashion Designer
STU120136,20,F,undergraduate,science_pcb,icse,75.87,74.45,90.5,67.74,3.92,4.59,3.46,4.32,1.36,4.12,3.57,3.66,4.47,2.34,3.37,Clinical Psychologist
STU310125,15,F,class_10,science_pcb,icse,72.4,85.27,94.83,93.57,4.2,4.78,4.5,5.0,1.5,3.21,5.0,1.68,4.24,3.53,4.33,Environmental Scientist
STU230084,15,F,class_10,arts,cbse,67.74,96.0,39.92,75.66,3.93,3.03,4.74,3.05,1.4,3.26,2.0,4.62,2.3,4.1,2.04,Graphic Designer
STU290024,17,M,class_12,science_pcb,state,80.92,34.34,71.9,90.16,3.89,5.0,3.78,3.63,1.28,3.14,3.88,1.01,1.79,4.52,3.55,IAS Officer
STU030106,17,M,class_12,science_pcm,cbse,76.67,58.8,92.05,69.58,4.9,3.8,2.86,2.79,3.55,1.98,3.6,1.72,2.92,2.71,2.05,AI/ML Engineer
STU060008,18,F,undergraduate,science_pcm,state,85.22,78.0,45.6,77.46,3.59,4.52,2.73,3.52,1.1,4.61,3.39,2.75,2.43,2.86,2.02,Mechanical Engineer
STU190012,18,M,undergraduate,commerce,cbse,78.4,72.91,72.83,53.95,3.7,4.61,4.45,3.11,2.63,2.18,2.01,1.78,2.2,3.45,2.0,Entrepreneur
STU180121,17,M,class_11,science_pcm,cbse,57.55,71.12,58.93,40.0,4.83,3.41,3.88,4.63,4.12,2.59,4.28,1.72,2.76,3.99,2.64,Product Manager
STU280075,17,M,class_11,arts,state,74.13,79.93,66.22,55.22,3.89,2.98,3.72,3.8,2.69,1.43,4.1,3.98,4.8,4.24,2.88,Content Writer
STU010098,16,M,class_10,commerce,state,76.35,76.98,72.67,57.22,5.0,2.18,3.79,1.0,3.7,3.29,4.76,3.85,1.53,3.47,1.7,Software Engineer
STU090134,18,F,class_12,undecided,cbse,56.19,78.07,75.61,49.15,3.4,1.48,3.39,4.76,3.58,3.95,4.89,2.26,4.39,2.26,3.56,Dentist
STU310045,17,F,class_12,undecided,ib,91.13,76.18,76.17,76.09,1.66,4.24,3.52,4.6,3.8,4.29,4.34,1.83,4.49,4.16,2.25,Environmental Scientist
STU190092,21,F,undergraduate,science_pcm,state,72.44,71.53,73.31,40.29,2.95,4.76,4.73,3.57,2.77,2.73,3.7,1.41,3.45,4.62,3.52,Entrepreneur
STU200005,22,F,undergraduate,arts,state,76.88,92.92,85.08,42.49,3.6,3.3,2.5,3.14,1.3,3.2,4.63,3.71,3.71,1.0,4.86,Corporate Lawyer
STU020037,20,M,undergraduate,science_pcm,cbse,85.93,61.88,84.29,73.02,1.3,4.39,4.05,4.13,2.28,4.74,3.7,3.23,2.65,3.72,3.33,Data Scientist
STU080087,19,F,undergraduate,science_pcm,state,77.93,83.27,100.0,63.95,2.99,3.65,4.3,3.75,3.06,2.37,3.5,3.45,4.89,3.39,3.91,Doctor (MBBS)
STU190024,16,M,class_10,vocational,ib,86.85,86.02,86.0,55.22,3.31,3.86,3.78,2.94,4.18,2.27,4.64,2.27,4.68,3.74,2.37,Entrepreneur
STU240134,14,F,class_9,arts,icse,51.88,45.52,53.44,62.98,3.73,3.79,2.44,3.26,2.44,1.32,3.81,2.6,3.8,4.8,2.05,Architect
STU140109,14,M,class_9,science_pcm,state,88.05,65.29,77.72,80.0,3.29,4.78,3.28,3.02,4.1,2.04,3.58,3.33,3.94,4.29,5.0,Chartered Accountant
STU090120,14,M,class_9,science_pcb,state,91.16,58.0,84.3,59.0,4.45,4.16,2.82,3.71,2.14,2.14,3.75,1.57,4.53,2.96,3.69,Dentist
STU310061,17,M,class_11,science_pcm,state,98.57,82.75,95.4,81.27,3.35,4.68,3.43,1.62,1.8,3.71,3.26,2.41,5.0,4.76,2.76,Environmental Scientist
STU010149,14,F,class_9,science_pcm,state,70.0,53.42,91.89,83.48,3.34,4.39,2.12,3.52,3.6,4.33,3.89,2.67,1.3,3.61,2.56,Software Engineer
STU010029,16,M,class_11,science_pcm,state,95.45,50.56,76.74,72.65,4.35,3.75,3.56,3.27,2.11,3.23,4.8,3.03,4.12,2.08,2.44,Software Engineer
STU290030,15,M,class_10,science_pcm,cbse,97.53,95.01,98.82,84.52,4.73,4.81,3.45,4.98,2.52,3.63,3.9,1.74,4.71,4.96,4.31,IAS Officer
STU100045,16,M,class_11,science_pcb,cbse,74.88,54.87,70.96,58.39,4.26,3.66,2.81,3.75,3.15,3.81,4.29,2.56,4.6,1.98,3.1,Pharmacist
STU230064,18,F,class_12,arts,cbse,56.55,79.32,49.2,67.06,4.09,3.79,4.27,3.86,2.89,1.2,2.0,4.72,3.48,2.19,4.05,Graphic Designer
STU050093,18,F,undergraduate,science_pcm,cbse,61.47,63.46,96.59,52.0,3.0,4.77,1.0,2.76,4.09,4.68,4.52,2.1,1.65,3.76,3.81,Cloud Architect
STU200017,15,M,class_10,commerce,icse,96.0,78.53,81.23,49.35,3.27,4.1,2.76,2.67,1.3,2.36,4.11,3.39,3.68,1.45,2.97,Corporate Lawyer
STU260027,14,F,class_9,undecided,cbse,61.57,89.38,59.56,65.68,3.52,4.8,3.68,4.96,3.46,1.2,2.09,4.08,4.83,1.65,1.0,Journalist
STU100037,22,F,undergraduate,science_pcb,cbse,75.74,42.96,74.03,68.53,3.21,4.66,1.45,3.69,1.29,3.85,3.77,3.44,4.31,1.86,2.79,Pharmacist
STU130046,17,M,class_11,science_pcb,cbse,70.07,59.31,62.0,58.69,3.56,4.02,3.67,4.15,3.62,4.2,3.96,1.81,4.25,2.3,2.63,Physiotherapist
STU330029,21,M,undergraduate,vocational,cbse,56.87,74.36,99.72,60.66,3.93,4.61,2.24,2.34,1.1,1.42,3.23,1.3,2.06,1.99,3.36,Chef / Culinary Arts
STU010130,22,F,undergraduate,science_pcm,cbse,92.12,67.92,98.32,69.62,5.0,4.72,1.0,2.97,1.3,3.88,3.5,1.76,3.31,2.64,3.68,Software Engineer
STU110100,18,O,class_12,science_pcm,cbse,70.07,70.32,85.73,43.22,4.6,3.71,3.46,4.48,2.56,4.18,3.78,1.55,4.05,1.77,3.05,Biomedical Engineer
STU250030,16,F,class_10,arts,state,80.73,71.81,60.95,82.69,3.33,3.07,3.73,3.62,2.76,3.59,2.69,4.21,2.32,4.21,2.72,Fashion Designer
STU310097,15,F,class_10,arts,icse,87.2,87.22,79.25,94.65,3.02,4.72,3.54,3.24,2.91,4.14,3.39,3.41,4.6,4.5,2.93,Environmental Scientist
STU050102,15,F,class_10,science_pcm,cbse,49.19,45.0,79.93,98.45,4.73,4.45,3.46,3.98,1.83,2.94,4.18,2.01,2.62,3.4,2.21,Cloud Architect
STU240098,21,F,undergraduate,science_pcm,icse,73.39,39.82,51.64,88.37,3.7,3.15,4.72,3.3,2.46,4.03,3.55,3.92,3.05,4.28,3.74,Architect
STU210029,16,O,class_10,commerce,cbse,90.33,68.0,45.26,35.0,3.35,4.04,3.83,2.06,2.84,3.12,3.83,4.22,4.14,4.3,4.82,Civil Lawyer
STU200120,17,F,class_12,commerce,state,63.0,73.41,79.81,73.55,4.32,3.57,2.82,3.9,2.06,1.19,3.35,3.42,4.63,4.01,3.05,Corporate Lawyer
STU300097,18,F,undergraduate,science_pcm,ib,63.98,71.69,66.77,74.24,1.62,3.94,2.04,4.7,2.36,3.56,4.1,2.51,2.41,4.31,3.23,Defence Officer (Indian Armed Forces)
STU120059,20,F,undergraduate,arts,state,68.42,84.24,95.0,65.07,2.51,4.36,2.74,4.97,3.45,3.76,4.5,2.21,3.6,3.72,2.93,Clinical Psychologist
STU200104,18,O,class_12,arts,cbse,71.46,85.34,64.92,48.74,4.79,4.12,2.54,3.6,3.5,1.1,4.25,3.8,4.07,4.92,1.92,Corporate Lawyer
STU040005,17,M,class_12,science_pcm,cbse,97.0,82.0,86.33,67.01,4.77,1.02,3.84,4.3,3.2,3.92,3.38,3.55,2.71,1.0,3.14,Cybersecurity Analyst
STU200019,20,M,undergraduate,arts,cbse,89.04,88.23,76.93,40.16,3.67,3.56,4.24,4.41,4.66,1.71,2.96,3.54,4.0,4.76,2.4,Corporate Lawyer
STU140091,18,O,class_12,commerce,icse,73.93,58.23,54.26,40.0,2.79,4.58,3.84,3.07,4.1,2.28,4.28,1.0,1.4,3.8,4.42,Chartered Accountant
STU120123,17,O,class_12,science_pcb,cbse,75.01,68.57,73.05,68.46,5.0,4.54,2.8,5.0,2.26,1.8,4.06,3.52,3.59,1.68,1.83,Clinical Psychologist
STU160066,14,M,class_9,arts,cbse,67.7,80.01,91.98,76.9,4.24,4.71,4.1,3.71,3.42,2.68,3.15,3.74,1.49,4.17,3.24,Management Consultant
STU050010,16,M,class_11,commerce,cbse,74.02,65.3,73.16,83.72,2.29,4.54,2.16,2.4,2.7,3.48,3.95,1.63,2.3,3.11,3.45,Cloud Architect
STU020018,15,M,class_10,science_pcb,icse,96.24,67.89,90.06,73.51,4.01,4.53,3.54,2.44,2.14,3.37,5.0,2.07,2.67,3.91,3.25,Data Scientist
STU050131,16,F,class_11,science_pcm,cbse,91.07,74.36,84.74,75.55,3.0,4.1,4.1,3.35,1.82,3.06,4.28,2.67,3.03,4.0,3.06,Cloud Architect
STU290138,16,F,class_11,arts,cbse,79.38,25.29,77.88,88.7,4.19,2.75,4.49,3.1,3.61,3.77,2.89,2.99,2.33,3.55,3.02,IAS Officer
STU230059,16,M,class_11,arts,cbse,48.36,90.79,69.83,72.97,4.44,3.34,4.9,4.34,2.71,2.92,2.08,4.38,4.51,2.51,2.67,Graphic Designer
STU260147,17,F,class_11,commerce,state,86.0,76.51,35.0,71.36,3.9,4.39,4.15,3.55,4.33,3.03,1.64,5.0,4.06,4.15,3.59,Journalist
STU140125,21,F,undergraduate,science_pcm,cbse,100.0,52.35,85.2,74.05,3.53,4.69,4.57,2.1,2.96,3.8,3.24,1.0,1.51,3.15,3.81,Chartered Accountant
STU280104,21,M,undergraduate,arts,cbse,64.8,89.87,69.89,57.84,4.15,3.39,4.17,4.99,3.61,2.09,2.72,3.95,4.75,3.12,1.92,Content Writer
STU270046,15,F,class_10,vocational,icse,59.31,56.3,65.95,83.02,4.57,3.51,4.61,4.62,1.88,1.79,2.01,4.37,2.65,4.05,3.28,Film Director
STU250101,16,M,class_11,arts,state,70.33,44.26,35.0,90.05,4.75,2.6,2.86,3.08,1.68,4.2,2.38,4.87,4.58,3.18,3.01,Fashion Designer
STU110123,17,M,class_12,vocational,cbse,61.05,82.14,78.67,49.03,3.77,4.35,2.48,4.74,1.71,4.65,3.77,1.42,4.17,1.67,3.65,Biomedical Engineer
STU040138,18,M,undergraduate,science_pcm,cbse,88.25,56.43,72.56,76.21,3.0,4.7,1.8,2.78,1.75,2.76,3.87,2.24,1.86,2.61,1.52,Cybersecurity Analyst
STU100052,14,M,class_9,vocational,cbse,64.73,76.74,66.46,63.11,2.72,3.65,4.34,4.37,3.8,2.81,4.28,2.04,2.28,1.77,1.74,Pharmacist
STU210046,14,M,class_9,arts,cbse,88.29,95.47,86.13,43.8,4.77,4.47,2.69,3.1,1.3,1.41,2.6,3.02,4.9,3.91,4.25,Civil Lawyer
STU220075,21,M,undergraduate,science_pcm,state,82.52,100.0,58.26,68.87,5.0,2.3,3.92,4.1,1.57,2.83,2.56,4.1,4.18,3.23,2.01,UX/UI Designer
STU120051,21,F,undergraduate,science_pcb,cbse,62.43,69.79,81.86,58.69,4.29,3.78,3.23,4.14,3.9,2.68,4.4,1.58,4.02,1.21,2.85,Clinical Psychologist
STU210089,15,M,class_10,commerce,cbse,85.1,85.72,77.5,35.0,1.38,4.2,3.84,2.0,3.93,2.25,2.85,2.81,2.8,2.86,2.74,Civil Lawyer
STU300131,22,M,undergraduate,commerce,state,47.64,44.56,45.0,90.77,2.08,4.75,3.14,2.47,1.1,1.0,2.09,2.96,2.83,1.87,2.95,Defence Officer (Indian Armed Forces)
STU200132,18,M,class_12,arts,state,76.9,68.0,65.33,75.5,2.71,3.82,3.94,4.01,2.66,1.33,4.83,3.63,3.19,4.66,3.47,Corporate Lawyer
STU010041,16,M,class_11,vocational,state,98.72,73.42,82.09,88.33,4.66,3.99,2.7,3.37,1.52,4.01,3.86,2.47,2.33,2.46,1.9,Software Engineer
STU100030,19,M,undergraduate,science_pcb,cbse,66.57,80.5,82.86,82.27,3.74,4.59,2.91,4.95,1.65,1.8,3.95,1.75,4.34,2.07,3.73,Pharmacist
STU140140,15,F,class_10,science_pcb,state,47.57,77.44,100.0,55.14,3.41,4.05,4.25,2.62,2.6,2.2,2.6,2.82,2.02,2.8,4.37,Chartered Accountant
STU270025,22,F,undergraduate,undecided,cbse,32.01,71.52,55.82,64.42,4.51,4.68,2.79,3.12,1.02,1.24,3.86,4.39,3.42,3.56,1.78,Film Director
STU150076,21,O,undergraduate,undecided,cbse,73.26,60.58,73.16,40.16,3.8,3.93,2.5,2.28,4.0,3.01,4.14,1.52,2.33,5.0,2.49,Investment Banker
STU220068,15,F,class_10,undecided,icse,84.0,66.48,39.07,76.95,4.53,4.2,3.21,2.83,4.5,2.0,1.78,3.09,4.18,3.41,2.67,UX/UI Designer
STU200036,18,M,class_12,arts,cbse,94.54,85.19,45.89,63.98,3.16,5.0,2.83,2.32,1.85,3.0,3.05,3.2,4.54,3.87,1.47,Corporate Lawyer
STU010075,14,F,class_9,science_pcm,cbse,71.33,82.0,12.96,73.94,4.86,4.74,3.09,2.71,3.7,4.07,2.17,3.47,1.37,2.02,2.17,Software Engineer
STU280033,16,M,class_11,commerce,icse,86.0,89.58,48.57,45.78,3.35,4.44,4.37,4.27,3.6,1.65,1.99,4.78,3.56,4.8,3.72,Content Writer
STU280014,19,F,undergraduate,arts,cbse,67.35,77.78,49.85,55.97,3.3,4.26,3.66,3.65,3.18,2.19,3.18,3.43,4.09,4.8,2.16,Content Writer
STU180108,16,M,class_11,science_pcm,cbse,94.0,83.02,65.93,49.31,4.35,4.67,4.47,4.42,4.2,2.86,3.42,4.26,3.39,4.69,2.0,Product Manager
STU220031,19,F,undergraduate,undecided,state,51.99,66.05,47.65,100.0,2.98,3.65,4.01,2.22,3.73,3.23,3.01,2.13,3.53,1.7,1.32,UX/UI Designer
STU140127,17,M,class_12,commerce,cbse,96.04,87.27,75.0,62.93,2.67,3.63,3.43,3.02,5.0,2.49,4.8,2.3,2.78,3.34,4.49,Chartered Accountant
STU030142,20,F,undergraduate,vocational,cbse,69.99,57.06,87.32,62.21,3.06,3.59,3.11,2.54,3.56,2.7,4.65,3.76,2.89,1.86,3.58,AI/ML Engineer
STU280111,20,O,undergraduate,arts,cbse,66.78,92.77,80.0,72.37,3.43,3.85,4.28,3.17,2.17,3.19,3.29,5.0,5.0,2.95,3.46,Content Writer
STU140102,14,O,class_9,commerce,state,69.12,60.64,82.25,56.96,2.2,4.54,3.56,4.35,2.82,3.45,4.04,1.08,3.11,3.65,3.24,Chartered Accountant
STU170142,17,M,class_11,commerce,state,76.22,88.2,74.82,69.76,4.14,3.25,3.68,1.54,2.34,2.76,4.12,4.51,4.35,4.7,3.45,Digital Marketing Manager
STU230007,19,F,undergraduate,arts,icse,65.78,55.01,86.89,89.48,4.5,4.48,3.58,2.72,4.24,1.79,2.65,4.94,4.72,2.41,2.69,Graphic Designer
STU090102,18,F,class_12,science_pcb,state,83.04,96.29,65.7,45.0,3.77,2.78,3.88,3.87,2.92,3.13,4.23,1.52,3.45,2.93,2.93,Dentist
STU120132,19,M,undergraduate,science_pcb,state,69.17,82.98,67.73,63.87,2.62,4.16,3.74,3.82,1.84,2.54,4.75,1.25,4.61,2.63,3.8,Clinical Psychologist
STU330113,16,F,class_10,science_pcm,icse,57.63,61.31,64.49,60.0,2.44,4.39,2.48,3.96,1.58,3.98,3.41,2.87,4.4,4.15,4.62,Chef / Culinary Arts
STU230131,20,M,undergraduate,arts,state,72.25,84.23,71.37,91.86,5.0,2.3,2.94,4.74,4.43,3.79,2.9,4.43,2.53,1.96,2.96,Graphic Designer
STU090105,20,F,undergraduate,science_pcb,icse,65.37,39.1,95.0,57.85,4.6,3.99,3.89,4.15,3.9,2.74,3.56,2.08,2.65,4.08,3.6,Dentist
STU020087,20,F,undergraduate,science_pcm,cbse,89.01,60.5,87.67,90.0,4.39,3.48,4.49,3.85,4.47,4.08,3.87,3.43,3.57,3.6,3.08,Data Scientist
STU290063,22,M,undergraduate,arts,ib,92.57,87.56,81.93,91.84,3.52,4.8,3.13,3.95,2.38,2.95,1.54,1.55,4.14,4.01,2.46,IAS Officer
STU180050,17,M,class_12,science_pcm,state,77.05,65.61,54.43,42.64,4.26,4.31,4.24,4.0,3.75,3.01,4.26,3.11,3.81,3.4,2.4,Product Manager
STU040071,14,M,class_9,undecided,state,78.56,75.12,98.0,86.1,2.52,4.8,4.04,2.5,2.36,4.05,3.64,3.82,2.62,1.99,3.11,Cybersecurity Analyst
STU180024,21,F,undergraduate,science_pcm,state,83.0,86.21,54.0,88.16,4.9,4.62,3.67,4.8,1.96,1.52,2.42,4.99,3.03,1.16,2.0,Product Manager
STU220131,18,F,class_12,arts,cbse,57.89,79.02,71.14,84.62,3.72,2.62,2.82,2.2,2.12,2.7,3.12,4.99,3.44,2.45,1.39,UX/UI Designer
STU220037,20,M,undergraduate,science_pcm,cbse,73.87,70.49,66.54,44.65,5.0,3.17,3.26,2.2,1.4,1.73,1.86,4.14,3.5,3.08,2.4,UX/UI Designer
STU270054,17,M,class_11,arts,icse,46.33,92.98,74.49,72.11,3.78,2.94,2.78,2.2,2.8,2.74,3.11,4.54,4.98,2.62,1.0,Film Director
STU190069,22,M,undergraduate,undecided,cbse,60.81,86.25,86.31,86.0,4.09,3.86,4.19,3.5,3.29,2.84,4.46,1.52,2.71,4.67,4.7,Entrepreneur
STU050136,20,M,undergraduate,science_pcm,state,82.65,69.69,76.45,58.97,3.69,4.56,2.31,4.16,2.21,4.54,4.44,1.4,2.08,2.7,3.29,Cloud Architect
STU330001,16,M,class_10,vocational,icse,80.69,69.42,35.01,73.19,3.95,3.85,2.51,2.1,2.58,4.55,2.43,3.13,4.4,2.92,4.07,Chef / Culinary Arts
STU340079,16,F,class_11,science_pcm,icse,55.89,71.15,77.36,82.41,2.79,3.55,2.53,3.54,3.95,4.1,2.58,1.48,1.31,4.6,2.85,Airline Pilot
STU150007,17,F,class_12,commerce,cbse,96.32,81.06,93.07,85.34,2.47,4.68,2.37,3.22,3.18,2.4,4.02,3.5,3.5,3.18,4.61,Investment Banker
STU180130,16,O,class_11,arts,cbse,88.39,70.16,85.03,87.31,3.8,4.31,3.31,2.2,2.19,1.85,2.48,4.63,2.5,4.49,4.1,Product Manager
STU220080,18,M,class_12,arts,cbse,50.08,67.74,78.0,100.0,4.6,3.61,4.59,2.2,1.51,1.43,2.09,4.33,4.37,1.82,2.29,UX/UI Designer
STU190062,19,F,undergraduate,science_pcm,icse,56.45,70.76,80.31,80.32,3.33,4.13,3.28,2.59,1.2,3.38,2.4,2.71,3.2,3.9,2.08,Entrepreneur
STU040143,15,M,class_9,science_pcm,cbse,96.95,74.81,85.35,71.25,4.18,3.1,2.96,2.75,2.27,2.73,4.67,2.35,1.73,1.6,1.7,Cybersecurity Analyst
STU090104,18,M,class_12,science_pcb,ib,66.31,87.12,75.95,75.72,4.1,4.18,3.88,3.92,3.33,3.74,4.89,2.59,2.27,2.58,2.27,Dentist
STU100038,17,F,class_12,arts,cbse,62.18,66.64,93.5,56.66,3.85,3.96,3.55,4.74,4.12,2.43,3.87,2.04,4.33,2.91,3.55,Pharmacist
STU320142,19,M,undergraduate,arts,icse,68.71,95.0,76.6,51.83,4.72,3.87,4.7,4.09,3.44,2.56,2.88,4.3,4.73,3.82,2.62,Sports Manager
STU310120,16,M,class_10,science_pcb,cbse,76.74,54.24,97.07,81.91,4.63,4.98,4.79,4.22,1.73,2.94,4.74,3.11,4.48,3.84,2.92,Environmental Scientist
STU110024,16,M,class_10,science_pcb,cbse,59.04,93.94,87.93,83.25,2.92,4.32,2.98,1.6,2.44,2.02,3.63,1.8,3.4,2.07,4.05,Biomedical Engineer
STU130091,19,M,undergraduate,undecided,state,77.41,58.0,62.0,80.92,4.17,3.48,3.13,4.14,2.36,1.97,3.69,1.53,4.44,1.99,1.88,Physiotherapist
STU200138,17,M,class_11,undecided,cbse,89.97,87.85,90.0,52.57,4.7,3.3,3.85,2.96,1.3,3.2,3.62,4.4,3.13,3.57,2.32,Corporate Lawyer
STU340074,15,M,class_9,commerce,cbse,60.75,35.0,81.02,71.86,5.0,4.52,4.42,3.9,4.1,3.5,3.42,4.36,3.41,4.01,3.41,Airline Pilot
STU220148,15,F,class_10,science_pcm,cbse,53.01,66.61,35.0,96.98,3.2,3.62,4.29,4.59,1.67,2.75,2.11,4.43,4.18,3.93,3.27,UX/UI Designer
STU070005,16,M,class_11,science_pcm,cbse,48.0,47.63,50.36,90.21,3.26,3.87,2.62,4.7,2.07,3.98,3.16,4.13,1.89,1.6,4.85,Civil Engineer
STU320054,18,F,undergraduate,commerce,cbse,72.78,60.79,64.43,65.46,3.18,3.73,4.53,4.48,3.85,1.42,4.51,3.58,2.24,4.54,3.79,Sports Manager
STU090080,16,F,class_10,undecided,state,62.7,84.97,64.22,81.72,3.58,4.82,3.94,4.21,1.34,1.8,1.67,3.62,4.99,1.89,3.9,Dentist
STU070034,15,F,class_10,science_pcm,state,56.41,52.8,76.13,76.79,3.78,4.8,3.52,2.1,4.04,3.96,3.74,3.13,3.5,3.04,4.09,Civil Engineer
STU340049,16,F,class_11,undecided,cbse,65.58,42.96,62.13,64.85,3.08,3.79,3.0,4.62,1.98,4.01,2.59,4.2,3.01,4.33,4.12,Airline Pilot
STU160059,14,M,class_9,science_pcm,cbse,68.54,76.94,75.04,82.22,4.08,4.03,4.18,2.2,3.15,4.67,2.37,3.44,3.35,4.9,2.54,Management Consultant
STU110056,20,F,undergraduate,science_pcm,cbse,79.52,59.87,76.2,79.59,3.99,3.83,2.94,4.55,1.92,3.43,4.56,3.29,4.35,2.01,3.84,Biomedical Engineer
STU310127,21,M,undergraduate,science_pcb,state,85.08,94.1,83.77,98.0,4.7,4.62,3.0,4.32,1.34,4.14,3.38,3.12,4.85,4.54,3.91,Environmental Scientist
STU220041,17,M,class_11,commerce,icse,42.01,72.63,37.19,74.04,3.76,4.2,4.32,3.08,1.4,1.37,3.81,4.31,3.88,2.7,1.7,UX/UI Designer
STU310035,17,M,class_12,science_pcm,state,94.26,84.85,72.24,88.45,4.62,4.62,1.32,4.22,2.16,2.71,4.22,3.03,4.86,4.16,3.3,Environmental Scientist
STU050107,17,F,class_12,science_pcm,icse,13.2,53.31,71.8,61.58,4.59,3.41,2.13,1.84,3.05,4.69,4.96,3.42,2.7,2.35,4.2,Cloud Architect
STU320137,14,F,class_9,commerce,icse,69.23,64.29,86.69,43.92,3.4,4.41,4.09,2.09,1.63,2.21,3.38,4.3,3.22,4.54,2.46,Sports Manager
STU210071,18,F,class_12,commerce,cbse,88.8,56.89,62.87,36.3,4.63,5.0,3.24,2.0,4.0,1.51,4.11,3.16,4.68,4.16,2.98,Civil Lawyer
STU050146,20,F,undergraduate,vocational,cbse,97.0,75.49,74.57,77.11,3.32,4.56,3.35,2.2,2.7,3.31,3.6,2.3,2.59,3.92,3.9,Cloud Architect
STU240145,17,M,class_12,science_pcm,state,42.0,54.49,53.95,22.59,4.72,3.44,3.25,4.06,1.4,1.88,3.14,4.19,3.96,3.09,2.27,Architect
STU130140,17,F,class_11,science_pcb,state,61.99,48.03,76.04,79.88,2.69,4.79,2.66,3.5,2.65,3.68,4.24,1.7,3.48,1.67,2.86,Physiotherapist
STU300141,15,F,class_10,undecided,state,48.0,44.63,41.29,73.74,2.63,4.14,4.14,4.7,3.76,4.72,3.66,4.5,1.31,5.0,3.22,Defence Officer (Indian Armed Forces)
STU200013,18,M,class_12,undecided,state,68.32,71.91,46.71,82.0,3.45,3.4,1.99,3.81,2.02,1.81,3.71,2.44,3.53,4.5,2.65,Corporate Lawyer
STU130121,18,M,undergraduate,undecided,icse,89.56,66.92,72.17,84.19,3.44,4.91,3.51,4.96,2.88,4.2,4.19,1.83,4.76,2.56,2.57,Physiotherapist
STU040064,14,M,class_9,commerce,icse,92.68,74.61,79.15,77.11,4.83,3.25,3.32,2.7,2.07,4.3,4.78,3.93,3.37,4.04,1.91,Cybersecurity Analyst
STU090109,19,F,undergraduate,undecided,cbse,70.69,97.0,86.95,54.97,4.54,4.36,2.75,4.5,1.9,2.88,4.99,1.47,4.93,2.23,4.3,Dentist
STU070015,21,F,undergraduate,science_pcm,state,73.4,65.71,90.0,90.61,4.48,4.26,2.83,1.58,1.84,4.23,3.74,2.65,1.74,4.36,1.85,Civil Engineer
STU240003,21,M,undergraduate,undecided,cbse,70.52,83.58,55.08,94.06,1.92,2.57,2.72,4.74,1.48,2.66,2.91,4.0,4.72,3.34,1.57,Architect
STU250096,17,M,class_12,arts,state,64.72,95.27,69.56,68.95,5.0,3.37,2.4,2.53,3.65,3.39,1.7,3.99,3.42,2.23,1.0,Fashion Designer
STU220007,18,F,class_12,science_pcm,cbse,62.78,64.03,35.0,75.59,4.37,4.44,3.35,2.54,3.9,4.38,3.46,4.96,4.26,3.74,2.2,UX/UI Designer
STU150099,15,F,class_9,commerce,state,72.12,58.62,75.76,75.19,2.51,2.38,4.33,4.05,2.37,2.98,3.49,2.14,3.57,3.1,4.98,Investment Banker
STU060025,16,M,class_11,science_pcm,cbse,63.62,67.42,65.25,70.06,2.92,3.91,4.21,2.3,3.33,4.0,3.73,3.56,1.45,2.38,2.53,Mechanical Engineer
STU070044,22,M,undergraduate,science_pcm,state,67.99,49.95,69.27,71.69,3.7,2.55,4.58,3.79,4.1,4.66,2.53,1.84,4.4,3.01,3.36,Civil Engineer
STU060073,16,M,class_11,science_pcm,cbse,60.59,71.89,64.78,75.35,4.5,4.42,4.6,4.27,3.0,4.1,3.04,2.68,4.31,3.46,3.42,Mechanical Engineer
STU020015,17,M,class_11,science_pcm,cbse,68.0,57.67,81.32,55.37,4.28,4.8,2.85,2.97,2.51,2.83,4.57,2.64,1.3,2.26,2.8,Data Scientist
STU270084,16,M,class_10,commerce,state,45.3,80.38,51.44,78.05,4.8,3.99,3.67,2.9,3.61,3.81,2.45,4.11,2.31,2.79,1.91,Film Director
STU170139,16,M,class_11,commerce,icse,80.68,76.01,57.42,42.51,3.39,4.34,4.32,2.2,1.2,3.75,2.58,1.2,2.76,4.14,3.97,Digital Marketing Manager
STU330074,15,F,class_10,science_pcb,cbse,63.59,58.21,63.33,85.04,2.0,4.71,4.01,2.38,3.86,4.56,2.55,1.39,4.34,3.92,2.89,Chef / Culinary Arts
STU090112,14,M,class_9,science_pcb,icse,87.25,70.04,86.07,80.0,2.82,3.52,2.44,4.7,1.59,4.03,3.64,2.99,4.14,2.63,2.23,Dentist
STU310141,15,F,class_9,science_pcb,icse,88.95,99.0,96.43,98.0,3.48,4.23,5.0,4.29,3.38,3.24,5.0,1.3,4.67,4.34,2.98,Environmental Scientist
STU290064,18,F,undergraduate,undecided,cbse,78.44,75.97,60.64,77.08,3.86,4.37,3.0,3.45,3.17,2.0,3.16,3.08,4.03,4.19,3.28,IAS Officer
STU320092,21,F,undergraduate,commerce,cbse,70.14,94.66,68.59,57.06,3.51,3.92,3.2,4.24,4.32,1.33,4.62,3.58,3.47,4.66,4.7,Sports Manager
STU230001,18,M,class_12,undecided,cbse,81.42,92.26,48.84,89.93,4.82,4.38,3.99,3.68,3.11,3.0,3.3,4.07,3.25,2.99,2.51,Graphic Designer
STU230011,17,M,class_11,arts,cbse,42.0,58.5,70.95,82.09,4.9,2.99,2.79,1.78,3.49,2.65,3.25,4.66,3.83,4.04,2.17,Graphic Designer
STU030028,22,F,undergraduate,science_pcm,ib,89.6,60.58,56.01,63.09,3.4,4.42,3.9,3.99,1.79,4.9,4.16,3.55,1.49,3.77,3.97,AI/ML Engineer
STU170091,16,F,class_10,arts,state,68.03,64.5,55.4,86.0,3.48,3.87,3.61,4.51,2.74,3.19,3.31,1.2,4.11,4.44,2.74,Digital Marketing Manager
STU320132,17,M,class_12,undecided,icse,83.71,64.51,67.62,50.42,4.9,4.07,4.86,3.9,3.6,3.8,2.92,1.96,3.71,3.44,4.34,Sports Manager
STU060083,18,M,class_12,science_pcm,state,68.28,42.91,60.95,75.53,2.87,3.85,4.6,3.63,3.69,3.97,2.36,3.21,3.58,2.73,2.54,Mechanical Engineer
STU210080,15,F,class_10,undecided,state,75.23,77.08,86.17,63.32,3.46,4.3,3.27,2.29,4.2,2.58,3.59,2.1,4.17,4.72,4.3,Civil Lawyer
STU240013,17,F,class_12,science_pcm,cbse,82.94,54.23,35.49,75.37,4.38,3.63,2.02,3.37,4.13,1.2,2.21,4.16,4.15,3.61,3.19,Architect
STU300132,16,M,class_10,arts,state,77.14,54.42,59.22,66.56,2.82,4.05,3.53,4.27,1.32,4.46,3.61,2.8,1.23,3.13,2.25,Defence Officer (Indian Armed Forces)
STU010055,18,M,class_12,science_pcm,state,95.65,55.96,81.73,67.24,4.94,4.47,3.33,3.42,1.86,1.0,3.5,2.76,2.19,3.23,3.18,Software Engineer
STU280015,17,F,class_11,undecided,cbse,69.94,96.16,80.0,52.9,3.98,4.38,4.24,3.56,3.68,2.39,2.89,3.43,3.76,2.97,2.62,Content Writer
STU240002,18,M,undergraduate,arts,cbse,83.95,80.51,62.3,64.66,4.48,3.0,3.61,4.24,1.86,3.26,3.71,4.32,2.3,3.99,1.4,Architect
STU130102,18,F,class_12,science_pcb,cbse,84.59,72.73,81.8,84.74,4.35,3.65,4.3,4.68,1.51,1.91,3.91,1.2,4.52,1.37,2.19,Physiotherapist
STU100132,17,F,class_11,science_pcb,cbse,67.5,94.29,86.2,71.19,4.33,4.55,4.13,3.85,2.61,3.05,3.81,1.69,4.07,3.52,3.08,Pharmacist
STU230036,18,F,undergraduate,undecided,cbse,67.29,53.16,42.49,92.24,4.47,3.68,3.66,3.96,3.73,3.27,2.22,3.98,2.91,2.32,1.32,Graphic Designer
STU070047,16,M,class_11,science_pcm,icse,68.56,71.06,61.45,60.51,2.08,4.52,2.32,2.62,1.72,3.66,3.01,1.94,1.02,3.61,4.18,Civil Engineer
STU220144,20,M,undergraduate,arts,state,79.09,80.0,38.93,79.14,4.98,3.92,2.99,2.98,3.54,1.37,1.4,4.6,4.82,1.77,3.27,UX/UI Designer
STU150062,20,F,undergraduate,commerce,ib,68.81,85.14,29.49,22.58,4.48,4.88,2.9,4.11,4.5,1.95,2.91,1.0,1.55,1.56,5.0,Investment Banker
STU210058,17,M,class_12,arts,cbse,70.08,34.24,36.76,82.0,2.94,4.24,3.48,4.95,2.29,2.94,3.03,1.92,3.32,3.82,2.32,Civil Lawyer
STU060019,18,F,undergraduate,science_pcm,state,48.47,78.0,56.72,95.02,3.85,4.56,2.49,4.0,3.66,3.5,2.08,4.08,4.4,3.81,2.49,Mechanical Engineer
STU320150,15,M,class_10,science_pcm,cbse,60.0,57.16,56.26,59.3,3.14,4.6,4.36,2.88,3.6,1.43,1.98,3.15,2.2,4.12,4.24,Sports Manager
STU240046,21,F,undergraduate,vocational,state,81.49,59.86,50.26,63.72,3.79,2.62,2.4,3.78,2.74,2.56,3.26,4.5,3.14,3.21,3.5,Architect
STU020136,17,F,class_12,science_pcm,cbse,80.79,78.08,87.21,79.98,3.51,3.61,2.91,3.2,4.56,3.38,4.15,3.49,3.8,1.75,3.34,Data Scientist
STU340088,17,F,class_12,science_pcm,icse,56.04,37.53,85.21,89.24,3.65,3.36,3.36,4.11,3.77,4.7,4.5,4.06,4.4,3.87,3.02,Airline Pilot
STU310042,18,F,undergraduate,science_pcm,state,80.87,97.95,81.6,87.28,3.84,4.66,4.99,1.26,2.11,3.01,4.28,3.59,4.0,3.58,2.82,Environmental Scientist
STU160083,15,F,class_10,science_pcm,cbse,55.52,92.25,78.0,55.49,4.76,3.87,4.55,3.35,1.61,1.29,4.14,1.85,3.49,3.71,3.73,Management Consultant
STU190018,17,M,class_11,undecided,state,79.23,65.18,63.71,72.41,4.9,4.45,4.51,3.66,3.18,3.02,3.77,3.17,3.86,5.0,4.32,Entrepreneur
STU140130,16,M,class_10,science_pcm,cbse,89.84,80.64,99.79,42.54,2.39,4.62,3.62,3.09,3.76,3.0,2.72,1.39,3.65,4.68,2.24,Chartered Accountant
STU230090,21,M,undergraduate,commerce,cbse,53.42,59.0,44.17,93.64,4.22,4.37,3.19,2.2,2.86,2.23,2.98,4.23,4.76,1.97,2.02,Graphic Designer
STU050123,18,F,class_12,science_pcm,cbse,97.0,45.58,83.48,75.56,3.98,4.09,2.47,3.66,1.66,3.87,4.41,2.84,3.35,2.55,2.15,Cloud Architect
STU070052,17,M,class_12,science_pcm,cbse,53.28,38.2,77.02,81.31,3.88,3.31,2.88,2.53,2.06,1.85,2.0,3.77,3.26,2.07,1.8,Civil Engineer
STU300107,22,F,undergraduate,arts,icse,70.14,65.86,71.62,70.08,3.3,3.94,4.56,2.9,3.48,3.84,2.24,4.03,2.08,3.4,3.93,Defence Officer (Indian Armed Forces)
STU160013,14,M,class_9,commerce,cbse,93.6,88.98,77.38,72.15,3.56,4.17,4.73,2.77,1.24,2.99,2.07,3.22,3.91,2.43,2.46,Management Consultant
STU070090,18,M,class_12,science_pcm,state,79.76,76.91,80.28,84.39,2.03,3.84,3.96,2.6,2.47,4.71,2.19,3.22,3.66,3.33,4.48,Civil Engineer
STU220063,17,F,class_12,commerce,cbse,78.74,54.21,51.55,80.55,4.09,2.62,3.02,2.84,3.84,2.1,3.13,4.0,4.27,3.14,1.0,UX/UI Designer
STU120110,17,O,class_12,commerce,icse,66.62,78.66,83.24,50.99,3.02,4.87,3.17,4.35,1.43,3.33,4.33,2.03,4.57,3.37,1.61,Clinical Psychologist
STU340033,16,F,class_11,science_pcm,icse,88.0,77.51,73.14,94.21,2.88,4.85,3.53,3.27,3.58,3.5,3.63,1.73,1.31,2.19,3.37,Airline Pilot
STU120075,15,F,class_10,undecided,cbse,68.75,92.09,68.36,48.77,4.19,3.4,3.44,4.64,1.61,2.74,3.97,1.65,4.43,3.34,2.95,Clinical Psychologist
STU030042,20,O,undergraduate,commerce,cbse,89.53,45.0,69.09,67.45,4.78,3.26,3.03,2.93,1.51,3.18,3.74,4.76,2.11,1.6,3.6,AI/ML Engineer
STU250102,14,M,class_9,arts,state,75.02,26.8,36.24,79.52,3.7,2.66,3.46,2.7,1.5,1.66,2.0,5.0,2.88,3.54,3.04,Fashion Designer
STU050089,18,M,class_12,science_pcm,ib,84.32,94.39,65.4,52.0,3.41,4.39,2.98,2.2,3.16,4.71,2.26,3.69,2.07,3.41,2.98,Cloud Architect
STU230133,21,F,undergraduate,undecided,ib,68.46,81.1,58.5,72.83,3.94,3.06,4.43,3.75,2.07,2.95,2.56,4.71,2.62,1.58,2.22,Graphic Designer
STU070067,19,F,undergraduate,science_pcm,cbse,48.0,78.0,71.37,96.4,3.66,3.9,4.09,4.79,2.5,4.64,2.51,4.25,3.92,1.74,4.13,Civil Engineer
STU330025,18,F,class_12,vocational,cbse,68.49,47.65,73.61,98.0,3.14,3.27,1.99,4.08,1.53,3.91,3.06,3.64,2.19,4.35,1.92,Chef / Culinary Arts
STU150104,17,F,class_11,commerce,cbse,94.47,50.0,73.93,48.6,3.55,4.81,3.29,2.7,4.1,2.23,4.35,1.61,4.75,2.87,3.44,Investment Banker
STU190014,14,F,class_9,commerce,state,76.53,82.49,72.32,61.56,3.26,3.31,3.97,4.1,1.48,3.07,2.8,4.13,2.2,4.01,4.68,Entrepreneur
STU330075,18,F,class_12,vocational,state,61.98,37.86,80.9,60.0,3.41,1.0,2.88,3.51,2.38,4.01,2.41,2.11,2.66,2.45,3.92,Chef / Culinary Arts
STU240123,19,F,undergraduate,science_pcm,state,50.59,86.9,43.98,82.35,4.25,3.67,3.17,4.52,1.87,2.5,2.98,1.14,4.0,3.46,3.23,Architect
STU140041,15,M,class_10,commerce,cbse,80.49,74.55,98.15,69.77,4.35,3.56,3.42,2.62,1.32,2.68,3.57,3.31,2.27,4.23,3.94,Chartered Accountant
STU280071,18,F,undergraduate,undecided,state,47.35,84.21,55.71,78.93,4.53,3.4,3.97,4.45,3.66,1.62,2.36,4.21,5.0,2.81,2.18,Content Writer
STU310076,18,F,class_12,science_pcb,cbse,71.69,93.15,90.1,83.39,4.0,3.67,4.63,4.53,1.85,2.78,4.3,3.22,4.08,4.17,4.8,Environmental Scientist
STU330041,14,F,class_9,arts,icse,78.11,41.33,48.35,88.97,2.99,3.0,2.19,3.17,2.34,3.53,3.02,3.63,1.65,3.08,2.63,Chef / Culinary Arts
STU250001,22,F,undergraduate,undecided,cbse,57.4,84.49,49.13,65.89,5.0,2.62,4.0,4.47,2.99,2.55,1.96,1.99,3.42,1.81,2.85,Fashion Designer
STU320011,14,F,class_9,commerce,cbse,82.3,73.79,82.57,40.0,3.78,4.41,4.97,4.12,3.04,1.82,2.9,2.77,2.02,4.72,3.48,Sports Manager
STU340130,15,M,class_10,commerce,icse,59.64,64.78,45.0,94.09,3.7,3.0,4.36,2.59,1.1,4.1,3.4,2.97,2.56,3.21,3.18,Airline Pilot
STU290010,16,M,class_10,commerce,cbse,83.31,27.99,90.73,80.4,3.0,4.36,3.83,3.19,1.59,2.73,4.93,3.48,4.11,4.56,4.25,IAS Officer
STU030086,19,M,undergraduate,science_pcm,state,77.12,81.66,65.2,68.47,3.93,3.75,3.66,3.07,1.18,4.35,4.45,2.91,1.91,1.6,2.52,AI/ML Engineer
STU300111,18,M,class_12,undecided,state,48.43,43.68,76.89,69.41,2.91,4.86,3.52,4.33,1.6,4.61,1.56,4.48,2.89,4.56,3.96,Defence Officer (Indian Armed Forces)
STU320013,17,M,class_11,commerce,icse,82.58,55.0,70.39,70.27,4.82,3.73,3.2,2.49,2.31,1.94,4.34,2.76,3.61,3.76,3.36,Sports Manager
STU040087,22,F,undergraduate,vocational,state,87.71,71.8,95.38,71.73,4.2,3.7,3.58,3.41,3.7,2.94,1.91,1.17,2.05,3.94,2.95,Cybersecurity Analyst
STU320112,17,O,class_12,commerce,state,71.93,64.98,63.83,77.46,2.8,2.78,3.2,4.37,3.54,3.58,3.31,2.72,2.58,3.65,4.58,Sports Manager
STU240058,21,M,undergraduate,arts,state,78.48,91.64,43.64,72.24,5.0,2.94,3.87,4.44,3.34,3.51,2.35,3.43,3.12,4.91,2.81,Architect
STU020052,21,F,undergraduate,commerce,cbse,68.25,74.82,98.0,86.14,4.1,3.66,1.8,4.19,2.7,4.11,4.01,3.77,1.92,3.81,3.78,Data Scientist
STU090133,15,F,class_10,science_pcb,icse,74.07,69.75,74.33,58.38,2.97,3.64,3.74,3.61,3.38,2.77,4.47,3.66,4.57,3.37,4.09,Dentist
STU240053,17,F,class_11,undecided,cbse,80.0,74.12,87.12,72.42,4.53,2.3,3.96,3.25,1.65,2.73,2.94,4.28,2.4,2.16,1.41,Architect
STU190009,15,O,class_9,vocational,cbse,62.46,80.04,66.36,96.92,3.16,4.63,4.47,2.56,1.27,3.8,4.59,3.67,4.01,5.0,4.35,Entrepreneur
STU270122,18,O,class_12,arts,icse,56.62,84.33,72.46,99.0,4.02,2.5,4.47,2.81,4.14,2.49,3.2,4.09,3.59,1.32,3.49,Film Director
STU130055,20,F,undergraduate,science_pcb,cbse,69.22,97.0,61.65,53.11,4.14,4.03,3.39,4.88,1.48,1.36,2.15,1.2,3.99,2.36,4.24,Physiotherapist
STU310063,18,F,undergraduate,science_pcb,icse,87.65,87.94,81.58,83.85,4.85,4.84,3.6,4.63,2.73,4.0,5.0,4.36,4.56,3.75,4.8,Environmental Scientist
STU200023,21,F,undergraduate,undecided,cbse,78.25,100.0,55.46,42.94,2.76,3.3,3.28,3.15,1.3,1.26,3.8,1.79,2.07,5.0,1.49,Corporate Lawyer
STU210031,16,F,class_11,science_pcb,cbse,81.12,71.91,85.38,54.74,3.43,1.0,2.35,3.08,1.86,2.3,4.15,1.5,3.78,4.97,3.67,Civil Lawyer
STU090006,16,F,class_11,science_pcb,state,60.42,55.62,84.66,53.48,3.43,4.41,3.82,4.69,3.9,2.97,3.76,3.17,4.43,1.74,3.45,Dentist
STU110146,16,M,class_10,science_pcm,state,83.26,97.0,78.06,46.31,3.2,3.4,3.76,1.99,3.02,3.66,3.89,2.98,3.96,4.12,3.87,Biomedical Engineer
STU230118,22,M,undergraduate,undecided,ib,63.93,83.95,51.89,82.73,4.4,4.0,4.09,3.28,2.38,3.85,2.9,4.31,3.27,2.12,3.37,Graphic Designer
STU240027,19,F,undergraduate,undecided,cbse,46.8,67.24,26.58,87.94,4.6,5.0,3.27,2.6,1.85,2.62,1.4,4.58,3.12,4.8,1.86,Architect
STU200012,18,F,class_12,arts,cbse,78.15,72.59,75.76,56.31,3.83,3.33,4.12,3.03,1.89,2.12,4.0,2.37,4.13,3.84,4.61,Corporate Lawyer
STU120143,21,F,undergraduate,arts,state,73.94,84.72,44.81,56.17,3.78,3.54,3.02,3.91,4.12,2.52,4.37,2.12,3.7,2.03,4.3,Clinical Psychologist
STU260048,16,F,class_10,science_pcb,state,75.55,87.05,47.77,39.61,4.04,1.59,3.6,4.76,3.14,2.03,1.88,3.67,4.72,2.79,2.59,Journalist
STU230069,20,M,undergraduate,undecided,cbse,56.76,72.88,50.07,83.14,4.03,3.83,3.03,2.53,4.5,3.83,3.78,4.7,4.33,3.28,1.16,Graphic Designer
STU230068,21,M,undergraduate,commerce,icse,74.0,69.35,75.96,97.46,4.57,3.95,3.06,3.37,3.78,1.98,2.35,4.58,3.88,1.7,2.3,Graphic Designer
STU240084,15,F,class_9,arts,cbse,60.41,58.38,76.53,97.82,4.39,4.22,4.75,3.86,1.44,3.96,2.0,5.0,4.03,4.24,3.07,Architect
STU300134,15,M,class_10,arts,cbse,70.31,48.34,78.43,80.45,4.18,3.47,3.46,4.7,2.76,4.8,3.52,2.03,1.35,4.47,3.68,Defence Officer (Indian Armed Forces)
STU230150,22,F,undergraduate,arts,cbse,64.68,76.58,57.33,72.77,4.53,1.43,3.0,1.25,1.12,3.12,4.0,4.31,3.14,1.7,2.22,Graphic Designer
STU050004,14,F,class_9,commerce,cbse,43.47,18.34,89.65,83.71,2.97,4.68,2.07,3.73,1.44,4.18,4.76,3.41,3.8,3.67,2.57,Cloud Architect
STU210057,22,F,undergraduate,commerce,icse,91.18,81.85,46.42,73.78,3.24,4.05,3.47,3.58,3.18,1.75,4.9,1.5,2.82,4.83,2.74,Civil Lawyer
STU300101,17,M,class_12,undecided,ib,48.0,67.69,78.89,71.25,2.65,4.9,4.1,2.77,4.36,3.87,2.0,1.58,2.24,4.6,2.2,Defence Officer (Indian Armed Forces)
STU010127,15,F,class_9,science_pcm,icse,92.94,54.48,66.6,89.03,4.74,3.19,3.97,3.42,1.3,1.22,4.63,3.47,3.8,2.48,3.54,Software Engineer
STU260127,17,F,class_11,arts,icse,75.12,89.56,56.83,75.93,4.82,4.46,3.71,4.66,3.43,2.31,2.36,3.5,3.5,3.51,3.15,Journalist
STU200086,16,F,class_11,undecided,cbse,65.6,72.28,88.81,70.24,4.18,3.72,4.45,3.31,2.35,1.62,2.6,1.74,2.93,4.35,2.2,Corporate Lawyer
STU240082,17,M,class_11,science_pcm,icse,70.42,82.45,39.28,80.27,3.83,3.1,4.7,3.29,4.5,1.38,2.52,4.07,2.45,1.73,3.26,Architect
STU190031,21,M,undergraduate,undecided,icse,34.15,67.1,65.53,40.0,3.02,3.87,3.44,3.35,2.44,2.81,2.95,3.06,4.9,3.82,2.0,Entrepreneur
STU060078,20,F,undergraduate,science_pcm,ib,52.36,42.21,64.35,51.0,2.07,4.59,3.19,2.69,2.53,3.95,2.0,3.91,1.92,2.71,2.56,Mechanical Engineer
STU110140,14,M,class_9,science_pcm,cbse,29.96,58.51,69.13,79.89,4.31,3.54,3.31,3.71,1.23,2.15,4.09,2.79,1.74,2.65,1.8,Biomedical Engineer
STU070085,18,F,class_12,science_pcm,icse,69.15,62.13,60.38,82.65,4.24,1.82,3.36,3.48,2.48,3.88,2.71,1.96,1.99,2.45,2.83,Civil Engineer
STU220132,16,M,class_11,arts,cbse,76.97,58.87,78.0,93.3,4.79,3.99,3.4,4.22,1.09,1.92,2.94,4.58,4.65,2.41,1.89,UX/UI Designer
STU340121,18,M,class_12,science_pcm,ib,59.98,57.92,57.94,98.0,3.69,4.61,4.1,3.27,4.2,4.48,4.5,2.36,3.41,1.58,3.14,Airline Pilot
STU150089,19,M,undergraduate,commerce,cbse,81.88,88.0,94.63,64.08,3.74,4.68,2.16,2.89,3.51,1.99,2.95,2.33,2.7,3.07,3.67,Investment Banker
STU320058,15,F,class_9,commerce,icse,94.0,91.43,59.56,40.0,1.47,3.1,3.93,4.36,4.2,3.32,2.78,2.77,3.39,3.82,2.08,Sports Manager
STU170044,16,M,class_11,commerce,cbse,85.31,63.52,74.69,85.9,3.5,4.01,3.49,3.32,2.96,1.45,4.7,2.54,4.72,4.89,3.78,Digital Marketing Manager
STU030063,18,M,class_12,science_pcm,cbse,83.72,73.98,68.36,57.28,4.79,1.34,2.94,2.72,3.56,4.47,4.62,2.6,2.13,2.17,3.0,AI/ML Engineer
STU160100,17,F,class_12,science_pcm,cbse,92.17,60.17,60.69,67.56,4.67,4.16,4.38,3.06,3.42,3.51,2.27,3.83,3.82,4.97,4.7,Management Consultant
STU030046,18,M,undergraduate,commerce,state,68.44,74.12,76.82,88.64,3.41,3.16,2.95,3.8,2.99,3.46,4.71,3.65,1.87,3.46,1.78,AI/ML Engineer
STU060065,15,F,class_10,science_pcm,cbse,84.57,78.0,84.72,78.02,3.67,4.57,2.5,4.11,3.28,3.64,2.23,2.07,4.11,2.11,4.26,Mechanical Engineer
STU220056,21,F,undergraduate,commerce,ib,76.63,66.29,37.68,70.14,4.8,4.17,2.12,4.0,3.98,1.75,2.65,4.92,3.73,2.59,2.18,UX/UI Designer
STU290047,15,F,class_9,arts,state,76.4,86.27,86.66,89.74,3.68,4.0,3.67,3.57,1.0,2.82,4.82,3.58,4.99,5.0,4.19,IAS Officer
STU330094,15,M,class_10,arts,state,88.0,64.87,85.09,92.29,3.73,3.81,2.62,3.23,3.71,4.11,3.62,4.33,2.04,4.51,3.91,Chef / Culinary Arts
STU230026,14,F,class_9,science_pcm,state,42.0,44.47,57.33,69.07,3.83,2.9,2.4,4.19,3.18,3.03,1.78,3.8,3.52,1.94,1.35,Graphic Designer
STU280057,14,M,class_9,arts,state,46.82,81.15,76.34,83.24,3.31,3.42,4.88,3.22,2.8,2.92,3.76,4.32,3.6,4.57,3.6,Content Writer
STU150017,20,F,undergraduate,science_pcm,state,76.49,71.73,72.0,79.79,3.72,3.58,2.78,3.18,2.84,3.64,2.6,3.44,2.18,1.0,3.87,Investment Banker
STU130035,18,F,class_12,science_pcb,cbse,83.06,66.18,94.3,60.45,1.0,3.41,3.63,4.69,2.67,3.29,4.82,2.23,4.79,1.48,4.3,Physiotherapist
STU060044,20,F,undergraduate,science_pcm,cbse,82.58,50.1,35.08,84.46,3.45,4.48,3.08,4.42,4.2,4.66,3.81,2.52,2.85,4.46,3.44,Mechanical Engineer
STU340096,18,M,class_12,science_pcm,cbse,77.8,58.2,67.29,63.22,3.51,3.94,2.45,4.39,1.2,2.15,4.15,3.07,1.47,2.77,3.47,Airline Pilot
STU180125,18,F,class_12,arts,state,84.6,64.93,73.36,61.38,3.98,4.88,4.11,3.59,1.2,2.1,2.08,4.3,4.9,4.27,1.58,Product Manager
STU010095,18,M,class_12,undecided,state,41.72,78.28,95.28,86.0,4.46,2.15,1.91,3.98,2.5,3.23,4.6,1.97,2.6,3.84,3.83,Software Engineer
STU290026,21,M,undergraduate,arts,icse,79.18,77.19,90.9,64.48,3.24,4.18,3.6,3.65,2.65,3.85,3.62,2.55,4.31,4.08,4.8,IAS Officer
STU260007,15,M,class_10,undecided,cbse,62.47,91.38,42.68,44.62,2.82,4.33,4.63,4.02,3.27,2.77,1.83,3.69,4.48,2.43,3.44,Journalist
STU200042,20,F,undergraduate,arts,state,95.15,74.24,45.0,81.85,2.82,4.63,4.15,3.19,3.53,1.3,3.0,3.62,4.45,4.35,5.0,Corporate Lawyer
STU160122,18,F,undergraduate,undecided,cbse,77.07,77.92,79.28,59.4,4.23,3.18,4.09,3.35,1.3,2.37,4.7,4.3,2.55,1.61,2.77,Management Consultant
STU290036,17,F,class_11,science_pcb,state,89.47,80.64,41.52,90.85,4.82,3.01,4.33,4.32,2.41,2.31,3.81,1.3,4.68,3.63,4.18,IAS Officer
STU310025,15,F,class_9,science_pcm,cbse,53.62,86.5,75.87,83.07,3.0,2.68,4.78,4.6,2.92,2.82,3.83,1.3,3.16,4.24,4.5,Environmental Scientist
STU220079,16,F,class_11,science_pcm,cbse,80.88,63.39,76.66,73.98,4.63,3.79,4.84,3.05,3.13,2.27,2.73,4.0,3.15,2.67,3.31,UX/UI Designer
STU200004,21,M,undergraduate,arts,icse,76.14,100.0,85.25,51.56,3.68,2.84,4.3,3.01,2.76,1.82,4.26,1.78,3.23,4.65,4.68,Corporate Lawyer
STU200063,18,M,class_12,arts,icse,90.08,77.31,55.3,58.5,2.94,3.51,3.38,2.36,2.03,3.28,4.19,3.84,3.59,4.64,1.0,Corporate Lawyer
STU130066,17,M,class_12,science_pcb,state,73.99,85.62,88.01,79.78,4.48,3.88,4.22,4.55,3.42,3.64,2.85,3.17,4.43,3.02,3.35,Physiotherapist
STU130058,21,M,undergraduate,science_pcb,cbse,65.52,69.52,76.32,57.97,4.49,3.67,3.71,4.29,3.81,2.81,3.64,2.76,3.63,2.14,1.64,Physiotherapist
STU180096,17,M,class_11,commerce,cbse,91.72,81.73,45.78,62.02,4.1,4.48,4.63,2.63,3.01,1.18,4.16,3.34,2.72,2.87,4.7,Product Manager
STU150144,16,F,class_11,undecided,cbse,86.05,60.08,97.98,39.3,3.73,4.18,3.27,3.82,2.15,3.15,3.92,2.19,3.86,4.68,4.03,Investment Banker
STU160087,21,F,undergraduate,science_pcm,cbse,77.53,66.66,85.63,67.47,3.27,3.92,4.63,3.68,2.05,1.31,2.21,2.31,2.2,4.45,2.06,Management Consultant
STU070051,16,M,class_11,science_pcm,cbse,79.91,48.6,73.81,72.39,3.88,3.52,1.19,4.43,2.84,4.82,4.16,4.01,2.18,3.05,3.08,Civil Engineer
STU210069,15,M,class_9,undecided,ib,63.0,92.57,1.32,41.94,4.25,3.82,3.75,3.49,4.19,3.05,2.95,1.79,4.74,3.72,2.93,Civil Lawyer
STU080071,17,M,class_12,science_pcb,icse,82.14,68.88,71.94,81.55,2.5,3.81,4.05,4.75,2.02,3.14,3.62,2.42,4.27,1.77,5.0,Doctor (MBBS)
STU180048,21,F,undergraduate,commerce,state,47.26,66.27,85.71,74.79,3.47,4.55,4.19,4.66,3.91,2.12,4.21,3.28,4.82,3.87,2.45,Product Manager
STU150105,14,M,class_9,commerce,state,89.91,62.43,92.81,71.01,2.26,4.21,3.3,2.47,1.58,3.13,3.52,2.53,2.14,3.23,3.9,Investment Banker
STU030120,17,F,class_11,science_pcm,state,82.67,48.43,73.32,61.17,1.26,3.85,1.81,2.88,3.7,2.87,4.95,2.43,1.03,2.77,2.12,AI/ML Engineer
STU070023,15,M,class_10,science_pcm,ib,63.06,52.04,90.0,98.0,3.7,4.87,2.4,3.73,4.98,4.36,2.41,2.6,4.4,3.54,3.53,Civil Engineer
STU090055,15,F,class_10,science_pcb,icse,63.5,72.95,77.98,63.52,2.62,4.38,3.73,3.94,2.18,4.2,2.31,1.75,4.48,1.82,3.21,Dentist
STU040028,15,O,class_10,science_pcm,cbse,79.78,76.6,95.04,70.39,4.82,4.53,3.17,3.95,3.7,4.4,4.74,3.4,3.11,3.71,2.86,Cybersecurity Analyst
STU140086,14,F,class_9,commerce,cbse,76.96,68.98,77.5,58.12,2.87,4.64,3.55,3.65,3.87,1.99,3.01,3.2,3.85,3.21,2.45,Chartered Accountant
STU090003,17,F,class_11,science_pcb,cbse,80.98,77.62,68.88,75.84,3.71,4.05,4.5,4.53,2.3,2.72,4.8,4.23,4.1,3.71,3.98,Dentist
STU180077,18,M,undergraduate,science_pcm,cbse,60.0,57.57,63.75,48.64,3.76,4.02,1.68,3.35,2.19,3.2,2.36,2.89,2.2,3.79,1.82,Product Manager
STU330117,18,F,class_12,vocational,icse,31.84,44.18,90.0,74.64,4.42,3.43,2.0,3.99,2.19,4.26,3.77,3.36,2.1,1.55,2.43,Chef / Culinary Arts
STU140021,15,M,class_9,commerce,cbse,78.32,80.13,96.43,70.38,2.89,4.97,2.2,3.14,4.1,2.28,3.61,1.4,1.4,3.48,4.07,Chartered Accountant
STU210111,16,M,class_11,arts,state,83.0,100.0,51.89,55.56,3.34,4.46,5.0,2.46,2.69,1.79,3.19,1.5,2.8,3.0,1.69,Civil Lawyer
STU270119,22,F,undergraduate,undecided,state,47.33,48.0,67.83,87.27,4.07,3.02,3.47,4.8,2.78,2.88,1.73,4.69,4.69,4.43,2.73,Film Director
STU150052,18,M,class_12,commerce,icse,66.53,21.21,77.04,62.09,4.5,4.21,3.28,2.54,2.34,1.9,3.29,1.68,3.08,3.98,3.67,Investment Banker
STU250088,17,M,class_11,science_pcm,cbse,77.42,50.69,70.49,95.63,4.68,2.53,3.54,2.69,3.39,2.4,2.96,4.62,4.76,4.05,3.38,Fashion Designer
STU140048,16,M,class_10,commerce,state,96.77,53.76,83.9,80.0,4.5,4.86,2.94,3.92,3.66,1.78,3.01,1.12,1.78,3.47,4.83,Chartered Accountant
STU270134,14,F,class_9,vocational,state,84.0,67.47,54.07,83.81,4.04,3.07,4.09,2.39,2.58,3.54,3.16,4.51,4.26,4.15,1.01,Film Director
STU210055,16,F,class_11,science_pcm,ib,91.01,97.35,72.21,70.42,3.52,4.91,3.07,3.74,2.71,2.36,4.55,3.97,4.13,4.48,4.59,Civil Lawyer
STU090049,15,F,class_9,science_pcb,state,90.3,86.58,81.83,84.45,4.23,3.77,3.16,4.59,2.59,3.23,4.08,2.5,3.9,2.04,3.09,Dentist
STU150093,17,F,class_12,undecided,state,72.6,50.0,80.36,40.0,4.49,4.53,3.84,3.31,3.89,2.34,3.02,2.98,1.76,4.51,4.29,Investment Banker
STU190013,18,M,class_12,undecided,icse,69.69,55.0,89.18,67.31,4.08,4.15,4.7,2.25,1.63,2.38,2.0,4.3,2.81,4.39,4.7,Entrepreneur
STU070093,15,F,class_10,science_pcm,cbse,66.0,100.0,65.72,83.29,3.54,3.3,4.75,4.38,3.34,3.78,4.5,4.48,4.11,3.77,2.91,Civil Engineer
STU150091,17,M,class_11,commerce,state,65.96,70.71,81.13,40.0,4.5,4.48,3.12,3.74,1.3,3.59,2.6,1.56,2.98,2.88,5.0,Investment Banker
STU260013,22,O,undergraduate,arts,cbse,42.0,77.36,80.0,43.17,4.59,2.92,3.52,4.57,4.03,1.35,3.84,3.5,3.79,1.65,2.88,Journalist
STU240148,14,M,class_9,vocational,state,49.7,73.18,69.33,43.0,4.7,3.66,4.62,3.75,3.42,3.4,2.48,4.31,3.83,2.41,3.63,Architect
STU090119,18,M,class_12,science_pcb,cbse,72.34,97.0,62.0,50.92,4.01,5.0,3.98,4.72,3.9,4.01,3.64,1.94,4.49,3.35,2.49,Dentist
STU130064,17,M,class_12,science_pcb,cbse,82.29,58.0,93.09,52.92,3.79,2.36,4.02,4.56,2.25,2.57,3.5,2.82,3.45,1.2,2.59,Physiotherapist
STU160094,21,M,undergraduate,undecided,icse,90.02,83.22,80.36,74.17,4.28,3.85,4.34,3.94,2.46,2.98,3.57,2.47,2.59,4.33,2.45,Management Consultant
STU170050,16,M,class_11,commerce,icse,89.49,79.32,57.66,50.38,3.59,4.74,3.46,2.91,3.01,1.0,2.66,1.76,3.62,4.86,3.53,Digital Marketing Manager
STU150037,18,M,undergraduate,science_pcm,state,77.83,57.23,84.68,83.65,2.52,4.13,3.48,2.1,2.58,3.27,4.11,1.78,1.4,3.7,3.77,Investment Banker
STU080016,18,F,class_12,undecided,state,79.85,60.0,94.56,45.0,3.35,3.81,3.49,4.92,3.9,4.07,4.92,1.39,5.0,3.13,3.58,Doctor (MBBS)
STU340110,19,F,undergraduate,science_pcm,state,83.43,62.53,50.96,68.32,3.3,3.06,4.07,3.23,1.16,3.5,3.29,4.06,3.0,3.74,3.86,Airline Pilot
STU290028,17,M,class_12,undecided,icse,89.31,78.8,86.45,84.56,3.37,4.0,4.33,3.1,1.0,2.99,4.97,3.52,4.71,4.35,2.35,IAS Officer
STU180072,18,F,class_12,science_pcm,icse,73.12,73.76,85.68,75.78,3.81,3.6,3.97,2.53,1.99,2.06,3.24,1.64,4.21,3.9,2.6,Product Manager
STU010078,15,F,class_9,science_pcm,icse,89.68,73.97,38.23,82.34,4.55,4.41,2.3,2.65,2.06,4.3,4.54,1.4,2.93,1.71,3.47,Software Engineer
STU200049,20,M,undergraduate,arts,state,80.09,89.72,45.0,36.54,3.89,5.0,2.83,2.77,4.2,2.89,4.77,2.57,3.61,3.86,4.9,Corporate Lawyer
STU090115,18,M,class_12,science_pcb,icse,56.36,97.0,71.4,27.04,3.7,4.93,3.98,3.98,3.69,2.56,3.7,2.52,2.95,3.04,2.94,Dentist
STU300113,17,F,class_11,arts,icse,14.94,62.67,58.32,78.46,3.24,3.89,3.06,4.3,2.29,4.28,2.23,1.3,1.37,4.12,1.8,Defence Officer (Indian Armed Forces)
STU060123,22,F,undergraduate,vocational,cbse,77.04,41.13,75.18,88.24,4.04,3.28,3.15,3.5,3.14,1.11,3.24,2.98,2.79,4.31,4.18,Mechanical Engineer
STU260101,17,F,class_12,arts,cbse,77.03,77.65,64.52,76.4,4.75,2.7,4.32,3.48,3.33,2.81,1.39,3.64,1.98,2.24,2.85,Journalist
STU330086,16,F,class_11,arts,state,78.94,72.42,65.55,91.99,4.5,3.0,3.43,2.89,5.0,3.82,3.28,3.6,3.65,2.26,3.16,Chef / Culinary Arts
STU200116,18,M,undergraduate,commerce,icse,67.4,68.0,45.0,64.56,4.31,3.93,2.83,4.13,1.47,1.26,3.15,3.86,3.26,4.1,4.05,Corporate Lawyer
STU230092,15,F,class_9,arts,cbse,100.0,61.06,47.08,85.32,4.54,2.73,2.78,3.8,3.5,1.48,2.93,1.18,3.35,4.03,2.13,Graphic Designer
STU180011,15,F,class_10,undecided,state,85.88,92.89,32.52,73.03,3.47,4.4,1.67,3.0,1.73,3.76,1.96,2.92,3.93,2.81,2.0,Product Manager
STU340046,15,M,class_10,undecided,cbse,63.6,61.99,73.86,78.0,4.17,4.45,4.4,2.28,3.02,4.13,4.5,2.5,3.31,1.55,4.21,Airline Pilot
STU180086,15,M,class_10,science_pcm,state,88.72,80.37,59.46,79.29,2.8,3.53,3.89,2.67,4.11,1.9,2.01,4.27,2.4,1.51,2.8,Product Manager
STU240081,20,M,undergraduate,arts,state,45.99,83.0,77.05,63.8,3.79,3.69,4.61,3.19,2.19,1.2,3.8,4.83,4.09,3.55,1.83,Architect
STU030076,16,M,class_10,science_pcm,icse,82.71,73.96,91.28,88.05,3.85,4.13,3.16,3.22,2.86,2.71,5.0,3.82,2.19,2.66,3.68,AI/ML Engineer
STU130109,17,M,class_11,science_pcb,icse,84.26,65.81,70.53,69.83,3.51,4.77,2.65,3.78,1.84,3.9,2.73,1.87,3.4,2.96,2.05,Physiotherapist
STU300073,20,F,undergraduate,vocational,icse,83.6,66.71,90.0,82.45,4.39,4.65,2.42,2.93,2.78,3.91,2.64,4.2,2.26,1.5,3.35,Defence Officer (Indian Armed Forces)
STU310004,17,F,class_12,arts,state,70.0,85.9,91.6,85.2,5.0,4.54,3.12,3.65,2.78,4.08,3.22,2.3,4.73,4.81,4.8,Environmental Scientist
STU270128,15,M,class_10,commerce,ib,65.58,88.18,38.67,82.89,3.7,4.7,1.38,4.11,2.59,3.53,1.65,4.9,2.7,4.8,3.17,Film Director
STU110105,20,M,undergraduate,science_pcm,cbse,75.11,87.09,62.0,51.91,4.59,1.36,1.99,4.53,3.0,2.17,4.06,3.63,3.97,4.99,2.76,Biomedical Engineer
STU080069,16,M,class_11,science_pcb,cbse,61.74,82.93,77.61,85.0,3.58,4.59,3.11,3.56,2.87,2.22,3.91,2.61,4.82,2.38,2.27,Doctor (MBBS)
STU250078,22,F,undergraduate,arts,cbse,70.51,86.91,51.32,64.06,4.31,3.25,4.67,3.16,3.23,2.79,3.86,4.59,2.3,1.97,3.04,Fashion Designer
STU240041,22,M,undergraduate,science_pcm,cbse,74.79,75.58,69.67,94.02,3.88,4.26,1.45,4.06,2.68,1.93,1.42,4.45,4.18,3.56,2.91,Architect
STU340013,22,M,undergraduate,commerce,icse,77.33,66.09,70.88,78.61,2.72,3.97,2.0,2.96,4.2,3.91,2.29,3.48,2.54,4.5,2.8,Airline Pilot
STU200109,22,M,undergraduate,undecided,cbse,61.57,68.0,63.33,78.7,3.87,4.86,3.47,4.07,2.78,2.95,3.8,4.52,3.72,3.51,4.21,Corporate Lawyer
STU140045,15,F,class_9,commerce,state,90.73,75.74,88.74,53.2,2.5,4.66,2.46,3.75,2.02,3.26,4.32,3.09,1.55,4.51,3.86,Chartered Accountant
STU340105,22,F,undergraduate,science_pcm,state,84.37,65.37,45.0,64.02,2.74,4.22,5.0,2.69,2.95,3.93,4.5,1.47,1.27,2.5,4.5,Airline Pilot
STU300096,17,F,class_12,science_pcm,icse,67.59,40.42,90.0,74.55,3.73,3.4,4.25,3.08,1.38,4.34,3.46,1.4,2.44,3.39,4.44,Defence Officer (Indian Armed Forces)
STU160127,15,F,class_10,arts,cbse,89.97,62.7,69.26,42.07,4.23,5.0,3.56,4.25,1.2,3.56,2.0,2.78,3.62,4.76,2.87,Management Consultant
STU090143,16,M,class_11,science_pcb,cbse,67.16,75.88,95.0,79.04,4.21,4.3,3.42,3.85,3.44,2.48,4.01,2.07,4.39,2.84,3.65,Dentist
STU030021,19,M,undergraduate,science_pcm,cbse,85.18,79.91,96.72,70.24,3.76,4.8,2.9,2.37,1.82,4.09,4.82,3.0,2.62,4.0,3.89,AI/ML Engineer
STU110120,15,M,class_10,science_pcm,cbse,57.33,84.42,70.53,75.8,2.82,4.21,3.37,4.78,1.74,2.93,4.64,1.2,4.77,1.55,3.66,Biomedical Engineer
STU250114,17,M,class_11,commerce,icse,69.68,52.39,66.11,91.76,2.98,2.56,4.16,3.08,3.39,2.21,2.28,4.04,2.62,3.68,2.61,Fashion Designer
STU140111,17,F,class_12,commerce,cbse,75.92,82.1,43.7,42.37,4.07,3.68,2.92,2.65,2.87,1.67,3.76,2.6,3.96,3.0,4.83,Chartered Accountant
STU150120,17,M,class_11,commerce,cbse,66.18,66.56,87.57,61.76,3.7,3.86,2.88,3.41,3.65,1.76,3.19,3.5,4.0,3.21,4.4,Investment Banker
STU120024,19,F,undergraduate,arts,icse,67.32,86.37,87.25,57.05,4.56,4.73,4.01,4.66,2.64,4.2,3.64,3.08,4.48,1.57,4.77,Clinical Psychologist
STU020111,22,F,undergraduate,science_pcb,cbse,81.73,48.63,85.68,75.61,4.67,4.55,2.58,2.96,2.18,3.08,4.91,3.78,1.3,2.92,1.91,Data Scientist
STU310009,20,M,undergraduate,science_pcm,state,99.0,70.0,75.37,82.95,4.33,4.48,3.14,5.0,2.0,2.87,5.0,1.51,4.81,3.25,3.21,Environmental Scientist
STU140090,18,F,class_12,commerce,cbse,100.0,80.23,85.32,52.83,4.44,3.76,2.19,2.48,1.66,2.53,4.43,2.02,4.67,3.5,4.3,Chartered Accountant
STU070002,15,M,class_10,science_pcm,state,61.2,48.98,84.95,64.07,1.78,4.67,3.98,2.9,3.47,3.56,2.04,1.3,1.28,3.59,2.29,Civil Engineer
STU250145,16,M,class_11,undecided,icse,48.95,48.0,60.72,96.74,4.28,4.28,4.3,3.99,1.84,1.55,1.44,4.36,2.92,2.55,2.25,Fashion Designer
STU140077,18,F,class_12,commerce,cbse,73.05,50.0,81.69,62.69,3.77,4.84,4.62,3.81,1.19,1.4,4.46,1.0,2.61,3.53,4.53,Chartered Accountant
STU290035,17,M,class_11,commerce,state,89.91,93.56,79.5,85.76,3.75,5.0,3.53,1.34,1.82,3.14,5.0,1.69,4.3,3.52,2.1,IAS Officer
STU130118,21,F,undergraduate,science_pcm,state,87.17,88.46,73.5,68.86,3.48,3.41,2.78,1.45,2.18,3.88,2.55,3.14,4.92,2.15,2.25,Physiotherapist
STU130029,16,M,class_11,science_pcb,cbse,64.58,90.52,91.94,84.42,4.34,4.94,3.49,4.01,2.88,2.72,3.55,3.01,4.46,2.78,2.49,Physiotherapist
STU110074,15,F,class_9,science_pcb,cbse,70.15,37.25,80.67,65.63,3.47,4.46,4.49,4.13,3.73,3.32,4.9,3.6,3.4,3.15,2.68,Biomedical Engineer
STU300135,20,M,undergraduate,science_pcm,cbse,64.87,73.36,88.03,60.0,2.46,3.44,4.51,2.41,2.14,4.32,2.6,4.21,4.06,3.91,3.93,Defence Officer (Indian Armed Forces)
STU290009,22,F,undergraduate,science_pcm,cbse,97.5,98.1,95.76,88.38,3.85,4.17,3.67,2.82,1.0,3.59,4.82,3.32,4.91,3.56,4.26,IAS Officer
STU020075,17,F,class_11,science_pcm,ib,68.0,48.34,94.79,53.58,4.38,3.78,1.84,2.85,1.3,4.16,4.38,1.75,1.63,4.0,3.64,Data Scientist
STU050124,15,F,class_10,science_pcm,cbse,45.71,79.67,80.64,58.52,3.33,3.23,1.8,2.49,1.35,4.45,4.75,1.99,3.59,3.65,2.11,Cloud Architect
STU310079,21,M,undergraduate,undecided,icse,92.46,97.65,96.22,47.72,3.2,4.89,4.91,4.07,1.98,4.38,3.56,3.23,4.84,4.71,1.0,Environmental Scientist
STU080092,15,F,class_9,science_pcb,cbse,71.12,100.0,69.69,64.29,3.65,3.85,4.04,3.81,2.11,3.15,3.5,2.19,4.09,2.24,1.64,Doctor (MBBS)
STU190063,17,F,class_12,vocational,cbse,72.61,91.43,88.81,64.94,1.77,4.67,3.2,3.44,1.89,1.31,3.69,1.75,4.57,3.37,3.35,Entrepreneur
STU060097,21,F,undergraduate,science_pcm,cbse,51.39,55.52,68.55,83.08,4.5,4.15,3.26,4.16,3.36,4.02,1.36,4.33,1.98,3.85,4.23,Mechanical Engineer
STU290090,18,F,undergraduate,arts,cbse,85.07,84.24,84.48,90.85,2.34,4.17,3.2,3.98,1.69,3.62,4.7,2.52,4.37,4.1,3.57,IAS Officer
STU180002,20,M,undergraduate,science_pcm,icse,69.68,59.86,73.51,86.0,4.43,4.53,4.57,2.2,3.05,2.09,2.03,1.66,3.12,4.77,2.34,Product Manager
STU200079,18,F,class_12,arts,state,51.58,92.68,90.0,39.94,3.95,3.82,3.2,2.79,1.96,1.66,4.05,2.15,4.51,3.49,4.83,Corporate Lawyer
STU010118,21,M,undergraduate,science_pcm,cbse,71.73,82.0,77.54,85.49,3.63,3.1,2.82,3.49,2.9,2.81,4.63,2.88,2.03,4.0,3.3,Software Engineer
STU050046,17,M,class_12,science_pcm,state,88.7,54.9,48.5,68.17,4.22,2.72,2.73,5.0,3.45,3.67,4.23,3.6,3.09,1.93,2.47,Cloud Architect
STU010004,17,F,class_11,undecided,cbse,83.01,53.23,83.35,61.46,4.43,4.63,4.1,3.26,3.35,3.63,3.76,2.2,3.23,2.58,3.17,Software Engineer
STU280121,18,F,class_12,undecided,cbse,56.31,70.0,45.53,71.58,3.38,4.51,4.07,3.0,4.03,1.0,3.3,4.46,4.06,4.48,2.72,Content Writer
STU040018,17,F,class_11,science_pcm,state,86.29,68.05,84.09,86.43,4.04,4.8,3.62,2.97,2.35,4.27,3.6,1.93,3.8,3.74,2.85,Cybersecurity Analyst
STU010006,17,M,class_11,science_pcm,icse,53.09,69.16,96.64,82.29,3.0,4.48,1.83,4.44,2.27,4.82,4.13,2.1,1.12,2.19,4.69,Software Engineer
STU070020,17,M,class_12,arts,cbse,57.27,55.3,78.95,63.77,3.06,4.84,3.99,4.68,2.76,4.21,2.81,1.93,3.08,1.0,3.76,Civil Engineer
STU180046,17,M,class_12,commerce,icse,60.0,82.96,84.35,78.44,3.69,3.54,4.81,4.8,4.13,3.15,4.16,1.96,3.25,4.83,2.88,Product Manager
STU290125,15,M,class_9,arts,icse,98.17,97.62,81.75,89.63,3.75,4.21,3.88,3.97,3.44,3.95,4.68,3.78,4.42,3.7,2.99,IAS Officer
STU080014,15,O,class_9,science_pcb,icse,86.36,66.12,51.56,77.03,3.7,5.0,2.77,4.16,1.68,3.63,4.53,1.1,4.23,3.8,1.94,Doctor (MBBS)
STU180041,18,F,undergraduate,arts,ib,76.69,71.47,83.03,64.17,3.07,3.1,3.28,4.23,2.32,3.24,3.32,1.25,2.91,4.85,3.33,Product Manager
STU020093,17,F,class_12,undecided,icse,82.69,65.18,30.74,52.69,2.95,3.1,3.34,3.62,2.86,2.61,4.71,3.69,3.68,2.7,2.83,Data Scientist
STU080111,16,M,class_10,science_pcb,cbse,82.64,61.64,91.72,77.54,2.92,3.54,3.94,4.68,2.83,2.28,3.73,2.09,3.77,3.79,2.45,Doctor (MBBS)
STU200021,16,F,class_10,undecided,cbse,91.27,91.69,68.52,67.99,1.23,3.69,2.92,3.58,2.74,3.01,4.11,2.01,3.32,3.79,3.03,Corporate Lawyer
STU250136,17,M,class_11,arts,ib,64.65,91.56,56.78,66.8,4.66,3.27,4.9,3.02,3.71,1.34,2.07,3.87,4.67,3.05,3.22,Fashion Designer
STU160148,19,O,undergraduate,science_pcm,cbse,30.24,73.47,87.11,86.0,3.95,4.06,4.32,3.0,1.77,2.23,4.37,3.94,4.86,4.63,3.4,Management Consultant
STU240068,20,F,undergraduate,arts,cbse,69.26,92.69,36.97,77.48,4.27,4.69,3.36,3.03,2.52,2.53,3.09,2.63,3.19,4.73,2.37,Architect
STU230122,17,M,class_12,arts,cbse,46.7,52.48,78.0,79.29,4.81,3.05,2.89,2.98,2.6,2.74,2.57,4.0,3.03,3.56,2.35,Graphic Designer
STU180014,16,F,class_10,science_pcm,state,69.26,67.48,59.55,86.0,3.6,5.0,3.63,2.92,3.51,2.93,4.68,2.91,4.18,4.71,3.01,Product Manager
STU110106,16,M,class_10,undecided,state,77.8,92.09,88.26,79.89,3.49,3.28,3.77,4.71,1.37,2.84,3.59,2.71,3.67,1.0,3.25,Biomedical Engineer
STU330127,17,M,class_11,arts,cbse,88.0,78.0,46.64,76.84,4.88,3.21,4.6,3.23,3.89,4.04,4.29,1.3,1.57,1.53,1.0,Chef / Culinary Arts
STU160075,20,F,undergraduate,commerce,state,69.74,85.53,56.91,65.7,2.74,4.75,4.06,4.78,1.54,2.4,2.71,4.06,2.2,3.71,4.34,Management Consultant
STU190010,18,F,class_12,commerce,icse,81.83,85.86,64.26,69.44,4.29,3.56,4.08,3.21,2.44,2.6,2.75,1.99,3.12,3.43,4.32,Entrepreneur
STU340039,17,F,class_11,science_pcm,cbse,87.32,47.17,87.3,74.55,2.81,4.58,2.62,2.95,3.12,4.18,3.84,2.29,4.01,2.03,4.77,Airline Pilot
STU090113,16,F,class_11,science_pcb,state,88.36,94.35,80.1,54.29,3.75,3.69,3.02,4.64,2.24,2.67,3.92,1.89,4.24,1.2,2.28,Dentist
STU230149,16,M,class_11,arts,state,84.0,86.18,47.78,85.97,4.53,2.36,3.09,4.1,2.6,2.4,2.42,3.8,3.66,4.24,2.28,Graphic Designer
STU260063,17,F,class_12,science_pcm,cbse,66.05,78.57,79.7,77.69,3.5,2.6,5.0,3.05,2.67,1.05,2.44,4.12,4.44,2.72,1.26,Journalist
STU320102,17,F,class_12,arts,cbse,90.08,85.79,64.06,86.0,4.54,3.39,4.5,4.78,2.7,3.75,2.04,3.58,3.51,4.05,2.69,Sports Manager
STU160113,19,F,undergraduate,commerce,state,88.78,80.53,88.82,48.5,4.12,3.27,4.37,2.33,3.84,1.99,2.24,1.2,2.95,4.97,4.1,Management Consultant
STU140026,20,F,undergraduate,commerce,cbse,100.0,72.45,81.81,76.04,2.2,5.0,3.88,3.24,2.58,2.76,3.31,1.6,3.89,5.0,3.75,Chartered Accountant
STU240065,18,F,class_12,undecided,cbse,30.46,68.07,61.22,94.37,3.7,2.77,4.33,3.6,3.96,1.56,3.81,4.78,5.0,3.67,1.09,Architect
STU120112,20,M,undergraduate,undecided,icse,55.0,45.45,95.0,64.53,3.83,3.61,3.75,4.18,1.96,3.05,4.92,2.32,3.88,3.04,2.19,Clinical Psychologist
STU190040,18,F,class_12,undecided,cbse,51.68,79.16,83.33,59.06,4.7,4.32,4.53,4.4,2.7,3.51,3.18,3.84,3.56,3.77,2.0,Entrepreneur
STU320106,17,M,class_11,commerce,icse,62.43,87.21,75.76,84.95,4.03,3.43,3.21,2.24,3.1,1.37,3.7,1.98,3.65,2.51,4.46,Sports Manager
STU170073,22,O,undergraduate,undecided,state,73.67,91.51,73.97,61.63,4.35,3.9,5.0,2.53,1.6,1.91,3.02,1.2,4.63,4.62,3.27,Digital Marketing Manager
STU270108,16,F,class_10,science_pcm,icse,77.4,59.67,55.48,89.55,4.64,4.49,1.44,2.97,2.9,3.44,3.67,3.0,5.0,2.63,2.21,Film Director
STU100144,17,F,class_12,science_pcb,icse,63.2,83.5,67.38,69.24,3.96,3.4,4.38,3.92,2.32,3.2,3.77,2.51,3.89,2.39,3.88,Pharmacist
STU290007,15,F,class_9,commerce,cbse,94.04,83.41,100.0,70.0,3.19,5.0,1.18,3.8,3.01,2.89,2.97,2.81,4.73,4.46,3.08,IAS Officer
STU150059,20,M,undergraduate,commerce,ib,68.46,65.1,96.41,70.98,4.96,3.66,2.07,2.1,1.8,2.37,3.16,2.7,3.85,4.46,3.85,Investment Banker
STU080120,16,F,class_11,undecided,cbse,62.85,65.01,65.0,57.76,4.4,3.4,3.72,3.93,2.09,2.63,4.97,3.7,4.28,1.29,3.21,Doctor (MBBS)
STU310110,21,M,undergraduate,science_pcm,cbse,86.2,97.15,53.0,95.73,3.28,4.36,4.01,3.84,3.8,2.95,3.18,1.32,4.84,4.99,4.47,Environmental Scientist
STU020083,19,F,undergraduate,science_pcm,cbse,80.46,100.0,83.59,85.81,3.1,3.41,2.09,4.02,2.82,5.0,4.25,2.26,2.46,2.65,3.64,Data Scientist
STU010067,15,M,class_10,science_pcm,state,86.35,77.77,93.19,75.18,4.39,4.07,2.99,3.92,2.73,3.0,3.78,2.87,3.8,3.82,2.33,Software Engineer
STU110104,15,O,class_9,commerce,cbse,70.3,68.35,69.86,59.88,3.31,4.29,3.56,4.03,1.88,2.29,4.46,1.74,4.94,3.24,3.08,Biomedical Engineer
STU220134,19,O,undergraduate,commerce,state,72.86,67.37,55.03,86.82,4.99,4.35,3.03,2.98,2.96,3.66,1.14,4.88,4.93,4.41,1.71,UX/UI Designer
STU240147,16,F,class_11,science_pcm,state,60.69,86.02,75.78,89.97,1.39,3.75,4.78,3.1,2.86,3.41,1.4,4.81,3.16,1.82,1.19,Architect
STU010126,18,F,class_12,undecided,cbse,82.32,65.01,83.62,65.92,4.05,3.1,2.9,2.75,1.63,3.17,4.49,1.98,1.64,2.02,2.46,Software Engineer
STU090097,18,F,class_12,undecided,state,78.74,94.04,91.5,79.37,2.58,4.49,4.45,4.06,1.7,3.46,4.52,3.13,4.62,1.46,1.87,Dentist
STU140027,17,M,class_12,science_pcm,cbse,65.0,90.11,65.5,44.19,3.18,3.62,3.3,2.53,2.86,2.39,3.95,1.51,1.36,4.5,4.18,Chartered Accountant
STU310111,15,O,class_9,science_pcb,cbse,84.53,89.96,95.24,93.32,3.72,4.99,3.7,4.18,1.97,2.21,4.17,1.31,4.05,4.53,4.01,Environmental Scientist
STU310075,19,F,undergraduate,science_pcm,icse,83.21,86.27,95.26,85.0,4.08,1.08,4.45,3.38,2.35,4.25,3.35,2.74,4.27,4.36,2.1,Environmental Scientist
STU140126,17,O,class_12,commerce,state,73.93,63.21,85.47,51.12,3.31,4.23,2.75,3.71,2.59,3.59,4.71,2.96,3.49,4.05,3.62,Chartered Accountant
STU210087,18,M,class_12,commerce,cbse,67.37,100.0,66.1,60.34,3.46,4.85,4.03,2.0,1.46,1.24,4.31,1.76,3.41,4.08,1.35,Civil Lawyer
STU300086,19,F,undergraduate,science_pcm,state,70.9,57.68,56.16,89.46,4.49,3.34,2.09,4.49,4.46,4.78,2.89,1.57,2.07,1.97,3.67,Defence Officer (Indian Armed Forces)
STU230046,22,F,undergraduate,vocational,cbse,67.17,64.82,49.4,63.49,5.0,3.24,2.05,2.35,1.64,3.36,3.51,3.96,3.11,3.31,3.29,Graphic Designer
STU310058,18,M,class_12,science_pcm,cbse,77.91,90.83,95.67,85.89,4.59,4.21,4.55,4.64,3.41,3.18,3.55,3.76,2.96,3.5,2.72,Environmental Scientist
STU190098,22,M,undergraduate,commerce,ib,66.47,84.5,80.34,70.49,3.25,1.87,3.73,4.01,4.02,3.49,3.55,2.51,4.9,3.54,4.3,Entrepreneur
STU070019,15,O,class_9,science_pcm,ib,64.25,72.41,47.94,63.4,3.14,4.43,4.09,3.91,1.58,5.0,3.68,2.91,1.71,3.91,2.55,Civil Engineer
STU110147,17,F,class_12,science_pcm,icse,66.15,78.82,86.78,50.95,4.54,3.97,2.2,3.71,3.49,4.2,4.51,2.2,3.48,3.22,1.61,Biomedical Engineer
STU030065,16,M,class_11,science_pcm,cbse,78.15,78.94,87.32,88.79,3.59,3.1,2.75,2.83,2.82,4.22,3.71,1.69,2.83,2.97,3.81,AI/ML Engineer
STU220138,17,F,class_11,science_pcm,state,44.36,68.0,49.55,70.0,4.42,3.35,2.83,2.77,2.09,2.41,2.05,4.36,3.75,3.15,1.85,UX/UI Designer
STU150026,16,M,class_11,science_pcm,icse,68.23,77.14,81.89,69.99,3.76,3.64,2.0,4.77,4.05,3.0,4.45,1.31,3.54,3.57,3.4,Investment Banker
STU280074,16,M,class_10,arts,state,50.69,70.0,35.0,46.65,4.9,3.46,3.76,4.47,3.62,3.4,2.85,2.34,5.0,2.92,2.7,Content Writer
STU040076,14,M,class_9,commerce,icse,79.83,90.08,90.69,50.32,2.51,3.9,2.36,4.02,1.61,4.66,4.35,3.9,3.47,3.65,3.79,Cybersecurity Analyst
STU010056,22,M,undergraduate,science_pcm,icse,86.8,84.81,91.02,83.67,4.95,4.15,3.82,2.44,2.96,2.35,3.5,2.05,3.8,2.62,3.19,Software Engineer
STU050039,17,F,class_11,science_pcm,icse,70.04,74.3,31.98,60.6,3.41,4.54,2.25,2.7,3.25,1.0,4.85,3.9,3.74,3.18,3.74,Cloud Architect
STU030003,21,F,undergraduate,science_pcm,cbse,65.28,67.72,87.22,59.9,3.12,3.9,2.7,2.58,3.12,2.7,4.05,1.84,2.92,1.6,3.55,AI/ML Engineer
STU190067,16,F,class_10,science_pcm,cbse,63.67,82.12,54.0,62.44,4.26,5.0,3.28,4.6,3.58,4.7,2.38,2.89,2.2,3.36,4.35,Entrepreneur
STU090077,19,F,undergraduate,science_pcb,cbse,64.1,76.94,62.51,45.0,3.65,3.4,2.58,5.0,1.39,2.83,3.77,2.51,4.49,1.99,4.3,Dentist
STU140106,16,M,class_10,commerce,state,89.88,64.77,92.93,55.48,4.62,4.06,3.25,3.99,3.72,3.8,2.79,2.44,2.39,4.05,3.56,Chartered Accountant
STU250045,21,M,undergraduate,commerce,cbse,90.86,80.5,59.84,90.18,4.19,2.83,2.4,2.33,2.26,3.66,1.78,4.64,5.0,2.53,3.05,Fashion Designer
STU280094,17,M,class_11,arts,state,52.35,76.39,66.66,36.32,5.0,4.04,1.33,3.0,3.08,1.0,2.19,3.96,3.85,2.26,2.42,Content Writer
STU200029,16,M,class_10,commerce,cbse,87.86,33.61,69.06,74.13,3.67,2.07,2.99,2.49,3.31,1.36,4.69,1.91,3.4,4.37,5.0,Corporate Lawyer
STU290003,16,F,class_10,science_pcb,cbse,28.94,88.1,64.17,70.87,5.0,4.58,4.41,4.77,3.04,4.42,5.0,1.76,4.48,3.68,4.29,IAS Officer
STU160037,16,M,class_11,science_pcm,cbse,67.45,56.22,28.73,56.66,3.45,4.61,3.21,3.91,3.31,2.16,2.84,2.99,3.76,3.86,3.88,Management Consultant
STU160012,18,M,class_12,commerce,cbse,74.46,95.0,66.7,75.49,3.25,4.44,3.7,3.38,2.57,3.68,2.0,3.08,3.1,4.03,4.69,Management Consultant
STU160047,16,F,class_11,commerce,cbse,66.12,95.0,54.0,64.83,4.9,4.66,4.58,2.82,2.24,2.2,2.61,3.35,2.9,3.58,2.53,Management Consultant
STU120104,15,M,class_10,arts,icse,83.61,79.88,67.64,45.94,3.27,3.82,3.37,4.5,2.02,2.5,3.5,2.79,4.03,3.7,3.87,Clinical Psychologist
STU140019,18,F,undergraduate,science_pcm,state,86.36,84.58,97.04,43.68,3.79,4.28,2.19,2.24,1.52,2.53,4.11,2.27,3.74,4.15,4.68,Chartered Accountant
STU300092,19,F,undergraduate,commerce,state,61.9,38.66,100.0,33.41,2.99,3.2,4.12,4.17,3.23,4.84,3.04,2.79,2.39,2.77,4.49,Defence Officer (Indian Armed Forces)
STU210118,21,M,undergraduate,commerce,cbse,87.61,98.25,83.65,61.51,4.38,4.29,2.9,4.16,3.55,1.65,4.11,3.27,4.55,4.41,3.45,Civil Lawyer
STU160144,16,F,class_11,commerce,state,67.23,57.25,77.94,55.83,4.74,3.1,4.05,4.8,3.68,1.2,4.7,3.28,4.14,4.47,3.09,Management Consultant
STU040074,16,F,class_11,science_pcm,state,75.68,70.52,79.34,75.73,4.28,4.53,3.23,2.43,2.86,2.99,3.6,2.24,2.47,3.48,2.18,Cybersecurity Analyst
STU270001,16,M,class_11,arts,cbse,76.77,68.36,68.95,74.11,5.0,3.87,3.45,4.07,1.85,4.1,2.12,4.48,3.35,3.08,2.31,Film Director
STU210123,20,M,undergraduate,commerce,cbse,73.94,95.48,53.58,45.76,3.58,4.02,5.0,2.15,2.0,3.39,4.17,3.31,3.72,3.81,2.79,Civil Lawyer
STU280107,17,O,class_12,arts,cbse,61.29,100.0,64.26,35.32,4.06,3.69,4.33,3.97,1.98,2.46,3.79,3.43,4.24,3.65,2.7,Content Writer
STU140020,17,M,class_12,commerce,state,74.71,76.49,83.21,50.19,3.89,4.46,4.21,3.92,3.24,1.0,2.71,1.81,1.54,5.0,3.79,Chartered Accountant
STU050072,16,M,class_11,commerce,cbse,97.0,82.0,55.17,76.58,3.6,3.53,3.49,3.42,2.47,4.98,4.55,3.1,2.52,4.0,4.03,Cloud Architect
STU280139,18,M,class_12,arts,cbse,61.63,73.96,65.32,62.0,4.15,3.68,4.23,3.08,2.84,1.45,1.78,3.85,4.39,2.1,3.84,Content Writer
STU050067,18,M,undergraduate,science_pcm,state,68.89,82.0,84.65,81.16,4.69,3.01,1.81,2.61,3.58,3.62,4.36,4.88,2.24,3.71,4.2,Cloud Architect
STU300079,17,O,class_12,science_pcm,cbse,64.68,63.16,63.17,25.59,2.3,3.97,2.82,2.1,3.43,4.25,2.14,3.13,2.23,2.71,2.45,Defence Officer (Indian Armed Forces)
STU130088,15,O,class_9,science_pcb,icse,61.62,79.83,71.3,46.7,3.5,4.16,2.23,3.81,2.15,4.42,3.96,1.88,3.4,2.41,3.48,Physiotherapist
STU220117,17,F,class_11,vocational,icse,77.9,55.85,35.0,88.67,4.69,2.82,3.57,4.65,2.03,1.2,2.66,4.83,3.86,3.28,2.69,UX/UI Designer
STU020131,17,F,class_11,science_pcm,state,84.63,62.47,72.26,68.98,4.16,4.0,2.79,3.7,2.59,4.04,3.77,2.13,2.12,1.88,2.67,Data Scientist
STU120070,16,M,class_10,science_pcb,cbse,72.15,87.85,88.83,68.26,3.86,4.47,3.11,1.72,1.46,2.7,4.93,3.33,3.66,3.26,3.8,Clinical Psychologist
STU200098,22,F,undergraduate,commerce,state,85.86,68.05,60.19,78.06,3.34,3.92,3.6,2.16,3.02,3.5,4.33,1.67,4.23,3.64,2.44,Corporate Lawyer
STU060150,18,M,class_12,science_pcm,icse,59.85,64.81,45.0,86.54,2.48,3.93,4.43,2.63,1.65,4.67,3.59,2.55,1.57,1.8,1.8,Mechanical Engineer
STU330149,15,M,class_10,science_pcm,state,86.35,54.11,84.22,81.06,2.72,3.84,2.73,4.25,3.28,4.74,4.5,2.39,2.55,3.69,1.0,Chef / Culinary Arts
STU060011,15,M,class_10,science_pcm,state,80.82,58.65,88.38,75.27,4.5,4.82,2.08,2.39,2.39,2.86,2.34,1.3,3.58,3.9,2.85,Mechanical Engineer
STU130107,15,F,class_10,science_pcb,cbse,62.96,58.0,92.96,46.49,2.92,3.88,3.59,3.72,3.53,2.51,4.86,2.95,4.21,1.51,1.89,Physiotherapist
STU270143,15,M,class_9,arts,cbse,75.65,59.58,65.4,97.72,4.66,2.92,4.52,4.31,4.37,2.98,5.0,3.94,4.14,1.98,2.23,Film Director
STU260074,18,M,class_12,arts,state,66.08,96.72,72.06,83.09,4.85,4.68,5.0,5.0,1.44,1.12,2.17,4.82,3.8,2.73,1.49,Journalist
STU280089,16,F,class_11,arts,state,84.21,90.02,54.16,46.41,3.3,4.15,4.07,3.18,1.52,1.69,2.72,4.24,4.08,2.55,3.22,Content Writer
STU260069,14,F,class_9,arts,cbse,42.0,100.0,36.88,60.92,4.29,3.94,4.71,5.0,2.19,1.79,2.27,4.65,4.23,3.76,1.61,Journalist
STU290101,18,F,undergraduate,science_pcm,icse,93.05,70.0,93.01,86.38,3.45,4.51,3.91,3.65,2.98,3.93,3.28,4.1,4.45,4.13,2.34,IAS Officer
STU180044,18,F,class_12,science_pcm,cbse,78.45,81.45,85.5,68.99,4.67,3.93,3.47,2.62,4.06,2.37,4.37,3.85,2.82,3.53,4.11,Product Manager
STU280115,21,F,undergraduate,commerce,icse,69.61,72.6,38.49,70.35,4.77,2.6,4.61,3.92,1.92,2.45,3.21,4.11,4.42,3.64,1.69,Content Writer
STU210032,18,M,class_12,arts,icse,70.86,94.44,72.2,82.0,3.92,4.04,2.91,3.08,3.3,2.92,2.85,2.52,3.95,4.68,3.79,Civil Lawyer
STU240130,17,M,class_11,arts,cbse,45.41,73.99,47.62,79.42,4.89,3.87,3.57,2.5,3.23,3.93,3.24,4.34,1.0,2.26,2.99,Architect
STU190133,18,O,class_12,commerce,cbse,65.57,76.71,43.78,40.0,3.87,3.93,4.0,3.76,3.26,3.07,3.84,3.42,3.14,3.4,4.47,Entrepreneur
STU240023,18,F,class_12,science_pcm,icse,72.1,54.18,45.86,78.1,4.23,2.89,4.9,4.8,3.77,4.2,2.83,4.01,4.63,1.75,3.48,Architect
STU010138,18,F,undergraduate,science_pcm,cbse,92.09,82.0,82.08,52.0,3.0,3.59,2.01,3.97,2.5,4.48,4.4,2.72,2.97,2.28,3.8,Software Engineer
STU150081,19,F,undergraduate,undecided,cbse,73.68,95.51,72.13,49.5,4.29,4.15,4.28,4.01,2.98,2.61,4.48,2.03,3.28,4.78,4.92,Investment Banker
STU150029,15,M,class_10,science_pcm,icse,93.14,83.35,72.0,70.15,3.76,3.72,2.93,4.4,3.17,3.71,3.33,1.65,3.79,4.23,3.88,Investment Banker
STU220028,19,M,undergraduate,arts,icse,37.89,62.43,64.31,93.73,4.18,2.32,4.73,4.53,2.96,4.09,2.7,4.97,4.81,2.52,1.66,UX/UI Designer
STU300108,18,F,class_12,science_pcm,cbse,65.95,48.75,73.67,75.83,4.04,4.41,2.02,4.63,3.09,4.86,3.07,1.83,3.88,4.36,3.63,Defence Officer (Indian Armed Forces)
STU290062,21,M,undergraduate,science_pcm,state,73.57,75.45,70.0,76.66,4.29,5.0,4.42,3.78,2.78,3.49,3.88,3.01,4.71,4.64,3.02,IAS Officer
STU290145,16,M,class_11,commerce,ib,76.91,96.36,96.76,90.52,3.61,4.73,4.09,4.3,1.09,2.13,3.15,2.69,4.14,3.99,2.63,IAS Officer
STU090132,15,M,class_10,science_pcb,state,65.22,65.31,29.06,78.58,3.81,4.15,3.8,1.0,3.68,2.93,3.5,3.28,3.4,3.66,3.32,Dentist
STU140068,17,M,class_12,arts,cbse,76.32,81.79,89.99,46.57,3.22,4.72,3.05,2.37,4.58,3.19,2.6,1.98,3.35,4.22,1.49,Chartered Accountant
STU170083,14,M,class_9,undecided,state,90.86,87.31,67.08,69.71,3.95,5.0,3.59,4.28,4.2,1.2,3.63,4.15,3.85,4.35,2.11,Digital Marketing Manager
STU100009,18,M,class_12,science_pcb,state,67.38,44.69,64.94,57.84,4.1,4.2,4.08,4.47,3.9,2.53,4.57,2.28,4.74,2.75,3.04,Pharmacist
STU090130,18,O,class_12,science_pcb,cbse,60.98,61.01,73.17,76.47,4.1,4.58,4.04,4.53,2.54,2.4,5.0,2.63,3.4,1.2,3.81,Dentist
STU150051,18,M,class_12,commerce,icse,96.0,68.38,74.79,73.36,2.2,3.6,4.51,3.44,1.71,3.47,3.97,2.43,1.56,3.03,4.63,Investment Banker
STU150023,22,M,undergraduate,arts,cbse,75.87,97.47,83.21,58.83,4.32,3.7,3.76,2.34,3.6,1.4,1.51,2.18,2.41,2.93,4.04,Investment Banker
STU270082,16,F,class_11,arts,state,74.13,92.0,73.04,62.0,2.28,2.52,1.98,4.64,3.55,1.77,2.55,4.29,3.85,3.78,3.33,Film Director
STU090053,16,M,class_11,science_pcb,icse,81.7,95.18,65.52,57.84,2.5,4.47,4.5,1.31,2.84,4.02,4.09,1.86,5.0,1.6,3.93,Dentist
STU220129,17,F,class_12,arts,cbse,84.0,78.06,35.0,84.56,4.37,2.3,3.3,2.48,2.99,2.13,2.55,4.7,3.0,4.8,1.28,UX/UI Designer
STU230075,18,M,undergraduate,vocational,cbse,44.77,88.63,36.18,98.93,4.36,3.69,4.47,3.46,3.44,1.2,2.84,4.96,4.32,3.71,2.56,Graphic Designer
STU190115,18,F,class_12,science_pcm,cbse,87.83,82.49,81.21,47.31,3.49,3.1,4.87,3.37,1.2,1.78,4.19,2.39,4.38,4.88,2.02,Entrepreneur
STU130049,17,M,class_11,science_pcb,cbse,70.33,81.51,95.0,80.46,3.23,4.58,3.21,3.91,4.07,2.79,3.74,2.82,3.79,2.51,2.7,Physiotherapist
STU210038,17,M,class_12,science_pcm,state,91.77,74.99,45.0,70.55,4.54,4.53,3.02,2.0,4.13,3.33,2.6,3.49,3.37,4.67,3.27,Civil Lawyer
STU030089,17,M,class_11,vocational,cbse,93.65,62.05,96.88,79.66,4.12,3.65,2.77,3.94,2.47,3.6,4.07,3.82,2.03,2.18,4.07,AI/ML Engineer
STU020086,22,F,undergraduate,science_pcm,cbse,72.83,66.36,91.46,64.46,4.13,3.1,4.09,3.71,3.7,3.12,3.9,3.32,2.12,2.09,4.2,Data Scientist
STU080028,19,M,undergraduate,undecided,icse,65.76,60.0,71.93,59.98,3.77,4.95,3.01,4.63,1.75,1.98,1.0,1.44,3.99,2.29,2.97,Doctor (MBBS)
STU140035,18,M,class_12,commerce,cbse,92.65,74.83,49.4,55.32,3.54,3.97,2.01,3.27,3.36,1.11,3.58,2.83,2.52,3.61,3.51,Chartered Accountant
STU300014,20,M,undergraduate,science_pcm,cbse,73.3,78.0,90.0,60.03,3.1,3.24,2.96,4.4,2.7,5.0,3.83,1.85,2.57,4.53,2.7,Defence Officer (Indian Armed Forces)
STU270063,18,F,undergraduate,arts,cbse,57.16,50.82,78.0,76.98,3.88,2.3,3.34,3.53,3.32,3.48,3.05,4.78,4.77,3.38,3.45,Film Director
STU060021,18,M,class_12,science_pcm,icse,81.34,61.84,63.11,72.59,4.37,3.23,2.75,4.63,2.64,5.0,2.28,4.5,1.92,1.78,4.0,Mechanical Engineer
STU150066,17,F,class_12,undecided,state,91.84,64.27,76.71,59.65,2.61,4.34,2.28,3.87,3.52,2.42,2.81,2.02,2.6,4.08,4.53,Investment Banker
STU050074,15,M,class_10,vocational,icse,69.13,46.33,77.95,53.92,4.4,3.18,3.51,4.13,2.18,3.54,4.54,1.2,1.65,2.66,4.09,Cloud Architect
STU020100,17,F,class_11,undecided,icse,79.45,47.24,95.29,74.18,3.6,3.48,2.94,3.73,2.88,5.0,3.73,2.32,3.29,2.61,3.77,Data Scientist
STU110075,20,F,undergraduate,science_pcm,icse,88.41,68.36,79.72,85.0,3.52,4.61,3.32,3.87,2.29,4.07,4.01,2.27,3.61,3.71,2.07,Biomedical Engineer
STU230120,16,M,class_10,undecided,cbse,66.06,51.56,57.06,49.31,4.38,2.6,2.71,2.34,4.5,3.37,4.6,3.91,3.83,3.18,1.16,Graphic Designer
STU140132,16,M,class_10,undecided,ib,79.83,40.98,80.98,46.69,3.17,4.71,2.0,2.39,2.29,1.48,3.51,1.24,2.5,4.86,4.71,Chartered Accountant
STU130024,15,M,class_9,science_pcb,icse,76.72,62.66,90.4,61.09,3.01,4.04,3.04,4.35,2.02,3.36,4.13,2.11,4.6,2.75,2.96,Physiotherapist
STU050117,18,M,undergraduate,undecided,cbse,82.23,71.13,67.21,74.72,3.0,4.48,2.64,4.17,3.2,2.76,4.31,2.98,2.88,2.83,3.48,Cloud Architect
STU320115,18,F,class_12,undecided,cbse,79.32,55.24,71.92,60.47,2.07,4.02,4.26,4.53,2.47,1.2,2.51,3.42,4.36,5.0,4.56,Sports Manager
STU140099,17,F,class_11,commerce,cbse,77.36,59.18,37.55,48.94,1.22,3.11,4.24,4.03,4.1,1.85,3.53,3.05,1.9,3.89,3.97,Chartered Accountant
STU280129,19,F,undergraduate,arts,state,61.92,100.0,66.98,76.05,4.86,3.66,4.12,4.93,2.75,3.64,2.71,4.84,4.77,2.37,3.49,Content Writer
STU190025,15,F,class_9,vocational,cbse,70.34,81.1,29.51,80.45,3.63,4.39,4.22,3.52,4.04,2.57,3.03,4.14,4.37,3.4,2.42,Entrepreneur
STU310115,15,M,class_9,science_pcm,cbse,73.82,74.02,72.74,71.01,4.84,4.57,3.86,4.73,3.27,4.24,5.0,2.21,4.57,3.68,2.55,Environmental Scientist
STU100111,16,F,class_10,science_pcm,cbse,92.0,62.52,71.93,52.5,3.84,4.85,2.64,4.34,2.04,4.13,4.4,3.63,4.08,3.48,2.83,Pharmacist
STU120019,22,M,undergraduate,arts,cbse,92.0,85.49,81.42,85.0,2.98,3.8,3.65,4.72,1.31,4.07,4.52,3.03,3.89,3.28,2.7,Clinical Psychologist
STU190057,14,F,class_9,undecided,cbse,83.2,92.54,56.06,52.28,3.75,4.28,1.04,3.9,1.55,1.32,2.42,1.2,3.57,4.73,3.6,Entrepreneur
STU140051,16,O,class_10,commerce,state,70.92,88.0,84.66,54.46,1.35,3.69,3.84,3.67,4.1,2.09,2.72,3.4,3.33,4.0,4.12,Chartered Accountant
STU030105,16,F,class_10,commerce,state,97.0,55.25,92.08,62.82,4.9,4.54,2.97,3.21,4.9,3.73,4.69,3.03,2.37,3.06,3.14,AI/ML Engineer
STU030085,14,M,class_9,science_pcm,cbse,94.98,72.95,77.68,70.64,4.48,4.22,2.7,2.67,3.4,4.09,4.73,3.05,3.56,3.72,2.88,AI/ML Engineer
STU310086,17,F,class_12,science_pcm,icse,95.88,83.7,99.0,93.47,3.95,4.5,4.47,4.87,1.74,2.7,4.67,2.37,4.75,4.21,3.48,Environmental Scientist
STU150053,15,M,class_10,commerce,state,87.38,81.67,96.6,76.47,3.77,4.41,3.54,4.21,3.83,2.82,1.89,2.32,2.69,4.82,4.14,Investment Banker
STU110134,22,F,undergraduate,science_pcm,state,71.88,61.33,80.27,54.85,3.75,4.95,3.54,4.51,3.9,2.64,3.82,2.74,3.7,1.45,4.3,Biomedical Engineer
STU320030,15,F,class_10,vocational,state,72.44,67.89,78.84,86.0,3.73,4.49,3.22,3.59,2.4,2.32,2.35,4.73,4.87,4.8,3.45,Sports Manager
STU270026,20,M,undergraduate,arts,cbse,45.09,92.3,61.15,80.17,4.01,4.63,4.46,4.23,3.36,2.98,3.52,2.19,5.0,4.1,1.81,Film Director
STU280109,15,F,class_9,arts,cbse,71.89,92.32,73.71,75.67,4.8,3.85,4.16,4.52,3.15,1.33,2.88,3.83,4.18,2.78,1.45,Content Writer
STU020074,16,F,class_11,commerce,cbse,70.25,60.02,81.62,87.26,3.6,3.89,3.73,3.61,2.02,2.74,4.38,3.36,1.8,2.3,1.7,Data Scientist
STU150094,22,M,undergraduate,commerce,state,47.59,64.85,96.2,40.0,2.23,4.86,2.26,3.32,1.42,1.39,4.07,1.79,4.0,3.37,3.61,Investment Banker
STU210137,15,M,class_10,arts,state,78.4,100.0,74.58,44.42,2.7,4.36,2.45,3.57,2.98,3.2,4.36,1.9,4.1,3.5,2.7,Civil Lawyer
STU300120,18,M,undergraduate,science_pcm,icse,55.8,100.0,91.27,80.18,4.21,3.32,3.55,2.9,1.5,3.83,3.17,2.51,3.4,1.5,3.47,Defence Officer (Indian Armed Forces)
STU130025,21,M,undergraduate,science_pcb,ib,64.09,58.0,76.64,85.0,2.74,3.64,2.61,4.18,2.27,3.04,4.55,2.83,4.97,3.27,4.1,Physiotherapist
STU320045,17,M,class_11,commerce,cbse,79.96,95.0,90.0,77.8,4.9,3.16,4.78,2.76,1.79,3.04,2.43,1.58,4.9,4.62,3.6,Sports Manager
STU060048,16,F,class_11,science_pcm,cbse,35.53,74.73,68.54,62.42,2.38,3.85,4.23,3.31,1.26,4.31,2.36,3.02,4.05,4.6,4.66,Mechanical Engineer
STU200022,20,O,undergraduate,arts,cbse,84.38,86.25,84.01,59.78,2.83,3.6,4.19,4.26,1.85,2.42,4.25,1.5,2.89,3.8,4.79,Corporate Lawyer
STU010010,16,M,class_11,science_pcm,state,93.1,76.6,70.68,56.32,4.51,4.43,3.79,3.42,2.89,4.29,3.7,3.9,2.9,3.81,1.9,Software Engineer
STU130145,17,F,class_11,science_pcb,cbse,66.89,80.21,82.4,59.51,4.8,5.0,2.94,4.03,3.9,2.84,4.45,4.03,4.13,1.71,1.6,Physiotherapist
STU130039,19,M,undergraduate,science_pcm,cbse,66.78,89.55,86.07,39.18,3.1,3.86,2.68,4.67,3.9,3.56,4.12,3.3,4.02,3.8,3.05,Physiotherapist
STU020106,18,M,class_12,science_pcb,cbse,34.5,63.16,98.0,52.0,3.32,1.79,1.8,3.75,2.76,2.7,4.22,3.9,3.68,2.89,2.9,Data Scientist
STU300136,16,F,class_11,arts,state,59.94,42.82,87.02,74.36,3.27,4.03,4.45,4.41,2.54,5.0,2.23,3.2,2.76,1.63,3.14,Defence Officer (Indian Armed Forces)
STU310102,19,F,undergraduate,arts,cbse,74.81,70.0,77.78,73.82,3.55,3.38,3.72,4.53,1.88,3.75,1.58,2.13,2.88,4.26,2.44,Environmental Scientist
STU110082,20,F,undergraduate,science_pcm,state,69.06,68.27,89.85,72.97,2.76,3.66,2.2,4.58,2.5,3.09,4.48,3.4,4.2,3.35,2.87,Biomedical Engineer
STU200107,16,F,class_11,commerce,cbse,81.09,68.0,71.82,35.0,2.8,3.77,3.34,3.8,1.59,1.25,3.36,2.05,2.8,3.38,4.22,Corporate Lawyer
STU070025,18,M,class_12,science_pcm,cbse,58.1,35.0,45.0,65.39,1.0,3.33,2.0,1.85,1.1,4.55,2.56,2.79,1.3,3.18,3.25,Civil Engineer
STU310022,17,M,class_12,science_pcm,state,84.95,86.41,87.98,76.08,3.0,4.95,5.0,4.31,4.06,3.01,4.62,2.82,4.8,3.16,3.12,Environmental Scientist
STU170109,16,F,class_11,science_pcb,icse,47.32,75.7,84.99,49.59,4.59,3.91,3.86,4.42,1.2,2.54,4.7,1.79,4.28,4.25,2.0,Digital Marketing Manager
STU260026,21,M,undergraduate,arts,state,42.0,75.14,67.02,66.84,4.46,3.22,3.75,4.55,1.4,1.9,4.1,4.76,3.86,2.68,1.39,Journalist
STU280087,16,F,class_10,science_pcm,cbse,63.63,79.84,45.86,80.46,3.78,4.8,3.5,4.39,2.97,1.01,1.93,3.2,4.2,2.1,2.48,Content Writer
STU190080,16,M,class_11,science_pcm,icse,77.46,63.64,73.95,61.04,4.37,4.45,3.9,3.36,4.78,3.49,4.7,3.79,4.73,4.24,2.91,Entrepreneur
STU040090,20,M,undergraduate,science_pcm,cbse,94.9,81.06,98.0,68.33,3.8,4.18,4.09,4.26,1.6,2.39,4.93,1.81,2.29,2.65,3.22,Cybersecurity Analyst
STU190046,16,M,class_11,undecided,cbse,30.67,55.0,71.49,81.08,2.81,3.72,3.92,4.0,1.99,2.47,3.84,4.16,4.42,4.42,4.42,Entrepreneur
STU310092,18,M,undergraduate,undecided,state,86.71,75.99,70.0,87.65,3.52,4.69,3.3,3.39,2.04,2.92,4.18,2.16,4.98,4.43,3.88,Environmental Scientist
STU320015,18,M,class_12,commerce,ib,81.12,79.46,28.05,45.74,2.8,3.1,3.35,3.43,3.4,2.17,3.32,2.78,2.51,3.4,4.7,Sports Manager
STU080096,16,M,class_11,science_pcb,cbse,84.49,63.47,60.95,48.19,4.27,3.53,2.2,4.78,1.79,2.17,4.31,2.16,3.5,3.65,1.72,Doctor (MBBS)
STU300119,19,M,undergraduate,arts,icse,86.78,41.95,90.0,93.01,3.86,4.56,3.0,2.77,3.23,4.18,3.14,3.53,4.32,3.25,3.73,Defence Officer (Indian Armed Forces)
STU050068,15,M,class_9,science_pcm,ib,81.36,74.42,76.1,56.31,3.53,4.39,2.52,3.01,3.22,3.21,4.84,2.65,2.21,1.6,2.91,Cloud Architect
STU210020,18,F,undergraduate,arts,icse,94.34,82.67,81.77,68.18,4.68,5.0,3.62,2.89,1.62,2.53,2.6,1.97,3.58,2.84,2.38,Civil Lawyer
STU030058,17,F,class_11,science_pcm,cbse,94.81,82.0,70.51,83.74,3.84,4.45,3.33,2.71,1.41,3.54,4.94,4.24,2.19,2.79,2.85,AI/ML Engineer
STU190132,17,M,class_11,science_pcm,cbse,93.67,80.26,86.32,63.64,3.0,3.98,4.56,2.2,4.2,3.8,2.84,1.23,3.45,3.76,2.23,Entrepreneur
STU190084,19,M,undergraduate,vocational,cbse,63.93,55.0,54.0,67.05,4.71,3.39,2.52,4.44,3.58,2.58,2.01,3.38,4.5,3.97,3.59,Entrepreneur
STU100004,20,F,undergraduate,science_pcb,state,77.31,59.65,95.0,64.57,2.92,3.78,3.38,4.76,2.11,2.89,4.38,2.3,3.82,4.85,2.9,Pharmacist
STU040021,18,M,class_12,science_pcm,icse,81.36,82.0,81.35,74.35,3.38,3.55,2.84,3.49,2.44,3.09,4.39,3.44,2.05,3.38,1.73,Cybersecurity Analyst
STU190004,16,O,class_11,arts,cbse,34.36,74.0,80.61,61.9,3.53,3.55,4.38,3.67,4.63,1.59,4.48,1.5,2.2,3.69,2.0,Entrepreneur
STU230031,17,F,class_12,arts,state,47.92,72.71,51.79,78.6,4.21,3.73,4.61,1.97,2.19,3.23,1.58,4.75,4.48,3.37,2.49,Graphic Designer
STU250038,20,O,undergraduate,science_pcm,cbse,60.04,64.56,62.92,75.27,4.47,2.48,2.65,2.62,4.23,2.98,3.02,4.9,4.78,2.77,1.0,Fashion Designer
STU100047,18,M,class_12,science_pcm,cbse,100.0,84.8,28.01,66.87,4.41,3.4,3.22,4.65,3.75,2.33,3.89,2.85,3.99,2.55,2.3,Pharmacist
STU240135,16,M,class_11,science_pcm,cbse,53.95,87.35,61.64,90.44,4.47,3.38,2.92,4.79,2.71,2.03,2.17,4.63,3.12,3.39,1.04,Architect
STU310080,15,M,class_10,undecided,state,78.35,94.76,77.04,63.95,3.97,4.74,4.14,3.56,2.38,2.0,4.43,3.0,4.65,1.68,3.45,Environmental Scientist
STU230077,16,F,class_10,vocational,cbse,43.89,91.18,61.22,67.87,3.89,3.43,3.03,2.48,2.08,1.68,2.95,3.96,3.07,1.46,3.5,Graphic Designer
STU090057,18,M,class_12,science_pcb,cbse,75.83,66.32,71.54,72.04,3.03,4.34,1.0,4.12,3.59,3.44,4.59,3.34,5.0,1.83,2.78,Dentist
STU240063,17,M,class_12,science_pcm,cbse,56.67,74.2,35.0,94.62,5.0,3.36,4.35,4.13,1.95,1.65,3.59,4.29,4.87,3.8,1.43,Architect
STU090051,16,F,class_10,science_pcb,state,70.21,63.64,76.35,80.22,4.45,4.6,3.58,3.84,2.42,3.73,3.87,3.4,4.59,3.33,2.16,Dentist
STU330106,17,M,class_12,undecided,cbse,67.13,42.65,68.18,74.33,2.1,4.11,2.3,4.24,1.38,4.05,3.39,1.3,3.75,2.76,3.58,Chef / Culinary Arts
STU290099,18,M,class_12,science_pcm,cbse,97.29,77.25,73.48,90.87,4.8,4.31,4.98,4.33,3.8,3.88,4.24,1.87,5.0,4.58,3.58,IAS Officer
STU220135,17,F,class_11,science_pcm,cbse,63.65,73.79,74.49,70.0,4.1,4.7,3.37,3.44,3.75,5.0,1.89,4.12,4.96,3.59,1.97,UX/UI Designer
STU200084,17,M,class_12,commerce,cbse,63.0,99.56,65.77,44.21,4.53,4.52,2.44,2.92,1.42,1.4,2.6,3.23,4.9,2.59,2.79,Corporate Lawyer
STU280126,16,M,class_11,arts,cbse,53.62,45.93,65.04,70.23,4.63,2.72,5.0,4.21,1.63,1.97,1.7,4.24,3.61,4.01,3.76,Content Writer
STU130053,15,O,class_9,science_pcb,cbse,56.77,50.68,88.58,63.04,2.92,4.35,3.62,4.79,2.99,4.2,1.18,2.35,3.95,3.76,3.77,Physiotherapist
STU340018,22,F,undergraduate,science_pcm,cbse,82.85,69.34,48.5,86.02,4.21,4.12,3.6,3.39,2.1,4.56,2.0,3.25,4.05,3.38,4.03,Airline Pilot
STU150006,17,F,class_12,undecided,cbse,87.94,57.74,72.0,40.0,1.27,4.5,2.01,2.71,1.3,1.46,4.43,2.74,2.64,4.1,4.42,Investment Banker
STU010134,19,F,undergraduate,science_pcm,state,74.31,51.16,73.73,33.94,4.39,4.22,2.87,3.23,2.22,3.64,4.24,2.66,2.72,2.11,4.2,Software Engineer
STU070029,17,M,class_12,science_pcm,cbse,59.43,56.3,72.57,82.83,1.6,3.47,3.88,4.36,1.23,4.34,3.83,4.25,4.4,1.81,2.98,Civil Engineer
STU060074,20,F,undergraduate,science_pcm,icse,49.64,44.36,72.83,76.57,3.36,3.67,3.26,4.17,1.63,3.92,3.18,2.26,3.68,2.17,2.37,Mechanical Engineer
STU340029,18,M,undergraduate,undecided,cbse,88.0,62.94,62.14,97.36,3.08,4.34,2.45,4.53,1.58,4.8,2.09,4.3,1.2,2.64,2.9,Airline Pilot
STU110032,18,F,class_12,science_pcb,cbse,60.56,74.79,82.86,74.76,2.5,4.96,3.77,4.5,1.2,3.96,3.83,3.32,5.0,1.2,4.16,Biomedical Engineer
STU090015,16,M,class_11,science_pcb,cbse,82.98,89.91,87.98,58.52,3.98,4.66,4.28,4.36,1.49,2.15,3.58,1.61,4.0,2.48,4.17,Dentist
STU040055,14,M,class_9,commerce,state,68.59,56.68,73.21,79.14,4.08,1.0,3.07,3.86,2.14,3.51,3.69,3.6,2.64,2.68,3.07,Cybersecurity Analyst
STU290086,14,M,class_9,science_pcm,cbse,79.9,81.85,43.4,83.74,3.76,4.4,5.0,5.0,1.73,3.54,2.87,2.76,4.61,3.68,4.55,IAS Officer
STU140047,15,M,class_9,commerce,state,89.38,67.54,79.24,76.53,2.56,4.62,4.15,3.28,2.53,3.4,4.07,1.04,2.72,4.25,5.0,Chartered Accountant
STU210073,18,M,undergraduate,science_pcb,cbse,80.42,85.01,77.62,42.01,3.92,4.26,3.87,3.56,4.1,2.24,3.61,3.12,4.9,3.58,2.61,Civil Lawyer
STU140009,16,M,class_11,commerce,cbse,80.6,57.16,83.22,46.17,2.86,4.21,3.65,2.74,2.93,3.18,4.02,1.71,1.89,3.4,4.53,Chartered Accountant
STU100035,19,F,undergraduate,science_pcb,icse,67.71,93.63,67.0,45.0,1.97,4.69,3.72,3.94,3.42,3.65,3.52,2.07,4.04,3.8,3.59,Pharmacist
STU060145,16,F,class_11,science_pcm,state,60.3,74.8,58.22,98.0,3.03,4.33,2.73,4.14,1.1,4.51,3.27,4.09,4.06,3.53,4.8,Mechanical Engineer
STU040006,18,F,undergraduate,science_pcm,cbse,69.5,82.0,91.85,76.47,4.01,4.8,2.86,3.74,2.07,2.7,3.6,1.74,3.72,2.79,3.78,Cybersecurity Analyst
STU320083,14,M,class_9,commerce,state,60.83,69.23,76.25,74.18,3.22,3.69,4.75,3.5,1.28,2.83,4.14,2.71,3.37,3.49,4.7,Sports Manager
STU250110,17,F,class_12,arts,state,79.47,54.86,48.99,69.9,3.84,4.7,3.36,3.68,2.38,3.16,1.89,4.26,3.85,3.63,2.04,Fashion Designer
STU320064,20,M,undergraduate,undecided,cbse,80.35,53.24,55.04,84.63,4.39,4.32,4.3,4.43,3.22,2.42,4.7,2.98,2.91,3.4,2.64,Sports Manager
STU290069,18,F,class_12,undecided,state,85.57,70.0,77.63,100.0,4.46,4.18,4.35,3.66,2.52,2.23,4.03,2.47,4.79,4.32,3.26,IAS Officer
STU240073,19,F,undergraduate,undecided,cbse,79.95,82.93,61.94,80.54,4.52,2.54,3.67,4.8,3.69,1.81,2.46,4.09,2.37,4.65,2.1,Architect
STU280085,19,F,undergraduate,arts,cbse,55.49,70.0,67.67,73.65,4.46,3.71,3.63,4.86,1.91,1.49,3.78,3.2,1.79,4.78,3.7,Content Writer
STU250003,14,M,class_9,arts,cbse,64.55,67.58,72.31,95.14,3.75,4.11,4.89,3.48,4.2,2.8,2.02,4.38,3.64,2.1,2.48,Fashion Designer
STU050114,20,M,undergraduate,science_pcm,cbse,82.29,51.05,50.92,64.04,2.36,4.57,3.17,2.53,3.21,2.83,4.07,2.12,2.17,3.22,1.95,Cloud Architect
STU280137,17,F,class_12,commerce,cbse,79.48,70.0,79.71,67.77,4.63,3.35,3.63,3.89,4.21,1.48,3.35,3.14,4.26,4.55,2.49,Content Writer
STU150115,17,M,class_12,undecided,state,87.55,52.49,100.0,63.75,2.99,3.53,4.47,3.71,2.19,2.97,3.24,2.37,2.14,3.78,4.55,Investment Banker
STU200074,15,M,class_9,arts,cbse,91.26,92.55,66.7,47.68,3.82,3.34,4.5,4.19,3.64,3.5,3.01,3.46,3.11,3.22,3.82,Corporate Lawyer
STU130011,15,M,class_10,science_pcm,cbse,60.72,60.15,92.41,61.78,3.17,4.01,3.83,4.04,2.1,1.99,4.93,1.42,5.0,2.06,2.35,Physiotherapist
STU240037,18,O,class_12,science_pcm,cbse,36.28,85.74,44.76,85.57,4.24,4.06,4.85,4.22,1.4,4.2,2.28,4.45,4.66,4.08,2.59,Architect
STU210142,18,M,undergraduate,commerce,icse,86.91,68.0,76.94,53.3,3.5,3.3,2.63,4.65,3.52,2.69,4.11,2.79,3.79,4.27,2.81,Civil Lawyer
STU130028,14,F,class_9,science_pcb,cbse,71.35,62.42,86.44,74.8,3.55,4.78,4.42,4.65,2.23,2.01,4.23,1.8,4.16,3.8,2.03,Physiotherapist
STU080106,18,M,undergraduate,science_pcb,cbse,66.43,80.76,91.93,69.05,3.58,4.79,3.73,5.0,1.37,2.64,1.54,2.97,5.0,1.87,3.17,Doctor (MBBS)
STU090125,19,M,undergraduate,science_pcb,state,51.52,83.08,86.71,70.98,4.51,4.39,3.07,4.24,3.52,3.54,4.58,1.78,3.96,1.2,3.18,Dentist
STU290113,20,F,undergraduate,arts,cbse,79.14,86.48,81.27,100.0,3.05,4.46,3.0,4.01,2.01,4.45,3.61,4.01,4.71,4.63,3.74,IAS Officer
STU040061,17,M,class_11,science_pcm,state,80.62,80.27,86.1,10.62,1.39,3.66,2.47,2.6,3.31,2.91,4.13,3.58,3.3,2.3,2.71,Cybersecurity Analyst
STU120031,17,M,class_11,arts,state,70.14,71.13,68.47,49.96,3.43,4.51,3.23,3.89,1.46,3.13,3.5,1.63,3.73,1.88,3.17,Clinical Psychologist
STU040050,16,M,class_10,vocational,cbse,69.42,55.04,79.58,67.14,4.02,3.73,2.05,4.02,3.33,4.23,4.21,1.4,2.4,3.62,1.89,Cybersecurity Analyst
STU310130,14,F,class_9,science_pcm,cbse,71.76,98.14,85.81,97.84,3.55,5.0,3.06,4.35,3.8,2.42,4.56,3.75,4.11,4.68,2.87,Environmental Scientist
STU130057,20,F,undergraduate,undecided,ib,63.73,95.5,65.46,66.76,3.57,3.97,2.62,4.3,3.56,2.3,4.12,3.7,4.03,3.33,1.63,Physiotherapist
STU100039,17,F,class_12,science_pcm,state,84.2,93.21,76.99,69.23,4.54,4.54,4.1,3.87,1.49,2.14,4.93,1.91,3.4,3.8,3.98,Pharmacist
STU250120,19,M,undergraduate,arts,cbse,51.99,61.04,70.92,91.5,3.95,2.13,4.6,2.2,3.74,3.32,1.94,4.7,2.62,1.7,2.7,Fashion Designer
STU160137,19,M,undergraduate,undecided,cbse,86.23,81.7,63.64,74.33,3.9,3.3,1.38,3.51,3.65,3.12,4.68,2.78,2.51,3.85,3.27,Management Consultant
STU220087,17,M,class_12,science_pcb,icse,31.05,60.21,78.0,50.22,4.63,2.3,2.4,2.2,2.43,1.95,3.18,4.07,3.52,3.38,2.63,UX/UI Designer
STU110041,16,F,class_11,undecided,ib,59.47,65.76,65.15,55.13,3.41,4.68,2.4,4.66,3.55,3.45,3.18,2.36,4.52,3.8,3.25,Biomedical Engineer
STU090018,14,F,class_9,science_pcb,icse,70.11,63.81,79.51,76.85,3.58,3.88,3.99,4.55,1.37,3.12,3.5,3.7,3.54,2.48,2.64,Dentist
STU180132,22,F,undergraduate,science_pcm,state,75.67,92.72,79.25,44.36,3.46,4.28,4.66,4.37,3.28,2.64,3.15,2.45,2.2,4.42,4.25,Product Manager
STU200144,20,M,undergraduate,commerce,icse,81.21,70.61,85.19,66.05,3.87,3.84,3.92,2.79,1.48,1.91,4.82,2.59,4.89,3.89,4.63,Corporate Lawyer
STU080142,22,F,undergraduate,science_pcb,cbse,63.15,75.98,86.22,57.36,4.29,4.09,4.07,3.72,3.75,2.72,4.43,3.12,4.36,3.17,1.92,Doctor (MBBS)
STU110043,17,F,class_12,science_pcm,icse,68.14,83.08,45.38,70.41,2.65,4.21,3.26,3.56,2.91,2.98,4.12,3.13,2.86,3.49,2.87,Biomedical Engineer
STU230002,14,F,class_9,arts,state,53.76,69.35,46.22,83.2,3.98,2.88,3.16,4.56,4.31,2.73,3.64,4.15,3.39,3.96,1.99,Graphic Designer
STU230025,18,M,undergraduate,arts,state,84.0,48.0,59.25,83.95,3.83,4.15,4.38,2.41,1.62,4.1,2.9,3.8,2.3,1.35,2.89,Graphic Designer
STU170140,17,F,class_11,commerce,state,75.11,92.19,68.55,86.0,4.29,3.6,4.64,3.34,3.43,3.68,4.7,3.57,2.2,4.37,3.62,Digital Marketing Manager
STU070054,15,F,class_9,vocational,cbse,83.51,36.37,52.73,61.0,4.65,3.97,2.36,3.92,3.72,4.81,3.32,4.08,2.28,3.81,3.95,Civil Engineer
STU290131,17,M,class_12,arts,cbse,93.54,80.76,79.24,48.25,3.0,4.02,4.51,4.6,3.34,2.56,3.15,4.06,4.55,4.01,2.78,IAS Officer
STU050133,21,F,undergraduate,science_pcm,state,93.59,63.87,98.0,60.11,2.68,3.4,3.38,2.2,1.44,4.84,4.21,1.4,2.21,3.77,2.48,Cloud Architect
STU080107,22,O,undergraduate,science_pcb,icse,90.86,79.41,82.75,50.05,4.01,3.68,3.16,3.64,2.81,1.83,4.85,1.2,4.79,3.07,4.01,Doctor (MBBS)
STU220145,15,F,class_9,arts,state,55.7,95.25,48.83,91.51,4.0,3.53,3.41,2.73,4.08,2.72,2.18,4.0,4.13,5.0,1.32,UX/UI Designer
STU200133,17,F,class_12,arts,cbse,71.57,94.76,61.67,63.17,4.36,3.88,2.76,3.59,4.02,2.18,4.9,4.95,4.9,4.42,3.67,Corporate Lawyer
STU150057,16,M,class_11,commerce,state,85.15,72.18,94.83,41.8,2.2,3.5,4.62,4.62,1.33,2.56,2.98,3.5,3.93,2.95,4.58,Investment Banker
STU080013,21,M,undergraduate,vocational,cbse,85.96,82.22,65.0,66.67,3.79,4.37,4.06,4.88,1.84,2.15,3.64,2.3,4.79,2.12,1.66,Doctor (MBBS)
STU180067,21,F,undergraduate,science_pcm,icse,88.27,82.17,54.0,76.67,4.03,4.96,4.27,2.4,2.35,1.78,2.15,3.84,4.54,4.6,2.0,Product Manager
STU080118,18,M,undergraduate,science_pcb,cbse,84.99,72.91,69.09,85.0,4.22,4.49,3.15,4.45,1.46,2.0,4.06,3.09,3.79,3.08,2.45,Doctor (MBBS)
STU220073,19,F,undergraduate,undecided,icse,46.04,76.48,62.35,84.21,4.64,2.3,4.81,4.17,1.82,1.56,1.4,4.24,3.6,4.41,1.35,UX/UI Designer
STU250037,20,M,undergraduate,undecided,icse,45.74,83.11,51.45,73.06,3.93,3.54,4.19,3.1,4.5,2.71,1.79,5.0,2.3,2.16,1.47,Fashion Designer
STU200089,20,M,undergraduate,commerce,state,24.26,89.1,54.23,62.68,3.62,3.54,3.64,2.57,3.82,1.81,4.13,4.0,3.52,4.14,2.59,Corporate Lawyer
STU300142,20,M,undergraduate,science_pcm,icse,59.08,59.37,62.3,94.62,2.03,4.63,4.6,3.62,3.1,4.84,3.25,4.19,3.06,2.52,3.89,Defence Officer (Indian Armed Forces)
STU210141,18,M,class_12,commerce,icse,64.59,100.0,82.11,72.88,2.98,4.39,3.0,2.78,2.97,1.69,3.37,1.58,3.01,3.3,3.56,Civil Lawyer
STU010144,15,F,class_10,science_pcm,cbse,89.82,82.0,70.7,79.53,4.85,3.56,1.58,4.19,1.76,3.0,4.46,3.18,1.68,3.7,3.69,Software Engineer
STU240128,15,M,class_9,science_pcm,cbse,75.12,48.0,45.37,89.03,2.46,2.78,3.4,4.07,1.83,1.29,1.71,4.51,4.02,2.73,3.36,Architect
STU190083,14,M,class_9,commerce,icse,65.46,85.89,92.0,58.46,2.8,3.15,3.37,2.2,2.74,1.71,4.7,3.77,2.87,4.01,2.51,Entrepreneur
STU050118,16,M,class_10,science_pcm,icse,72.2,42.65,90.51,70.15,4.9,4.8,2.89,2.86,3.54,4.19,4.27,2.99,2.01,1.64,2.9,Cloud Architect
STU130020,21,F,undergraduate,science_pcb,cbse,58.83,81.42,71.34,50.4,3.94,4.82,4.07,3.78,3.49,2.78,3.84,2.6,3.85,2.2,1.76,Physiotherapist
STU170103,17,M,class_11,science_pcm,icse,64.15,74.28,55.54,68.14,1.11,2.56,4.06,2.2,2.85,1.55,3.61,3.0,2.87,3.87,2.67,Digital Marketing Manager
STU300011,17,M,class_11,science_pcm,state,88.0,74.99,59.85,90.75,3.25,4.35,2.59,4.43,1.73,3.94,2.08,3.47,4.4,2.54,4.53,Defence Officer (Indian Armed Forces)
STU280122,17,F,class_12,arts,ib,67.41,78.18,38.72,85.0,4.34,4.62,4.17,1.36,3.64,3.1,1.76,4.99,3.92,4.8,2.54,Content Writer
STU030096,21,M,undergraduate,science_pcm,state,97.0,78.68,88.25,64.28,4.54,4.74,3.18,3.16,1.4,5.0,3.93,2.2,3.79,2.28,3.6,AI/ML Engineer
STU330135,19,M,undergraduate,science_pcm,cbse,53.85,47.95,73.12,85.81,3.91,3.46,3.66,2.58,4.13,4.22,2.16,3.15,3.84,4.6,3.11,Chef / Culinary Arts
STU300143,18,F,class_12,science_pcm,cbse,87.33,44.05,54.92,79.0,2.56,4.51,2.71,2.21,1.82,4.93,2.08,1.58,1.2,4.11,4.12,Defence Officer (Indian Armed Forces)
STU100016,16,F,class_10,science_pcb,cbse,87.76,81.59,62.0,57.31,2.53,4.82,3.13,4.72,3.81,3.27,3.82,1.9,3.88,2.09,2.99,Pharmacist
STU320002,22,M,undergraduate,commerce,state,75.64,59.56,49.43,48.05,4.86,4.52,4.59,3.87,3.37,1.66,2.32,4.3,4.07,5.0,2.06,Sports Manager
STU040146,18,F,undergraduate,undecided,cbse,72.04,42.17,67.24,61.03,4.46,4.21,3.19,3.63,2.6,3.77,5.0,3.31,1.83,2.22,3.44,Cybersecurity Analyst
STU270053,18,M,class_12,arts,cbse,71.35,79.68,36.46,72.29,4.77,3.99,2.89,3.37,4.02,1.78,3.68,4.71,3.01,1.7,1.35,Film Director
STU200065,22,M,undergraduate,commerce,icse,80.2,95.52,52.5,44.16,3.14,4.29,1.26,3.47,1.37,3.1,3.04,2.22,4.26,1.96,4.21,Corporate Lawyer
STU160077,14,F,class_9,commerce,cbse,66.39,82.45,78.62,72.16,2.8,5.0,4.39,3.54,2.53,2.8,4.13,4.3,3.66,4.14,2.14,Management Consultant
STU260017,16,F,class_11,arts,cbse,74.0,81.38,52.94,48.61,4.56,4.24,4.41,3.05,4.19,1.62,1.4,3.23,4.63,4.19,3.73,Journalist
STU230141,15,M,class_9,arts,cbse,50.13,67.36,73.79,87.6,4.08,3.72,3.76,2.58,2.76,2.95,3.0,4.96,2.49,3.27,2.89,Graphic Designer
STU260102,15,M,class_10,commerce,state,64.87,85.65,80.02,65.8,3.64,3.71,3.5,3.04,4.01,2.97,2.62,4.77,4.4,3.52,2.9,Journalist
STU280083,20,M,undergraduate,arts,cbse,54.32,89.23,49.22,48.01,3.29,2.6,4.16,3.8,1.4,1.35,2.33,4.73,3.81,2.44,2.07,Content Writer
STU320035,17,M,class_11,commerce,cbse,77.06,72.56,83.42,63.89,3.52,3.53,3.4,2.94,3.77,2.69,2.09,2.77,4.63,3.65,1.41,Sports Manager
STU150044,17,F,class_11,commerce,icse,84.53,50.0,93.26,64.23,2.33,3.65,2.81,3.32,2.12,2.38,2.93,4.92,3.48,3.55,3.79,Investment Banker
STU110072,17,M,class_11,science_pcm,state,89.35,91.76,74.1,70.6,1.69,3.65,4.5,3.5,3.52,2.52,3.7,3.24,3.91,1.54,3.03,Biomedical Engineer
STU280030,18,M,class_12,arts,cbse,64.43,49.62,52.3,40.05,3.4,5.0,3.55,3.57,2.07,2.21,4.64,3.72,4.87,2.57,1.43,Content Writer
STU080073,17,M,class_12,science_pcm,state,57.48,76.58,90.32,67.45,2.5,4.6,3.52,5.0,2.04,4.26,1.63,1.26,4.5,2.89,2.65,Doctor (MBBS)
STU190087,18,F,class_12,science_pcm,state,65.14,89.26,67.98,66.74,4.52,5.0,3.28,3.51,2.67,2.3,3.74,3.14,3.58,5.0,2.61,Entrepreneur
STU200118,20,F,undergraduate,science_pcm,state,88.46,30.72,74.98,65.68,3.32,4.84,4.24,2.61,2.55,2.11,3.02,3.59,4.07,3.29,4.37,Corporate Lawyer
STU170105,14,M,class_9,science_pcm,state,69.57,70.49,87.46,40.05,3.98,4.22,3.72,3.69,3.6,1.24,2.39,1.64,4.46,4.3,2.0,Digital Marketing Manager
STU240016,16,M,class_10,science_pcm,icse,84.0,59.51,65.84,85.85,4.23,4.37,4.9,3.9,2.81,1.25,3.43,4.47,3.61,2.55,2.43,Architect
STU050076,16,F,class_10,science_pcm,cbse,84.76,73.02,88.26,82.11,3.76,3.51,3.53,3.7,1.84,4.58,3.85,2.19,1.8,2.0,1.89,Cloud Architect
STU190109,18,O,class_12,science_pcm,state,94.0,83.66,75.77,47.81,3.52,4.09,4.1,4.59,1.75,1.58,2.0,2.74,4.64,5.0,4.19,Entrepreneur
STU230049,18,F,class_12,undecided,cbse,54.51,71.46,100.0,90.37,4.19,3.95,4.54,2.78,3.22,3.72,2.09,4.66,4.88,5.0,5.0,Graphic Designer
STU050129,17,M,class_12,science_pcb,cbse,85.51,58.82,84.71,82.18,3.06,3.81,3.39,2.76,2.53,3.25,3.93,2.84,3.8,2.51,1.7,Cloud Architect
STU030113,21,M,undergraduate,science_pcm,state,68.1,69.88,81.51,56.83,3.96,3.94,2.54,4.1,1.31,4.93,4.59,2.4,2.58,1.64,4.2,AI/ML Engineer
STU210147,16,F,class_11,arts,state,64.14,76.34,82.16,45.01,2.97,4.42,3.15,2.0,2.55,3.21,4.9,2.68,3.26,4.2,2.84,Civil Lawyer
STU110017,19,M,undergraduate,science_pcb,icse,68.97,67.05,82.53,57.07,3.63,3.86,3.75,3.64,2.92,3.55,3.5,1.63,3.07,2.77,1.97,Biomedical Engineer
STU060076,16,M,class_11,undecided,state,77.28,35.0,47.23,60.0,2.09,4.84,3.23,4.7,3.59,4.04,4.04,4.03,1.53,2.63,2.18,Mechanical Engineer
STU220118,17,M,class_11,undecided,cbse,83.75,52.62,57.26,97.49,1.0,3.87,4.16,3.22,2.22,2.14,3.63,1.14,4.12,4.8,1.45,UX/UI Designer
STU270075,18,M,undergraduate,arts,cbse,70.14,61.0,63.46,84.27,5.0,4.1,3.49,4.37,4.01,2.98,2.83,4.78,1.73,4.21,1.91,Film Director
STU050017,16,F,class_11,science_pcm,ib,92.28,85.02,66.9,52.0,3.89,4.58,5.0,2.4,3.11,2.98,2.82,1.99,3.02,3.38,3.29,Cloud Architect
STU010115,20,F,undergraduate,vocational,cbse,81.01,61.7,99.2,61.3,4.51,4.8,1.98,3.47,2.72,4.94,4.17,3.35,3.47,2.46,3.52,Software Engineer
STU030118,15,M,class_9,science_pcm,cbse,89.34,64.21,86.58,69.89,2.69,3.81,2.01,2.02,2.02,4.0,3.6,2.74,2.63,3.07,2.43,AI/ML Engineer
STU210070,16,F,class_10,undecided,cbse,89.03,100.0,67.27,35.88,3.84,3.28,4.03,2.89,3.31,2.3,3.24,4.0,3.22,3.35,3.21,Civil Lawyer
STU110126,16,O,class_10,science_pcb,state,62.45,64.6,65.22,55.24,2.95,4.62,4.5,5.0,3.62,2.26,3.76,2.87,3.58,1.64,1.94,Biomedical Engineer
STU340100,15,M,class_10,science_pcm,cbse,74.43,51.24,80.15,74.49,3.52,1.95,2.47,3.87,3.08,3.5,4.45,1.3,3.82,3.53,3.54,Airline Pilot
STU280136,14,M,class_9,arts,state,53.26,91.52,39.54,83.95,4.33,4.8,3.94,3.55,1.5,4.21,3.22,4.2,4.67,3.33,1.94,Content Writer
STU200047,17,F,class_11,undecided,ib,75.81,81.13,73.04,52.22,4.21,3.78,3.21,2.36,3.25,1.1,4.85,2.62,4.74,3.65,4.67,Corporate Lawyer
STU320118,15,M,class_10,science_pcm,cbse,66.44,82.1,54.0,40.49,3.92,3.92,3.95,2.2,1.86,1.2,2.96,3.44,2.2,4.83,2.37,Sports Manager
STU140133,20,F,undergraduate,commerce,state,90.09,39.71,96.66,55.41,2.98,4.33,3.43,3.23,2.53,3.25,2.87,2.51,2.23,3.78,4.73,Chartered Accountant
STU060004,15,M,class_9,science_pcm,cbse,54.33,51.84,69.15,74.75,3.98,4.32,4.0,3.3,4.37,4.93,3.0,1.38,3.12,1.94,2.15,Mechanical Engineer
STU170147,19,F,undergraduate,undecided,state,82.31,62.43,55.99,62.97,3.3,3.35,4.76,2.44,2.76,3.18,2.16,2.73,1.0,3.8,4.48,Digital Marketing Manager
STU270070,15,F,class_10,arts,cbse,70.34,78.94,40.25,95.7,4.84,2.96,2.47,3.14,3.2,1.58,1.4,4.24,3.77,1.83,2.45,Film Director
STU230074,17,F,class_12,undecided,state,43.45,54.06,68.62,83.53,4.48,2.7,2.4,3.6,1.4,1.52,1.4,4.5,3.92,4.02,2.24,Graphic Designer
STU280058,16,F,class_10,arts,cbse,61.18,78.06,65.67,47.11,3.31,2.84,3.8,4.16,4.6,1.91,3.0,4.84,4.41,4.31,3.18,Content Writer
STU170045,17,M,class_12,undecided,cbse,69.5,78.02,60.84,74.19,2.99,4.9,4.35,3.3,3.12,1.2,4.09,3.55,3.45,1.23,2.99,Digital Marketing Manager
STU300031,16,F,class_11,commerce,cbse,65.93,56.73,88.37,98.0,4.28,4.35,3.7,2.76,1.0,4.49,4.5,1.3,3.62,4.28,2.22,Defence Officer (Indian Armed Forces)
STU080017,17,M,class_12,science_pcm,state,91.21,76.23,75.97,48.66,2.67,4.86,3.95,4.94,3.25,2.32,4.54,1.62,4.57,2.66,3.9,Doctor (MBBS)
STU270014,16,M,class_11,commerce,cbse,84.0,58.35,56.09,72.28,4.34,3.03,3.55,4.04,1.81,1.25,4.0,3.8,2.97,4.25,2.65,Film Director
STU240049,18,M,class_12,arts,cbse,63.54,66.08,53.27,73.78,4.67,4.06,4.29,3.4,2.7,2.22,3.37,4.46,2.73,1.7,1.92,Architect
STU190039,16,F,class_10,commerce,cbse,71.82,55.0,68.6,86.0,2.8,3.88,5.0,4.64,3.44,1.28,4.7,1.31,2.55,3.4,3.71,Entrepreneur
STU270101,18,F,class_12,arts,icse,66.91,78.99,37.58,40.77,4.11,2.93,3.86,1.8,4.5,2.92,2.25,5.0,3.03,3.44,2.59,Film Director
STU110069,20,F,undergraduate,arts,state,55.0,70.32,79.16,45.0,3.73,4.72,3.33,4.94,3.9,3.53,3.55,2.1,4.54,1.78,2.7,Biomedical Engineer
STU170028,18,M,undergraduate,commerce,cbse,90.98,71.09,86.97,62.07,4.54,4.43,3.66,4.8,4.05,3.0,3.61,1.2,2.44,4.06,3.76,Digital Marketing Manager
STU250147,16,F,class_10,arts,cbse,74.24,38.69,46.49,93.61,4.86,4.33,4.25,3.61,2.03,2.94,2.63,4.79,3.48,3.35,2.83,Fashion Designer
STU330045,15,M,class_9,vocational,icse,71.11,96.16,78.97,93.88,2.43,4.6,2.0,3.4,2.12,3.64,2.37,2.52,2.63,2.14,2.49,Chef / Culinary Arts
STU120038,21,F,undergraduate,undecided,icse,62.52,67.61,72.12,62.18,4.43,4.0,4.1,2.37,1.0,3.49,3.51,2.31,1.63,2.57,2.69,Clinical Psychologist
STU060102,20,F,undergraduate,science_pcm,state,71.04,51.83,56.64,95.55,3.03,3.67,3.14,3.14,3.27,3.98,4.05,1.53,3.61,3.96,2.91,Mechanical Engineer
STU240097,17,M,class_12,science_pcm,cbse,55.53,48.0,65.47,93.92,4.58,4.85,4.01,3.96,4.33,3.87,3.14,4.52,3.9,4.33,5.0,Architect
STU060146,16,M,class_10,science_pcm,cbse,87.52,30.22,64.16,88.92,3.23,3.95,2.6,4.6,1.1,4.77,3.75,1.31,2.49,2.74,2.91,Mechanical Engineer
STU310093,20,M,undergraduate,undecided,icse,81.47,74.18,94.23,81.16,3.16,4.58,3.84,4.2,1.73,3.25,2.97,1.3,4.76,4.47,4.17,Environmental Scientist
STU030036,18,M,class_12,science_pcm,icse,68.0,47.13,29.16,82.96,3.51,4.52,2.2,3.64,2.0,3.95,4.21,2.54,2.32,2.76,3.48,AI/ML Engineer
STU190140,15,F,class_10,science_pcm,cbse,79.98,70.27,73.74,80.63,3.46,4.47,4.56,4.02,1.71,1.69,4.24,3.8,1.74,3.4,3.78,Entrepreneur
STU210088,19,F,undergraduate,arts,icse,87.47,90.89,80.17,59.69,3.84,4.92,4.0,2.32,2.2,1.21,4.9,3.75,4.13,3.0,2.5,Civil Lawyer
STU310112,17,O,class_11,science_pcb,state,93.28,99.0,97.87,78.17,3.66,4.39,1.59,4.41,2.46,3.2,4.47,1.77,4.69,5.0,2.37,Environmental Scientist
STU090149,16,F,class_10,science_pcb,icse,65.1,63.65,62.37,54.12,4.14,4.12,3.99,4.6,2.08,3.26,4.94,1.2,3.77,1.2,2.49,Dentist
STU070116,17,F,class_11,science_pcm,cbse,48.0,75.2,48.39,89.09,3.0,3.09,2.29,4.7,3.17,4.12,4.5,3.94,2.24,4.04,3.79,Civil Engineer
STU190117,16,M,class_11,commerce,cbse,75.86,64.7,57.45,85.18,2.8,4.81,4.51,2.43,4.14,2.19,1.62,3.72,2.2,4.35,3.08,Entrepreneur
STU110132,18,M,undergraduate,science_pcb,state,92.0,72.8,63.51,60.75,4.26,3.4,4.05,2.35,2.38,2.91,3.91,1.43,3.4,3.21,2.73,Biomedical Engineer
STU170090,17,M,class_11,science_pcm,cbse,49.94,92.38,56.27,75.91,3.69,2.49,4.16,2.25,1.2,2.52,3.27,2.07,1.02,1.46,4.7,Digital Marketing Manager
STU250131,20,M,undergraduate,arts,cbse,52.79,75.56,35.0,88.28,4.55,4.04,4.59,2.2,3.29,1.85,1.87,4.26,4.21,1.76,4.51,Fashion Designer
STU220102,21,M,undergraduate,arts,icse,62.85,76.0,51.86,84.77,4.52,3.05,3.23,4.53,2.43,1.2,2.63,4.51,3.01,4.32,2.68,UX/UI Designer
STU320082,18,M,class_12,arts,cbse,83.3,88.83,71.91,43.22,3.59,4.42,4.64,4.48,3.31,3.8,4.3,1.84,4.65,4.66,2.7,Sports Manager
STU140121,16,M,class_11,commerce,state,94.56,58.92,81.96,58.93,2.84,4.07,4.03,3.67,1.3,3.23,4.8,2.91,3.03,4.21,4.17,Chartered Accountant
STU300103,18,M,undergraduate,arts,state,85.53,73.72,82.52,62.39,2.0,4.59,4.36,2.27,2.13,3.8,4.19,2.19,2.59,4.61,3.65,Defence Officer (Indian Armed Forces)
STU340032,21,M,undergraduate,science_pcm,cbse,60.35,44.15,63.05,78.28,3.77,3.57,3.96,2.34,1.77,4.77,4.58,1.97,1.6,2.4,3.51,Airline Pilot
STU110136,18,M,class_12,undecided,icse,83.8,61.01,83.74,79.59,2.9,3.45,2.73,3.78,3.83,2.44,3.64,1.23,4.8,2.24,4.38,Biomedical Engineer
STU310147,15,F,class_9,science_pcb,cbse,80.93,95.68,89.47,80.63,4.62,4.25,4.95,3.55,1.95,2.63,3.32,3.5,4.62,3.54,3.84,Environmental Scientist
STU170080,18,M,class_12,commerce,cbse,71.8,72.92,62.07,46.44,3.6,4.35,4.5,4.04,4.1,2.35,2.77,2.44,4.37,4.85,2.62,Digital Marketing Manager
STU160016,16,M,class_10,commerce,cbse,75.3,86.54,66.59,63.42,3.2,4.75,4.04,3.91,2.99,1.38,3.29,1.2,2.43,4.45,2.37,Management Consultant
STU200110,18,M,class_12,undecided,cbse,96.0,79.84,54.42,45.97,3.29,3.83,3.66,2.33,3.07,2.3,4.23,2.03,4.9,3.0,4.26,Corporate Lawyer
STU330030,15,F,class_10,vocational,state,72.81,48.7,70.04,66.54,2.28,3.13,3.2,3.64,3.72,3.91,3.53,2.77,3.69,1.69,4.12,Chef / Culinary Arts
STU210060,18,M,class_12,arts,icse,38.4,77.83,48.12,67.79,3.97,4.83,4.8,4.55,2.42,2.14,4.07,2.47,2.94,4.69,4.03,Civil Lawyer
STU150042,22,M,undergraduate,commerce,icse,91.81,80.59,88.9,43.76,3.62,4.86,3.97,2.41,1.3,2.97,2.38,3.43,2.54,1.29,4.02,Investment Banker
STU210119,14,F,class_9,undecided,cbse,74.78,68.0,54.46,82.0,4.76,3.51,3.18,4.03,4.18,3.2,2.85,3.73,3.96,3.2,4.58,Civil Lawyer
STU330023,22,F,undergraduate,vocational,cbse,74.7,56.3,45.0,70.49,2.75,2.56,3.48,3.99,1.78,4.66,2.73,3.67,2.56,2.57,2.95,Chef / Culinary Arts
STU270146,14,M,class_9,arts,cbse,47.52,85.42,51.56,75.41,4.04,3.52,3.67,2.44,3.29,3.23,1.5,3.95,3.82,4.8,3.09,Film Director
STU230057,18,F,class_12,arts,icse,42.0,52.45,65.4,91.8,4.01,3.1,4.31,4.02,4.29,4.2,2.22,4.24,4.48,1.93,3.46,Graphic Designer
STU190045,22,M,undergraduate,commerce,cbse,84.19,85.41,66.1,76.35,4.27,4.26,4.38,3.32,4.91,2.64,3.88,1.2,2.98,3.63,3.38,Entrepreneur
STU240057,17,M,class_11,arts,cbse,50.33,91.85,67.63,80.89,3.7,2.48,3.06,3.97,3.64,1.97,2.12,2.99,4.82,2.2,3.29,Architect
STU120030,18,F,class_12,science_pcb,state,81.96,79.52,71.67,26.5,3.97,3.78,3.79,4.81,3.74,2.55,4.53,2.84,3.62,3.76,3.33,Clinical Psychologist
STU290050,16,M,class_10,commerce,cbse,82.2,99.35,92.09,70.0,4.31,4.19,2.76,4.26,1.44,2.99,4.67,2.72,4.41,3.79,2.1,IAS Officer
STU210148,14,M,class_9,arts,cbse,78.41,75.99,81.4,40.54,2.79,4.78,2.32,4.7,4.15,2.13,3.59,3.08,4.9,3.08,3.38,Civil Lawyer
STU160045,21,F,undergraduate,commerce,cbse,75.97,77.63,67.79,45.35,4.64,4.37,3.2,3.35,2.91,1.73,2.25,3.19,2.77,3.4,4.49,Management Consultant
STU040131,17,F,class_12,commerce,cbse,30.73,57.35,79.27,83.86,4.53,4.55,3.47,2.96,3.48,2.7,5.0,3.59,3.24,3.12,2.27,Cybersecurity Analyst
STU100121,16,M,class_10,undecided,state,76.28,75.83,44.03,66.76,2.87,4.81,2.7,4.27,1.32,2.78,5.0,4.02,4.65,3.47,3.29,Pharmacist
STU280021,17,M,class_11,arts,ib,50.19,83.57,67.26,40.11,3.69,2.89,3.81,4.67,2.27,1.38,2.47,3.97,3.62,4.8,2.98,Content Writer
STU230044,16,M,class_11,arts,icse,49.77,85.9,35.83,99.0,3.46,4.32,3.84,2.89,3.92,1.68,2.37,3.97,3.74,2.86,1.0,Graphic Designer
STU310084,16,F,class_10,science_pcb,cbse,93.97,81.66,93.4,77.93,3.95,4.3,4.1,4.76,3.8,2.0,3.94,1.73,4.37,4.69,3.48,Environmental Scientist
STU250073,20,M,undergraduate,arts,icse,54.07,69.39,77.18,77.62,3.64,3.39,1.77,2.48,4.5,1.59,4.53,3.02,3.48,2.76,3.25,Fashion Designer
STU040110,16,F,class_10,science_pcm,state,87.5,48.47,70.71,81.91,4.9,4.24,3.67,3.81,2.84,2.89,4.89,4.71,3.77,2.66,2.78,Cybersecurity Analyst
STU190150,17,F,class_11,science_pcm,state,47.01,71.84,92.0,84.56,4.34,3.53,4.28,3.92,2.48,2.02,3.26,1.2,3.33,3.76,3.22,Entrepreneur
STU040063,20,M,undergraduate,commerce,cbse,88.32,69.47,91.2,83.63,4.26,3.75,3.49,3.14,2.12,5.0,4.46,2.6,2.65,4.0,3.37,Cybersecurity Analyst
STU320080,16,M,class_10,commerce,icse,71.85,68.92,63.63,86.0,3.75,5.0,3.2,4.54,2.88,1.3,2.34,3.53,4.14,4.68,2.36,Sports Manager
STU080032,18,M,class_12,science_pcb,icse,64.6,95.87,100.0,51.09,3.54,4.0,2.36,4.26,3.38,4.2,4.01,2.44,4.33,1.8,2.16,Doctor (MBBS)
STU120015,15,O,class_9,arts,cbse,69.72,74.51,74.28,73.44,3.35,4.42,3.15,4.64,2.23,2.73,4.62,2.72,4.71,2.24,2.43,Clinical Psychologist
STU070113,17,M,class_11,science_pcm,cbse,54.89,52.19,71.24,78.81,4.02,4.73,4.14,4.58,1.66,3.57,2.53,1.41,5.0,3.71,3.03,Civil Engineer
STU130132,20,M,undergraduate,undecided,icse,59.82,77.93,64.17,45.36,3.09,4.67,3.94,4.68,3.9,3.99,4.31,2.75,4.96,1.49,3.22,Physiotherapist
STU080101,16,M,class_11,science_pcb,icse,67.35,91.83,89.99,62.26,2.91,4.9,2.47,3.95,2.85,1.8,4.49,1.94,2.4,2.85,2.19,Doctor (MBBS)
STU190139,17,F,class_12,commerce,cbse,91.71,55.0,40.36,47.21,3.0,4.18,3.48,2.2,2.84,3.09,2.69,2.52,2.2,4.91,4.38,Entrepreneur
STU010117,17,M,class_12,science_pcm,ib,72.38,55.93,76.18,63.99,3.65,3.41,3.05,4.01,2.18,4.76,4.96,1.4,3.79,3.47,2.53,Software Engineer
STU050141,15,M,class_9,undecided,state,72.94,46.9,52.89,74.47,1.12,1.79,3.04,2.79,1.93,4.83,4.11,2.67,2.77,1.82,4.12,Cloud Architect
STU330105,18,M,class_12,vocational,cbse,52.82,39.65,73.58,83.01,2.0,4.89,3.25,4.26,3.2,3.7,3.88,1.89,2.4,3.66,2.68,Chef / Culinary Arts
STU250076,18,M,class_12,arts,cbse,71.44,64.36,70.66,67.67,1.86,3.68,4.24,2.63,3.7,2.77,3.64,4.84,3.35,2.15,2.09,Fashion Designer
STU060081,17,M,class_12,science_pcm,cbse,65.53,50.62,83.34,76.12,1.0,4.57,4.57,2.26,2.32,4.7,4.1,2.98,2.54,4.6,4.0,Mechanical Engineer
STU010120,22,M,undergraduate,vocational,ib,73.16,64.73,90.67,66.6,3.76,4.8,2.77,2.91,2.27,5.0,3.5,3.53,2.32,2.34,5.0,Software Engineer
STU330078,20,F,undergraduate,arts,icse,58.0,42.45,67.67,86.08,3.7,4.82,2.0,1.97,1.38,4.46,2.69,2.67,2.52,2.89,4.48,Chef / Culinary Arts
STU330037,18,F,class_12,vocational,cbse,83.1,56.57,40.57,87.06,4.5,4.4,3.45,2.32,3.67,4.23,2.68,4.5,3.51,2.24,3.72,Chef / Culinary Arts
STU050036,18,F,class_12,science_pcm,state,85.68,61.67,95.59,56.6,3.89,4.56,3.77,4.16,2.28,4.52,3.62,1.07,3.33,3.75,4.2,Cloud Architect
STU300116,21,M,undergraduate,arts,state,58.94,44.31,45.0,77.33,4.19,3.65,3.72,3.41,3.82,3.99,4.5,1.88,5.0,3.16,3.72,Defence Officer (Indian Armed Forces)
STU300015,17,M,class_12,science_pcm,state,60.56,64.4,78.08,98.0,3.46,3.0,3.82,1.33,2.33,4.76,2.16,3.35,1.46,2.84,3.97,Defence Officer (Indian Armed Forces)
STU280093,18,F,undergraduate,arts,state,67.87,91.43,35.0,54.85,4.6,3.22,1.25,3.1,1.71,1.44,2.83,3.57,3.8,2.39,3.11,Content Writer
STU070092,15,M,class_9,science_pcm,cbse,74.09,47.84,61.36,71.1,3.77,4.27,2.43,3.3,3.09,4.52,3.03,2.42,1.66,3.09,1.27,Civil Engineer
STU060127,15,F,class_10,science_pcm,icse,50.63,77.35,84.06,60.0,2.62,3.98,4.0,3.56,1.61,4.68,3.14,2.5,4.37,2.53,4.19,Mechanical Engineer
STU010005,16,M,class_11,science_pcm,state,93.16,45.0,100.0,68.22,4.69,3.66,3.32,3.44,3.7,4.12,4.65,2.29,3.74,2.97,4.03,Software Engineer
STU210052,18,F,undergraduate,arts,icse,90.47,85.4,55.46,81.94,4.59,4.28,4.8,4.94,2.01,3.04,3.58,1.5,4.63,4.61,5.0,Civil Lawyer
STU210125,18,M,undergraduate,arts,cbse,96.82,98.01,76.25,43.3,3.78,4.27,2.62,2.61,4.2,2.28,1.36,2.25,3.58,3.47,2.56,Civil Lawyer
STU180111,19,F,undergraduate,science_pcm,cbse,81.32,87.13,78.0,53.03,3.81,5.0,3.86,4.74,2.55,3.51,2.04,2.43,2.66,4.7,2.63,Product Manager
STU170092,15,M,class_10,undecided,cbse,89.14,83.83,82.83,65.14,3.96,3.27,4.56,3.1,3.65,2.38,4.7,1.2,2.62,2.43,2.15,Digital Marketing Manager
STU260105,17,M,class_12,arts,cbse,45.12,95.73,70.86,35.0,3.67,4.24,4.32,4.7,2.95,3.12,3.39,4.71,4.71,3.92,3.0,Journalist
STU120066,17,M,class_12,arts,cbse,81.62,95.36,62.0,69.4,3.96,4.49,3.21,4.31,1.2,1.98,3.73,2.95,4.51,2.2,2.1,Clinical Psychologist
STU080099,16,F,class_11,science_pcm,state,66.43,74.66,72.81,67.02,3.48,3.4,3.22,3.87,3.4,1.93,3.75,3.05,3.72,1.61,2.4,Doctor (MBBS)
STU220112,17,M,class_12,commerce,state,71.87,70.72,72.59,100.0,4.58,3.27,2.42,4.8,3.98,2.93,2.64,4.49,4.21,4.33,2.89,UX/UI Designer
STU040125,17,M,class_12,undecided,cbse,83.21,48.42,74.53,69.23,3.46,4.63,3.71,3.04,2.63,3.08,4.32,3.24,2.64,3.02,1.72,Cybersecurity Analyst
STU260020,17,M,class_12,arts,cbse,62.45,75.0,70.26,66.14,4.78,2.61,4.2,4.2,1.95,3.6,1.5,4.31,4.32,4.8,1.0,Journalist
STU250137,18,F,undergraduate,undecided,state,59.05,63.37,35.0,64.5,4.01,3.42,3.44,3.37,4.5,2.02,3.73,4.22,2.3,4.18,1.46,Fashion Designer
STU280097,18,F,class_12,arts,state,42.37,80.32,42.47,82.58,4.88,4.24,4.38,3.89,1.53,2.06,3.0,3.57,4.4,4.69,2.1,Content Writer
STU060104,17,F,class_11,science_pcm,state,58.08,75.03,67.39,89.52,4.31,3.92,4.6,3.46,4.2,4.97,3.07,4.01,3.58,1.5,2.62,Mechanical Engineer
STU140033,20,F,undergraduate,science_pcm,state,76.94,66.06,82.42,40.0,3.56,4.05,2.17,3.44,3.44,2.12,4.65,1.4,3.56,4.29,4.71,Chartered Accountant
STU190075,18,F,class_12,science_pcm,state,75.92,98.89,92.0,89.42,4.13,3.73,3.67,4.8,3.62,3.68,2.59,2.75,4.04,4.02,4.19,Entrepreneur
STU080117,14,M,class_9,science_pcm,cbse,99.24,77.04,70.92,75.77,2.53,3.57,4.29,4.09,2.85,3.3,5.0,2.99,1.99,3.8,3.06,Doctor (MBBS)
STU070072,17,F,class_12,undecided,cbse,58.57,48.62,71.93,89.1,2.77,4.34,4.54,3.35,3.01,4.51,2.77,3.67,4.35,1.6,1.8,Civil Engineer
STU190002,21,F,undergraduate,undecided,cbse,88.95,62.68,92.0,86.0,2.88,3.98,3.64,3.61,3.65,2.35,4.36,3.4,4.6,3.94,3.66,Entrepreneur
STU300146,16,F,class_11,undecided,ib,64.95,78.0,68.14,75.24,4.16,4.16,2.5,4.15,2.38,4.12,2.92,2.25,2.3,1.82,2.91,Defence Officer (Indian Armed Forces)
STU260098,17,F,class_12,commerce,icse,52.92,77.84,48.65,61.44,4.04,2.68,3.77,4.49,4.19,2.16,2.42,4.03,3.78,2.53,2.61,Journalist
STU160119,16,F,class_10,commerce,state,81.86,56.13,82.82,40.0,4.09,3.67,5.0,3.88,2.3,3.78,4.6,4.3,3.81,4.93,4.31,Management Consultant
STU280066,16,O,class_10,arts,state,68.3,70.0,66.4,66.57,3.76,2.87,3.5,4.47,1.4,1.71,4.1,4.65,4.18,2.19,1.63,Content Writer
STU280082,18,F,undergraduate,commerce,cbse,58.28,94.98,80.0,85.0,4.1,3.82,3.4,4.37,4.22,2.71,4.57,4.92,4.18,3.65,2.18,Content Writer
STU200101,22,M,undergraduate,arts,cbse,74.49,72.2,89.8,49.63,4.46,3.88,3.75,2.87,4.08,2.93,2.6,2.29,3.16,4.86,2.21,Corporate Lawyer
STU040075,17,M,class_12,science_pcm,cbse,74.23,45.0,94.97,89.34,4.17,3.45,3.41,4.3,3.26,5.0,3.55,2.92,1.85,3.57,3.28,Cybersecurity Analyst
STU170056,14,M,class_9,commerce,cbse,85.62,66.19,91.04,70.08,2.8,4.07,4.17,2.3,2.1,3.11,1.95,3.99,3.76,3.61,3.92,Digital Marketing Manager
STU130042,14,M,class_9,science_pcm,cbse,67.81,73.41,75.09,72.7,3.13,4.44,3.13,3.53,4.39,2.56,4.77,3.35,3.91,2.23,1.6,Physiotherapist
STU040088,18,F,class_12,vocational,state,70.71,82.0,57.16,90.0,4.82,4.11,2.5,2.9,2.04,4.32,4.59,3.63,1.5,2.35,2.2,Cybersecurity Analyst
STU190107,17,F,class_11,commerce,cbse,72.12,64.02,88.73,54.23,3.84,5.0,4.41,3.65,4.2,1.39,3.16,2.59,1.71,4.21,2.35,Entrepreneur
STU290142,19,F,undergraduate,arts,ib,72.05,100.0,85.27,83.91,4.87,4.38,3.68,2.24,2.3,3.11,4.19,1.41,4.63,4.4,4.46,IAS Officer
STU220026,16,O,class_11,science_pcb,cbse,53.14,73.83,90.03,80.02,4.26,3.94,4.16,2.63,1.4,1.77,2.49,4.77,4.82,2.3,2.21,UX/UI Designer
STU060035,17,M,class_11,commerce,cbse,58.49,55.83,80.77,86.19,2.55,1.69,2.46,2.46,4.2,4.79,4.44,1.86,2.74,4.6,3.38,Mechanical Engineer
STU280008,20,F,undergraduate,arts,icse,47.68,72.56,53.53,85.0,4.39,4.77,3.4,3.61,2.77,2.98,3.2,4.03,1.32,4.36,3.8,Content Writer
STU100060,14,F,class_9,science_pcm,state,86.93,81.25,82.25,78.92,2.95,4.45,3.11,3.02,3.03,2.08,4.41,2.78,4.55,3.61,1.6,Pharmacist
STU170138,16,F,class_11,arts,cbse,88.79,81.75,66.94,69.73,2.9,4.23,4.74,3.84,1.36,3.5,4.45,3.52,4.51,3.4,2.32,Digital Marketing Manager
STU020005,15,M,class_10,science_pcm,state,75.16,65.42,85.36,85.01,4.9,3.68,3.19,2.9,2.8,4.02,4.04,3.9,2.6,2.27,2.72,Data Scientist
STU210010,16,M,class_10,commerce,state,71.85,92.3,64.89,35.0,4.32,3.93,4.5,3.33,1.3,2.76,4.4,3.51,3.36,4.1,4.29,Civil Lawyer
STU120037,16,M,class_11,commerce,cbse,66.45,75.6,93.95,68.7,4.3,4.97,4.14,4.53,1.73,2.65,3.67,1.48,3.63,2.8,1.96,Clinical Psychologist
STU200052,18,F,class_12,commerce,cbse,80.36,85.63,48.04,43.09,4.17,3.6,4.37,3.37,2.49,3.26,3.69,1.77,3.2,4.7,4.11,Corporate Lawyer
STU340099,18,M,class_12,science_pcm,state,69.07,53.07,78.45,71.12,4.05,2.97,2.72,2.1,2.83,4.2,4.27,3.35,2.9,2.26,3.98,Airline Pilot
STU320072,14,F,class_9,vocational,state,94.0,55.69,75.55,67.04,3.61,3.2,4.72,3.24,3.5,2.34,3.93,2.39,3.86,4.55,3.4,Sports Manager
STU260114,17,F,class_12,commerce,cbse,50.92,28.46,35.0,68.43,3.63,3.22,4.36,3.85,1.89,1.58,2.62,3.96,4.04,4.84,3.21,Journalist
STU190034,16,F,class_11,science_pcm,state,70.35,81.43,64.29,51.01,3.53,3.49,4.63,2.2,1.51,1.81,2.76,2.0,3.51,4.0,2.41,Entrepreneur
STU130096,18,F,undergraduate,science_pcb,state,81.29,70.19,70.34,46.77,4.37,4.62,3.63,3.81,1.84,2.43,4.53,4.06,4.9,2.13,4.3,Physiotherapist
STU040120,15,M,class_9,science_pcm,cbse,77.69,61.94,66.5,80.11,4.46,4.76,3.7,2.23,1.84,3.64,2.9,3.9,3.55,3.12,3.34,Cybersecurity Analyst
STU130017,21,M,undergraduate,science_pcb,cbse,80.66,62.24,83.91,54.56,3.85,3.57,3.33,4.57,2.1,2.79,3.5,3.33,3.99,1.45,2.63,Physiotherapist
STU140116,15,F,class_9,undecided,cbse,86.66,84.9,44.39,98.74,4.5,4.59,1.27,3.47,1.72,2.54,3.26,1.5,3.2,3.42,1.83,Chartered Accountant
STU010128,18,M,class_12,undecided,cbse,98.43,60.08,45.05,64.68,4.54,3.94,2.99,4.0,1.42,4.58,4.49,3.59,2.9,2.45,3.44,Software Engineer
STU230095,15,M,class_10,arts,state,59.22,100.0,38.65,64.47,3.7,2.95,2.62,4.27,3.81,2.69,2.83,4.73,3.71,3.01,1.11,Graphic Designer
STU230028,18,M,undergraduate,arts,cbse,84.0,88.22,59.48,73.38,4.52,3.63,2.87,3.83,3.57,3.49,2.9,4.36,4.84,2.51,1.34,Graphic Designer
STU340136,14,F,class_9,science_pcm,state,65.33,60.18,82.03,94.93,4.04,3.75,4.57,4.0,4.2,4.38,2.99,3.46,2.6,2.09,4.49,Airline Pilot
STU200126,17,M,class_12,undecided,icse,63.01,68.0,90.0,73.61,1.35,4.87,2.49,3.82,3.5,2.32,2.72,2.46,3.96,3.21,4.24,Corporate Lawyer
STU070081,15,F,class_10,undecided,state,48.0,52.71,46.33,63.76,5.0,3.88,2.0,2.18,4.04,4.45,3.32,4.02,3.9,2.74,4.38,Civil Engineer
STU160051,16,F,class_11,arts,icse,60.0,70.49,73.49,72.27,3.45,1.0,4.69,3.53,3.73,2.63,4.37,2.88,2.52,4.16,3.61,Management Consultant
STU020041,14,F,class_9,science_pcb,cbse,79.31,53.71,76.56,85.05,3.15,4.06,3.17,2.67,1.77,3.43,4.14,3.56,1.57,3.48,2.95,Data Scientist
STU080090,17,M,class_12,science_pcb,icse,83.9,70.13,74.64,76.97,3.53,3.51,4.21,4.46,3.2,4.95,4.34,2.65,4.36,1.68,3.43,Doctor (MBBS)
STU050100,17,F,class_12,commerce,state,93.41,47.32,83.05,82.07,3.14,4.09,3.59,2.84,1.83,3.18,4.76,2.46,2.62,2.13,3.59,Cloud Architect
STU330079,18,M,class_12,undecided,cbse,55.3,49.29,59.45,49.55,2.94,3.39,4.03,3.17,1.75,4.06,2.85,2.87,2.16,2.67,4.33,Chef / Culinary Arts
STU050007,18,F,class_12,science_pcm,state,72.36,47.93,77.93,29.86,3.26,3.88,3.5,3.53,3.6,3.68,4.55,2.21,2.96,2.79,3.7,Cloud Architect
STU290077,18,F,class_12,commerce,icse,75.47,100.0,93.0,76.8,3.41,4.79,3.77,2.55,1.9,1.62,3.75,2.77,4.41,1.59,2.85,IAS Officer
STU030002,16,F,class_11,science_pcm,state,82.81,73.34,77.49,76.27,3.52,3.74,1.72,3.6,2.48,4.08,3.65,2.44,2.08,3.31,2.13,AI/ML Engineer
STU230121,15,O,class_9,arts,cbse,62.05,71.69,61.3,76.43,4.93,2.3,4.87,2.82,1.4,3.22,3.17,3.59,2.78,4.8,1.11,Graphic Designer
STU330119,15,M,class_10,vocational,icse,73.47,43.83,80.78,90.33,2.13,3.91,4.6,2.22,2.58,4.36,2.83,3.63,4.2,2.73,3.89,Chef / Culinary Arts
STU080011,16,F,class_10,science_pcb,state,56.56,92.4,88.09,61.38,3.16,3.65,3.93,4.32,3.18,3.64,4.5,1.29,4.17,2.98,3.38,Doctor (MBBS)
STU180016,16,M,class_11,science_pcm,state,70.52,86.93,61.92,60.71,3.77,4.58,4.47,3.98,3.56,3.23,2.53,3.33,3.28,3.94,2.7,Product Manager
STU340145,22,F,undergraduate,science_pcm,cbse,41.85,35.0,56.94,76.33,2.0,4.9,2.28,2.68,1.1,4.15,3.64,4.3,3.29,2.34,4.33,Airline Pilot
STU080020,17,F,class_11,undecided,cbse,72.08,70.35,67.53,80.0,4.47,3.63,3.26,3.73,3.12,2.58,4.99,4.87,4.83,2.73,1.96,Doctor (MBBS)
STU170125,18,M,undergraduate,commerce,ib,71.45,92.66,84.33,40.0,4.26,3.46,4.05,4.8,2.15,1.51,2.21,3.7,4.15,4.34,2.53,Digital Marketing Manager
STU150106,18,F,class_12,commerce,icse,84.75,59.72,72.7,88.22,3.8,4.23,2.72,3.86,4.67,2.74,2.84,1.0,3.22,5.0,3.62,Investment Banker
STU090044,18,F,class_12,science_pcb,state,55.0,79.95,74.79,59.4,2.84,4.49,2.76,3.71,1.98,2.72,4.8,1.57,4.53,2.1,2.16,Dentist
STU010017,14,F,class_9,science_pcm,ib,90.52,53.14,94.04,53.16,3.0,4.32,2.72,2.96,1.0,4.52,3.95,2.0,2.81,2.27,3.19,Software Engineer
STU210121,17,F,class_11,science_pcm,icse,92.23,100.0,45.0,75.25,2.97,4.61,2.0,3.08,2.0,1.83,3.6,3.61,4.72,4.41,4.19,Civil Lawyer
STU310143,18,M,class_12,science_pcm,cbse,87.22,64.51,89.41,92.36,3.78,4.23,4.08,4.62,1.25,4.52,4.79,3.16,4.57,4.7,3.52,Environmental Scientist
STU320105,21,F,undergraduate,commerce,state,79.02,80.31,87.12,55.63,4.63,4.92,5.0,4.26,3.37,2.73,4.65,1.88,3.62,4.29,4.31,Sports Manager
STU060066,15,F,class_10,science_pcm,icse,56.46,66.9,60.76,83.18,2.66,3.28,4.14,3.74,3.51,3.15,4.36,1.41,4.18,4.29,2.46,Mechanical Engineer
STU210068,17,M,class_11,commerce,cbse,92.73,89.99,90.0,69.72,3.31,4.52,3.57,4.7,2.7,2.85,4.35,2.47,4.09,4.04,4.9,Civil Lawyer
STU330083,18,O,class_12,arts,cbse,88.0,28.8,78.34,80.43,3.9,3.06,1.1,4.05,3.8,4.33,4.05,3.76,3.35,3.33,2.46,Chef / Culinary Arts
STU070060,22,M,undergraduate,science_pcm,icse,27.57,64.83,43.14,77.97,4.39,4.55,3.41,4.37,2.72,3.76,2.0,2.83,1.84,3.39,3.79,Civil Engineer
STU020076,15,F,class_10,science_pcb,cbse,80.07,81.71,97.83,77.08,3.6,4.02,4.08,2.53,1.51,4.12,3.79,2.21,1.87,3.45,1.96,Data Scientist
STU230055,15,M,class_10,science_pcm,icse,48.93,81.47,66.86,79.59,4.14,3.0,1.7,3.77,3.67,1.2,1.65,3.99,2.12,3.68,1.54,Graphic Designer
STU170086,16,F,class_10,science_pcm,cbse,82.91,80.66,89.27,45.5,3.4,4.6,4.57,3.16,1.39,2.13,4.18,3.96,2.96,4.31,3.41,Digital Marketing Manager
STU040113,17,M,class_12,science_pcm,state,75.11,63.48,68.53,52.0,4.09,3.63,3.23,3.84,3.7,3.65,4.26,3.59,3.35,4.0,2.93,Cybersecurity Analyst
STU230137,15,O,class_10,arts,cbse,77.73,94.5,57.82,81.14,4.28,3.16,4.81,4.38,3.7,4.2,3.4,4.35,4.8,3.64,2.75,Graphic Designer
STU120044,21,F,undergraduate,science_pcb,icse,74.31,66.72,81.71,48.55,3.51,4.34,4.05,4.53,1.56,2.7,3.59,3.11,4.36,2.96,2.45,Clinical Psychologist
STU070146,15,F,class_9,science_pcm,cbse,67.11,78.0,62.5,98.0,3.01,3.3,4.78,3.77,1.1,3.66,4.21,3.38,2.52,2.07,4.46,Civil Engineer
STU230147,18,M,class_12,arts,icse,73.3,72.93,76.33,70.49,4.07,4.4,3.93,2.32,1.42,4.17,1.4,3.8,2.61,4.56,2.14,Graphic Designer
STU310066,18,M,class_12,undecided,ib,73.58,100.0,97.67,32.87,3.57,4.38,3.43,3.81,1.1,1.0,3.52,3.94,4.32,3.83,3.99,Environmental Scientist
STU070055,15,M,class_10,science_pcm,state,50.74,70.34,86.6,65.1,2.97,4.9,5.0,4.44,2.88,4.27,3.21,3.22,3.58,1.9,3.6,Civil Engineer
STU340135,14,M,class_9,science_pcm,state,81.63,35.49,68.62,82.13,2.82,4.9,3.75,4.64,3.23,3.5,4.32,4.5,1.44,1.5,4.8,Airline Pilot
STU190036,16,M,class_11,commerce,state,68.24,59.21,73.93,63.91,4.9,3.1,4.14,3.45,1.74,1.2,3.54,3.12,3.66,4.35,2.32,Entrepreneur
STU340053,16,M,class_10,science_pcm,cbse,78.97,78.0,45.0,66.52,2.0,4.9,3.88,3.28,2.51,4.61,2.85,4.43,1.45,1.56,4.8,Airline Pilot
STU320086,17,M,class_12,arts,icse,67.29,90.56,66.69,83.63,4.46,4.32,4.19,2.67,3.35,2.22,4.62,3.4,4.17,4.39,4.3,Sports Manager
STU330122,19,F,undergraduate,arts,cbse,70.68,55.25,45.0,73.66,1.32,4.56,2.37,4.41,2.86,5.0,4.5,4.56,2.42,2.33,4.6,Chef / Culinary Arts
STU090019,19,M,undergraduate,science_pcb,state,88.29,54.57,85.97,57.16,3.67,3.74,3.73,3.56,1.34,2.66,4.04,5.0,4.22,1.89,3.26,Dentist
STU110028,19,F,undergraduate,science_pcb,state,77.46,70.6,64.27,45.0,3.09,4.38,4.41,3.86,1.91,1.8,4.82,3.64,3.81,2.15,4.3,Biomedical Engineer
STU270088,15,M,class_9,undecided,state,84.0,92.05,51.02,75.46,4.94,2.44,4.31,4.63,4.15,1.61,3.07,4.78,4.78,2.06,1.27,Film Director
STU090101,17,M,class_12,science_pcm,cbse,92.0,74.23,42.9,85.0,2.92,4.25,4.39,4.59,3.16,2.49,3.55,3.17,3.4,1.58,4.05,Dentist
STU340041,17,M,class_11,vocational,cbse,86.73,55.57,77.31,89.45,2.0,3.37,3.71,1.37,1.75,4.35,3.07,1.3,3.8,4.6,3.11,Airline Pilot
STU020011,19,M,undergraduate,science_pcm,icse,73.32,62.12,71.26,53.49,3.43,4.12,2.8,2.33,2.58,3.29,4.74,2.16,1.8,2.6,4.14,Data Scientist
STU280018,21,F,undergraduate,arts,state,74.4,35.91,58.89,60.8,3.37,3.42,3.55,3.14,2.86,3.19,1.51,4.76,4.39,4.8,2.32,Content Writer
STU070057,17,M,class_12,science_pcm,cbse,76.76,55.88,70.16,79.59,3.73,3.76,2.48,3.93,1.77,5.0,2.04,2.1,2.27,3.83,2.66,Civil Engineer
STU260042,19,F,undergraduate,arts,cbse,45.74,82.77,77.62,85.0,5.0,3.49,4.62,3.89,2.43,2.41,4.0,3.5,4.2,3.31,1.27,Journalist
STU220085,15,O,class_9,science_pcm,state,73.98,67.74,63.64,72.94,4.61,2.53,4.75,4.2,3.42,1.95,4.0,4.0,4.54,2.17,3.43,UX/UI Designer
STU200020,21,M,undergraduate,arts,icse,74.93,68.0,74.05,53.67,3.97,4.63,3.94,2.54,1.48,3.5,3.27,1.5,4.35,4.52,4.0,Corporate Lawyer
STU260028,16,F,class_11,arts,cbse,60.64,93.56,59.79,100.0,4.26,4.58,4.62,3.12,3.14,1.7,2.31,2.63,4.8,2.44,4.06,Journalist
STU300084,20,F,undergraduate,undecided,ib,50.43,78.0,83.07,67.71,3.53,4.9,2.73,4.11,4.15,4.64,2.24,3.39,2.69,2.95,4.86,Defence Officer (Indian Armed Forces)
STU200112,17,M,class_11,arts,icse,95.87,72.29,81.84,73.27,3.54,4.43,4.36,4.67,3.55,3.2,3.86,2.97,3.91,4.13,3.33,Corporate Lawyer
STU150101,18,F,undergraduate,science_pcm,state,80.73,69.66,75.86,42.48,4.16,3.61,3.81,3.07,1.55,1.7,4.39,2.46,3.54,4.34,4.3,Investment Banker
STU010099,18,O,undergraduate,science_pcm,cbse,98.38,50.27,100.0,53.6,3.62,3.62,4.01,4.3,2.82,3.84,3.92,1.97,3.06,2.69,2.45,Software Engineer
STU180008,14,M,class_9,science_pcm,state,70.24,80.73,80.86,41.69,4.89,3.33,3.26,4.67,2.23,1.84,2.84,3.97,2.85,4.0,2.62,Product Manager
STU220034,16,F,class_10,arts,cbse,60.08,72.61,78.0,84.34,4.46,4.48,3.77,3.72,2.38,3.8,3.4,4.0,3.8,4.51,2.25,UX/UI Designer
STU020104,17,F,class_12,undecided,state,35.81,61.22,97.7,85.85,4.02,4.58,4.1,2.48,3.7,3.16,4.52,3.42,3.56,3.76,3.43,Data Scientist
STU270024,18,M,undergraduate,arts,cbse,59.83,71.51,46.4,69.35,3.95,2.3,3.51,3.24,4.06,4.2,4.0,4.09,2.62,3.29,1.85,Film Director
STU280150,15,M,class_9,science_pcm,cbse,50.74,83.45,57.7,43.69,4.04,1.77,3.86,3.14,4.17,2.64,3.48,4.84,4.45,3.21,1.57,Content Writer
STU100096,16,F,class_10,undecided,cbse,55.0,71.95,70.35,65.53,2.79,3.64,2.5,4.47,2.4,4.2,4.05,1.53,3.36,1.49,3.35,Pharmacist
STU110149,21,F,undergraduate,science_pcm,cbse,61.94,65.84,87.87,74.93,3.8,4.65,2.1,4.04,2.5,2.62,3.5,2.89,3.52,1.86,3.23,Biomedical Engineer
STU320033,18,F,class_12,arts,cbse,70.45,35.5,77.99,85.27,3.17,4.74,4.5,2.56,3.0,2.08,3.53,2.26,4.26,3.92,4.7,Sports Manager
STU320074,18,M,class_12,commerce,ib,80.49,86.54,79.84,50.44,3.8,3.58,4.17,3.29,3.04,3.25,3.39,1.51,4.45,3.4,3.33,Sports Manager
STU270092,17,M,class_11,arts,cbse,81.46,48.0,69.26,96.81,4.42,3.55,3.2,4.58,4.5,1.53,1.82,4.85,3.29,3.3,4.65,Film Director
STU120047,18,M,class_12,arts,cbse,75.17,87.84,75.68,81.33,3.61,3.67,3.3,4.67,1.48,3.96,3.91,2.81,1.89,2.89,2.01,Clinical Psychologist
STU220042,18,F,class_12,science_pcm,cbse,74.39,52.33,55.51,74.73,4.61,2.3,3.54,4.42,3.51,1.2,2.23,4.0,3.72,3.45,2.95,UX/UI Designer
STU300150,21,M,undergraduate,commerce,icse,48.99,72.43,44.03,60.85,2.34,3.31,3.6,3.45,3.73,1.23,3.28,2.16,4.4,2.03,2.38,Defence Officer (Indian Armed Forces)
STU080105,17,F,class_11,science_pcb,state,55.0,80.46,80.27,45.0,3.93,1.55,2.2,4.65,3.9,1.0,4.03,2.11,4.65,3.87,4.3,Doctor (MBBS)
STU160006,17,M,class_11,commerce,cbse,94.0,87.45,59.83,70.6,4.9,4.8,3.2,3.02,3.19,2.25,2.03,1.34,4.3,3.4,3.8,Management Consultant
STU120033,20,F,undergraduate,commerce,cbse,65.95,37.09,59.05,65.65,3.9,4.79,2.81,4.8,2.14,1.82,4.62,2.07,4.65,1.21,3.51,Clinical Psychologist
STU220021,22,F,undergraduate,arts,icse,79.9,45.94,43.87,82.63,4.84,3.29,4.5,4.8,3.18,4.1,3.86,4.18,4.51,3.23,1.43,UX/UI Designer
STU140107,16,O,class_10,commerce,cbse,90.4,80.94,92.68,40.13,3.3,4.46,2.44,2.33,2.79,3.1,4.53,2.41,2.14,4.71,3.6,Chartered Accountant
STU280041,18,F,undergraduate,science_pcm,ib,68.14,92.1,77.61,38.82,4.46,2.72,2.83,3.0,1.67,2.38,3.9,4.61,4.88,2.18,1.62,Content Writer
STU210109,16,F,class_10,commerce,cbse,81.67,90.47,63.06,55.4,3.45,2.85,2.59,3.54,3.14,3.09,4.08,2.61,3.06,3.67,2.2,Civil Lawyer
STU310049,21,M,undergraduate,science_pcb,icse,76.3,96.72,81.62,89.51,4.61,4.44,3.43,3.76,2.98,2.37,3.84,1.96,4.94,4.69,3.47,Environmental Scientist
STU250124,19,O,undergraduate,arts,cbse,48.13,27.94,63.82,95.39,4.06,3.15,4.65,2.26,2.91,2.85,2.22,1.11,3.85,2.82,3.12,Fashion Designer
STU140100,16,M,class_10,undecided,cbse,92.31,82.95,78.72,66.85,4.49,4.41,2.17,3.21,1.64,1.91,3.07,1.19,2.42,3.75,3.87,Chartered Accountant
STU250044,15,F,class_10,commerce,cbse,53.16,77.82,44.58,68.92,4.93,2.51,2.89,1.88,2.5,3.37,3.24,2.55,2.83,2.64,2.71,Fashion Designer
STU340077,18,F,class_12,science_pcm,state,50.93,75.0,78.41,91.69,3.07,3.86,2.2,2.53,1.23,3.4,3.79,3.43,2.81,3.92,2.31,Airline Pilot
STU050024,21,M,undergraduate,science_pcm,icse,97.0,68.9,83.31,64.46,4.57,2.73,2.9,4.2,3.7,4.37,4.13,3.11,2.41,1.93,3.88,Cloud Architect
STU020113,15,F,class_10,science_pcm,cbse,71.97,62.44,92.52,75.41,3.23,3.75,2.7,4.1,1.86,2.84,4.38,4.44,2.25,3.32,3.07,Data Scientist
STU230070,21,F,undergraduate,arts,cbse,72.78,67.14,55.77,77.63,3.74,2.51,4.9,2.21,2.69,2.06,3.85,4.35,3.18,2.57,2.14,Graphic Designer
STU280012,17,M,class_11,commerce,cbse,42.0,79.17,45.0,45.98,4.51,4.36,3.4,3.88,3.74,2.22,2.71,4.14,4.01,4.07,1.33,Content Writer
STU130003,18,M,class_12,science_pcb,state,65.76,58.11,95.0,72.3,3.1,4.27,3.75,4.28,2.47,3.58,1.0,1.93,4.08,1.71,2.36,Physiotherapist
STU320087,16,F,class_11,commerce,cbse,78.57,80.93,54.0,80.66,4.82,4.89,4.84,3.9,2.65,2.28,4.08,2.73,3.63,3.4,2.55,Sports Manager
STU340143,17,M,class_11,science_pcm,state,88.0,59.5,68.63,81.37,3.82,4.04,2.41,2.42,1.1,4.46,3.05,2.03,2.76,4.09,3.99,Airline Pilot
STU160136,16,O,class_11,commerce,cbse,78.51,55.73,89.55,40.0,3.5,3.81,3.56,2.92,3.15,3.15,4.7,4.3,3.89,2.84,3.68,Management Consultant
STU140010,17,M,class_12,commerce,state,94.67,75.58,99.18,44.02,2.99,4.46,3.0,3.98,2.9,1.79,2.6,1.29,3.81,5.0,4.11,Chartered Accountant
STU200127,18,M,undergraduate,undecided,state,87.07,76.23,61.35,44.4,3.04,4.26,3.04,3.08,3.55,1.1,4.88,2.17,4.42,3.94,1.94,Corporate Lawyer
STU040039,16,F,class_11,vocational,state,39.91,70.84,98.0,55.69,4.76,4.46,3.52,2.77,2.69,4.32,3.89,1.88,2.75,2.12,2.2,Cybersecurity Analyst
STU130044,14,F,class_9,science_pcb,cbse,76.49,90.77,73.08,68.03,4.49,4.85,4.34,3.83,3.21,2.37,3.93,3.39,4.09,1.66,3.08,Physiotherapist
STU120085,21,F,undergraduate,science_pcb,cbse,74.38,88.92,87.98,64.81,2.64,3.47,4.2,4.55,3.06,1.61,3.59,1.5,4.16,1.55,2.04,Clinical Psychologist
STU200062,17,M,class_12,commerce,icse,66.24,82.29,75.37,48.27,4.08,3.89,4.8,3.69,1.85,1.83,4.68,2.71,3.74,3.12,2.59,Corporate Lawyer
STU220070,16,M,class_10,undecided,state,78.19,69.16,78.0,89.71,4.3,4.38,4.43,4.31,3.13,2.44,1.53,3.76,3.87,2.07,1.0,UX/UI Designer
STU010147,20,F,undergraduate,commerce,icse,92.4,56.84,59.85,58.41,3.85,3.57,3.87,3.06,2.48,3.53,3.6,1.88,2.94,2.06,2.81,Software Engineer
STU140037,18,M,class_12,commerce,cbse,99.4,68.73,84.32,40.0,2.2,4.27,1.0,2.79,2.7,2.08,4.38,3.75,2.41,3.96,3.73,Chartered Accountant
STU100020,18,F,class_12,undecided,cbse,71.03,81.89,75.2,58.6,3.41,4.33,2.59,4.24,3.01,4.67,4.26,1.2,4.1,1.68,2.11,Pharmacist
STU190112,22,F,undergraduate,undecided,state,89.68,65.63,81.14,19.51,4.58,4.82,3.98,2.31,3.76,1.22,3.77,2.12,1.71,4.95,4.7,Entrepreneur
STU050060,18,F,class_12,science_pcm,icse,77.51,58.02,92.46,76.26,4.12,4.31,2.63,3.92,2.36,3.88,4.18,3.12,2.59,3.67,1.7,Cloud Architect
STU120145,17,M,class_11,undecided,state,77.23,73.06,84.33,45.0,4.35,4.88,2.44,4.48,1.2,2.73,4.42,2.75,1.63,2.87,2.52,Clinical Psychologist
STU170112,19,M,undergraduate,arts,cbse,76.63,67.09,37.37,62.74,3.74,3.56,4.69,4.82,3.02,2.55,3.08,3.3,4.9,4.14,3.59,Digital Marketing Manager
STU230098,16,M,class_10,science_pcm,state,76.94,94.75,51.62,66.76,4.92,3.05,2.44,1.0,1.4,2.73,4.72,4.86,4.6,3.19,3.29,Graphic Designer
STU290083,14,F,class_9,science_pcm,cbse,81.96,77.92,100.0,80.34,4.71,4.79,2.99,4.25,2.36,3.83,1.42,3.54,4.57,4.55,3.97,IAS Officer
STU080098,17,F,class_12,science_pcb,cbse,70.91,87.36,71.66,84.46,3.65,4.57,4.25,4.12,1.2,2.43,2.32,2.36,4.6,3.52,3.12,Doctor (MBBS)
STU220123,17,M,class_12,arts,cbse,63.17,70.51,72.78,90.25,4.38,3.05,4.42,4.46,1.93,3.16,1.59,4.06,3.35,3.87,1.0,UX/UI Designer
STU050009,15,M,class_10,undecided,cbse,69.35,49.67,76.57,82.3,3.34,3.49,2.49,2.6,3.12,3.06,5.0,2.96,1.94,3.53,3.34,Cloud Architect
STU240133,17,F,class_12,undecided,cbse,29.75,54.88,66.51,82.3,5.0,4.69,4.52,3.63,3.74,3.6,4.0,4.8,3.79,3.47,2.82,Architect
STU130131,17,F,class_11,science_pcb,state,86.85,85.67,92.86,68.84,4.29,4.44,3.49,4.4,3.57,3.28,3.48,3.07,3.48,2.62,4.3,Physiotherapist
STU020048,18,M,undergraduate,science_pcm,cbse,12.05,59.61,97.5,68.06,3.62,4.4,3.34,4.6,1.3,4.89,4.14,3.73,2.93,3.13,1.7,Data Scientist
STU200082,18,F,undergraduate,arts,state,65.73,85.11,76.63,64.45,2.81,1.12,3.89,3.64,3.14,2.36,3.1,3.05,3.38,1.85,3.13,Corporate Lawyer
STU160078,16,M,class_11,commerce,cbse,67.03,37.08,84.8,68.1,2.94,4.19,3.89,3.25,1.83,2.02,3.22,1.58,3.04,4.21,2.6,Management Consultant
STU300040,19,M,undergraduate,science_pcm,cbse,80.69,56.47,57.63,60.0,2.55,4.39,3.47,4.05,2.4,3.53,3.57,3.72,3.97,2.48,4.68,Defence Officer (Indian Armed Forces)
STU060017,16,O,class_11,science_pcm,cbse,58.8,44.4,69.94,82.44,2.92,3.82,3.89,2.46,4.01,4.19,4.23,1.83,2.09,3.52,2.71,Mechanical Engineer
STU300147,22,F,undergraduate,science_pcm,cbse,48.0,49.3,48.99,62.31,4.17,3.21,2.06,4.69,1.98,3.9,4.5,1.66,2.56,4.6,3.75,Defence Officer (Indian Armed Forces)
STU290019,16,M,class_11,commerce,icse,76.12,82.61,95.66,76.8,3.14,4.61,4.05,4.72,1.33,3.53,2.8,3.42,4.32,3.51,2.1,IAS Officer
STU220106,18,M,undergraduate,undecided,icse,79.06,65.69,60.51,77.22,4.17,3.2,2.4,2.6,4.12,1.83,4.0,4.47,1.0,3.65,1.31,UX/UI Designer
STU020053,17,F,class_12,science_pcm,cbse,76.27,50.23,74.66,76.38,3.06,4.22,1.8,2.69,3.37,4.24,5.0,3.25,2.44,3.16,3.81,Data Scientist
STU240061,18,M,class_12,science_pcm,state,58.25,87.68,50.37,70.27,3.76,4.7,4.04,2.41,4.16,1.27,4.0,4.73,2.3,3.99,2.25,Architect
STU120084,18,M,class_12,arts,ib,81.58,59.86,74.22,67.36,2.84,3.53,2.54,3.86,3.06,4.2,4.64,3.82,4.15,3.39,3.7,Clinical Psychologist
STU190078,20,F,undergraduate,vocational,cbse,86.43,91.16,83.8,42.69,3.13,4.46,3.69,3.76,2.4,2.34,4.7,2.76,4.12,4.59,2.55,Entrepreneur
STU120058,18,M,class_12,undecided,icse,91.16,71.35,78.73,75.95,3.18,4.09,2.66,3.94,2.81,1.81,3.76,1.45,4.12,1.55,4.17,Clinical Psychologist
STU240025,19,F,undergraduate,science_pcm,state,84.0,53.13,68.11,94.6,4.79,3.39,4.29,4.47,3.72,3.13,2.13,4.04,3.78,1.7,2.13,Architect
STU060105,17,M,class_12,science_pcm,cbse,67.79,38.96,77.75,94.17,4.15,3.97,2.01,4.2,1.0,4.17,3.34,1.87,3.23,2.93,1.63,Mechanical Engineer
STU320088,15,O,class_9,undecided,cbse,82.29,67.43,88.72,61.07,3.98,4.58,4.63,4.1,1.79,1.2,2.57,4.63,2.59,4.37,4.4,Sports Manager
STU280048,17,F,class_12,arts,cbse,60.33,76.69,50.82,82.43,3.44,3.53,4.24,3.0,3.86,2.9,1.99,3.65,4.37,4.8,1.64,Content Writer
STU150061,18,M,class_12,commerce,state,63.71,80.62,92.66,59.97,3.72,3.87,3.34,1.9,3.85,3.77,4.23,3.38,1.82,4.47,3.97,Investment Banker
STU050099,18,M,undergraduate,science_pcm,cbse,95.82,77.08,85.9,52.16,3.86,4.11,1.8,3.96,4.69,2.78,4.13,2.54,3.75,4.87,3.74,Cloud Architect
STU340097,18,M,undergraduate,undecided,icse,51.02,87.97,65.97,25.46,4.5,4.9,2.2,2.1,2.59,3.54,3.5,3.18,1.2,4.21,4.52,Airline Pilot
STU200150,22,M,undergraduate,undecided,state,87.25,75.22,73.27,69.62,3.21,4.25,3.16,3.73,3.12,1.5,3.0,3.31,3.32,3.62,3.79,Corporate Lawyer
STU250097,17,M,class_11,arts,cbse,66.94,81.5,47.56,93.11,2.81,2.85,3.8,3.59,4.28,3.72,3.41,4.75,4.51,3.17,1.25,Fashion Designer
STU110137,19,M,undergraduate,science_pcm,state,61.65,81.5,51.21,69.54,2.88,3.6,4.02,4.16,1.97,3.57,4.96,1.7,4.53,3.56,2.96,Biomedical Engineer
STU240008,16,M,class_10,undecided,icse,79.04,56.97,63.2,79.27,5.0,1.0,2.73,4.72,3.43,2.94,3.13,4.46,4.01,2.55,2.56,Architect
STU240132,15,F,class_10,undecided,cbse,55.18,77.57,50.34,99.0,4.05,3.27,3.69,3.75,2.67,2.14,2.95,4.9,2.89,2.9,2.3,Architect
STU090092,15,F,class_9,undecided,state,74.23,63.42,72.83,70.16,2.5,3.87,3.13,4.44,2.83,2.42,4.57,2.19,3.6,1.68,1.96,Dentist
STU320010,17,M,class_12,commerce,cbse,82.48,89.88,80.79,74.2,3.44,3.1,4.39,3.06,3.92,1.2,4.7,3.37,4.58,3.41,2.9,Sports Manager
STU130054,16,M,class_10,science_pcb,cbse,65.17,63.03,76.01,73.41,4.3,2.07,4.34,4.34,3.26,2.92,3.93,2.2,3.75,2.77,2.04,Physiotherapist
STU260014,16,F,class_11,arts,state,42.0,95.15,74.84,40.02,3.6,4.8,3.9,3.19,4.3,1.85,2.9,4.02,4.52,3.25,3.8,Journalist
STU230005,20,M,undergraduate,arts,state,74.52,55.04,25.12,82.04,4.0,2.54,3.04,2.46,1.4,4.2,3.27,4.56,4.77,4.53,2.2,Graphic Designer
STU340062,21,M,undergraduate,commerce,ib,83.37,50.05,65.59,92.45,3.14,4.28,4.24,2.65,2.89,1.37,3.83,3.74,3.73,3.67,4.39,Airline Pilot
STU250144,19,M,undergraduate,arts,cbse,73.47,70.18,56.84,82.06,4.87,3.89,3.26,2.97,1.55,4.92,1.56,4.98,4.84,4.74,1.44,Fashion Designer
STU230146,17,F,class_11,arts,state,65.85,76.27,61.33,87.16,4.71,4.52,2.82,4.76,4.5,1.49,2.01,4.33,2.3,1.7,1.72,Graphic Designer
STU140049,16,F,class_10,commerce,cbse,73.58,80.9,88.25,76.39,3.92,3.5,4.46,2.1,2.16,2.86,3.74,3.5,3.68,3.47,4.13,Chartered Accountant
STU050064,15,M,class_10,science_pcm,icse,87.8,30.55,78.96,72.84,4.68,4.51,3.26,3.77,2.17,3.78,3.6,2.17,1.79,2.5,3.89,Cloud Architect
STU320130,22,M,undergraduate,science_pcm,icse,91.0,71.53,69.0,50.87,4.04,4.02,3.59,4.51,2.37,1.52,3.02,2.55,2.05,4.56,3.56,Sports Manager
STU250149,18,F,class_12,arts,cbse,42.0,96.0,50.15,82.13,4.73,2.43,2.59,3.38,2.08,2.99,1.94,3.17,4.3,3.95,1.56,Fashion Designer
STU300064,14,M,class_9,science_pcb,cbse,65.48,46.72,63.7,80.47,3.43,3.85,2.67,4.59,3.32,3.5,1.92,2.24,1.85,1.72,2.88,Defence Officer (Indian Armed Forces)
STU320095,16,M,class_11,arts,cbse,78.14,83.67,71.0,66.4,3.81,3.95,5.0,3.19,4.2,1.2,4.25,1.96,3.4,3.99,3.42,Sports Manager
STU050110,17,M,class_11,science_pcm,cbse,81.75,65.01,87.7,76.69,4.12,3.95,4.08,2.56,1.3,4.41,5.0,3.9,2.14,2.83,4.0,Cloud Architect
STU090083,20,M,undergraduate,vocational,state,66.07,66.97,71.42,85.0,3.23,3.88,3.68,3.89,2.19,2.08,3.58,3.17,4.58,1.96,3.18,Dentist
STU180126,22,M,undergraduate,arts,cbse,86.84,63.15,93.66,69.75,3.14,1.76,3.23,3.5,1.41,1.22,4.7,3.07,3.6,4.03,2.85,Product Manager
STU270130,20,M,undergraduate,commerce,icse,61.68,82.84,41.64,76.93,4.64,3.5,2.4,4.62,3.22,1.29,1.47,3.79,3.81,4.8,3.21,Film Director
STU090107,16,M,class_11,science_pcb,cbse,79.45,90.37,83.42,55.81,3.84,4.84,4.55,4.05,1.63,2.21,4.07,3.18,4.81,1.78,3.4,Dentist
STU150138,15,M,class_10,science_pcm,icse,73.94,78.32,74.26,82.08,4.08,4.5,4.27,3.91,4.1,3.22,4.69,4.15,3.16,3.55,3.49,Investment Banker
STU230003,18,O,class_12,science_pcm,cbse,46.12,59.23,41.15,80.88,4.71,2.34,4.68,4.39,2.71,2.89,2.36,4.43,1.96,3.36,1.79,Graphic Designer
STU140089,17,F,class_11,commerce,cbse,90.81,75.29,93.61,47.93,2.64,3.61,2.12,2.72,3.4,2.22,4.14,1.6,1.68,3.7,4.77,Chartered Accountant
STU110030,17,F,class_12,science_pcm,state,68.06,81.52,88.67,98.86,3.52,4.61,5.0,3.51,1.46,3.52,4.41,3.38,3.36,1.88,4.64,Biomedical Engineer
STU120014,21,O,undergraduate,arts,cbse,83.0,76.39,73.74,56.39,2.96,4.65,2.47,3.7,1.38,2.77,4.29,2.84,4.21,1.37,3.59,Clinical Psychologist
STU340084,17,M,class_11,undecided,icse,86.81,42.05,45.0,85.87,2.46,3.77,4.3,2.74,3.49,4.08,2.8,4.02,3.71,4.6,2.67,Airline Pilot
STU340103,21,F,undergraduate,science_pcm,cbse,53.16,62.61,62.19,77.09,3.61,4.22,4.03,2.17,2.26,3.54,2.51,1.43,3.23,3.35,1.8,Airline Pilot
STU250028,17,F,class_12,science_pcm,cbse,59.02,82.73,55.83,79.38,4.02,4.15,4.4,3.17,3.65,2.89,3.78,4.86,3.53,3.57,3.17,Fashion Designer
STU330092,15,M,class_9,vocational,icse,68.68,51.89,83.82,79.11,3.76,4.79,2.0,4.47,2.84,5.0,3.57,3.19,2.32,2.18,2.51,Chef / Culinary Arts
STU180144,16,F,class_11,commerce,cbse,84.04,83.44,78.72,69.02,3.19,3.9,4.5,2.27,1.85,3.65,4.3,3.94,3.39,3.81,2.54,Product Manager
STU210061,15,F,class_9,arts,icse,81.34,75.66,66.55,37.88,3.59,4.54,3.44,2.82,3.63,1.66,3.68,1.95,4.26,3.0,3.46,Civil Lawyer
STU110098,21,M,undergraduate,science_pcm,icse,73.8,67.54,93.44,69.63,2.88,4.54,4.04,4.5,3.18,1.74,4.45,1.98,3.4,3.0,3.55,Biomedical Engineer
STU190030,16,M,class_10,undecided,state,73.86,88.05,66.16,79.34,4.1,4.02,3.4,3.95,3.98,3.14,4.34,4.19,2.9,4.1,2.72,Entrepreneur
STU180076,16,M,class_10,undecided,state,64.62,70.72,67.41,48.96,4.41,3.1,3.8,3.33,3.87,2.48,4.33,2.79,1.97,5.0,3.55,Product Manager
STU220008,21,F,undergraduate,undecided,cbse,42.35,75.46,57.42,27.11,4.68,3.18,4.04,4.48,4.3,2.63,2.76,4.7,3.67,2.67,2.91,UX/UI Designer
STU230015,15,F,class_10,commerce,cbse,47.37,90.62,71.68,61.97,4.92,3.74,4.57,1.39,1.94,2.59,2.1,4.12,3.11,1.7,3.01,Graphic Designer
STU120073,18,M,class_12,science_pcb,state,71.36,71.2,67.49,68.87,4.59,2.46,3.03,4.72,3.35,2.46,4.46,2.07,3.87,1.2,2.3,Clinical Psychologist
STU080010,14,F,class_9,science_pcb,state,71.05,67.34,68.22,66.47,3.21,1.95,3.35,2.57,2.21,3.2,4.61,3.28,4.11,1.73,3.42,Doctor (MBBS)
STU310137,17,F,class_12,science_pcb,state,97.85,71.25,96.91,91.86,4.64,4.12,3.58,5.0,2.8,2.09,4.01,3.64,4.4,3.78,2.15,Environmental Scientist
STU220093,20,F,undergraduate,commerce,cbse,61.49,84.82,50.75,79.51,4.8,3.45,3.92,4.0,1.7,2.43,2.61,4.06,4.78,2.41,1.43,UX/UI Designer
STU120029,21,O,undergraduate,arts,cbse,87.97,72.32,71.06,79.88,3.0,3.77,4.03,4.3,2.74,1.8,3.93,2.53,3.86,1.87,3.1,Clinical Psychologist
STU120108,16,M,class_10,science_pcb,cbse,92.0,62.02,71.26,60.66,2.93,4.43,3.48,4.74,2.43,3.76,3.28,1.49,4.76,4.13,2.21,Clinical Psychologist
STU280142,16,F,class_11,arts,cbse,54.75,87.01,23.08,38.14,4.24,3.54,4.49,3.05,2.54,1.93,3.89,3.44,1.45,3.88,2.89,Content Writer
STU040114,17,O,class_12,commerce,state,83.32,79.78,81.02,64.56,4.16,4.06,2.76,2.63,1.82,2.7,4.85,2.8,2.29,3.86,4.2,Cybersecurity Analyst
STU190091,22,F,undergraduate,science_pcm,cbse,89.53,77.59,73.74,63.12,3.8,1.63,4.99,4.8,3.0,1.79,3.07,3.26,3.65,4.08,4.7,Entrepreneur
STU060114,17,F,class_12,science_pcm,icse,83.35,46.51,72.28,68.36,2.6,3.79,4.51,3.8,1.1,5.0,2.07,3.88,2.43,1.67,2.87,Mechanical Engineer
STU100135,16,M,class_10,vocational,cbse,75.03,72.46,89.13,63.88,4.46,4.71,2.2,1.09,3.26,1.88,2.2,3.56,3.48,3.14,2.16,Pharmacist
STU020057,17,M,class_11,science_pcm,state,81.67,67.21,94.73,73.11,3.04,2.15,4.13,3.66,2.24,4.77,3.81,2.07,1.3,3.37,4.04,Data Scientist
STU300139,15,M,class_9,science_pcm,state,58.72,78.0,88.95,86.19,3.72,3.45,4.13,2.58,2.25,4.26,3.16,2.47,3.56,4.16,2.48,Defence Officer (Indian Armed Forces)
STU060121,17,F,class_12,science_pcm,icse,80.11,46.76,87.5,92.27,2.04,3.81,4.64,2.74,2.17,4.22,3.92,4.34,2.71,2.14,3.91,Mechanical Engineer
STU300144,18,M,undergraduate,science_pcm,icse,75.07,43.94,57.21,86.67,3.0,3.0,2.45,2.95,2.14,3.77,2.01,2.94,2.57,3.0,2.66,Defence Officer (Indian Armed Forces)
STU040053,16,M,class_10,science_pcm,cbse,93.68,69.67,98.0,83.79,3.77,4.77,2.41,3.02,2.59,5.0,4.15,1.71,3.44,1.69,1.7,Cybersecurity Analyst
STU070129,17,F,class_11,science_pcm,cbse,82.89,41.42,98.86,41.95,3.19,4.9,2.91,2.67,1.32,3.64,3.38,1.74,1.2,2.53,3.8,Civil Engineer
STU260091,18,M,class_12,science_pcb,cbse,85.81,99.62,42.58,47.77,3.8,3.15,4.1,4.94,1.74,1.85,3.85,4.15,1.69,4.0,1.87,Journalist
STU180141,17,F,class_11,commerce,cbse,75.01,64.77,68.62,47.6,4.9,3.66,3.63,3.36,2.27,3.8,2.78,2.13,3.8,3.66,3.0,Product Manager
STU110071,17,F,class_12,science_pcm,cbse,71.94,82.15,77.28,51.31,2.5,5.0,4.13,3.97,3.15,3.59,3.5,2.77,3.4,1.64,3.81,Biomedical Engineer
STU190074,18,M,class_12,science_pcm,cbse,71.7,94.56,73.28,70.12,3.81,3.89,4.23,4.48,1.43,2.86,3.2,4.3,2.95,5.0,4.51,Entrepreneur
STU190032,18,F,class_12,undecided,cbse,73.01,93.19,100.0,65.34,4.26,4.26,4.31,2.43,2.78,2.98,4.26,4.3,3.54,3.94,2.3,Entrepreneur
STU060055,21,M,undergraduate,undecided,state,69.62,40.86,75.51,96.84,4.79,4.25,2.71,4.24,1.37,4.03,2.65,4.37,3.34,4.09,4.03,Mechanical Engineer
STU250046,16,F,class_11,undecided,cbse,73.69,61.33,59.8,71.46,5.0,2.85,3.12,3.28,3.7,3.51,3.4,5.0,4.61,2.69,2.06,Fashion Designer
STU170055,17,F,class_12,commerce,cbse,68.97,81.41,68.87,56.23,4.59,3.98,3.2,4.69,1.33,2.87,3.99,3.61,3.7,4.82,3.42,Digital Marketing Manager
STU310099,15,F,class_9,science_pcb,cbse,70.3,70.0,88.27,74.11,3.86,1.0,4.27,4.8,1.0,4.22,4.68,2.76,4.0,4.52,5.0,Environmental Scientist
STU210105,17,F,class_11,undecided,cbse,87.41,69.69,62.78,63.15,3.89,4.62,2.02,4.2,3.89,3.15,4.21,3.4,3.76,4.37,3.25,Civil Lawyer
STU330076,16,F,class_10,vocational,state,78.5,50.57,45.0,60.19,4.12,2.3,3.36,4.15,1.9,4.42,3.86,3.02,2.5,2.49,3.62,Chef / Culinary Arts
STU020051,18,M,class_12,undecided,cbse,94.43,73.94,79.18,79.14,3.48,4.8,3.19,3.35,1.96,3.1,5.0,3.89,1.66,2.91,5.0,Data Scientist
STU210100,22,M,undergraduate,arts,cbse,65.64,77.12,86.6,56.83,4.8,3.61,3.64,2.31,2.8,2.16,3.73,1.86,4.0,5.0,3.23,Civil Lawyer
STU160029,16,M,class_11,undecided,icse,73.41,59.66,84.29,67.22,4.56,3.62,3.52,4.05,3.74,3.8,2.28,2.01,2.27,3.83,2.2,Management Consultant
STU240112,15,M,class_10,science_pcm,icse,45.45,70.64,71.33,80.74,5.0,4.1,3.67,4.8,1.61,3.64,1.79,4.99,3.11,4.8,3.12,Architect
STU300125,17,M,class_12,arts,state,64.6,48.19,57.82,86.62,2.78,4.4,3.09,3.42,1.93,3.48,3.29,3.99,3.42,1.4,3.91,Defence Officer (Indian Armed Forces)
STU310015,16,M,class_11,undecided,cbse,80.84,85.26,78.54,45.44,5.0,5.0,4.55,3.53,1.36,3.63,4.64,3.5,4.15,4.67,2.93,Environmental Scientist
STU030092,17,M,class_11,science_pcm,cbse,88.35,46.06,88.61,90.0,2.9,3.26,2.74,3.15,2.84,3.52,3.85,2.16,2.42,3.03,2.32,AI/ML Engineer
STU100146,18,M,undergraduate,undecided,cbse,88.78,88.44,68.92,62.92,3.78,3.3,3.21,3.24,1.94,4.18,4.26,3.43,4.32,2.01,3.03,Pharmacist
STU180146,17,F,class_11,commerce,cbse,67.86,60.61,88.52,84.44,4.54,4.9,1.81,4.85,1.96,2.39,4.15,3.48,4.66,4.18,3.73,Product Manager
STU140078,17,M,class_12,commerce,cbse,94.7,64.1,92.49,43.35,3.85,4.8,3.63,2.58,3.39,1.48,3.2,1.3,1.4,4.4,4.34,Chartered Accountant
STU180019,21,M,undergraduate,commerce,cbse,67.8,76.13,88.48,47.5,2.8,4.39,3.2,1.92,4.49,1.23,3.35,2.18,3.01,3.49,4.7,Product Manager
STU010065,15,F,class_10,science_pcm,cbse,74.07,58.14,100.0,83.54,4.31,4.27,3.15,2.49,1.3,3.65,4.83,2.03,3.28,3.01,3.47,Software Engineer
STU260135,16,M,class_10,arts,cbse,63.54,78.17,47.28,100.0,3.92,4.26,4.35,4.37,1.8,2.24,1.54,4.63,5.0,3.06,1.15,Journalist
STU140113,17,M,class_12,commerce,state,74.99,51.16,88.11,62.75,3.2,4.56,3.8,3.31,1.3,1.2,4.63,2.85,2.09,4.21,4.81,Chartered Accountant
STU040043,16,F,class_10,science_pcm,cbse,94.12,53.01,74.48,79.36,4.88,4.44,3.5,3.11,2.18,3.59,4.51,1.59,2.57,3.28,2.74,Cybersecurity Analyst
STU030080,17,M,class_11,science_pcm,icse,80.22,53.47,65.0,71.78,3.81,4.2,3.66,2.68,3.46,4.28,4.11,3.14,1.66,3.06,2.77,AI/ML Engineer
STU330060,16,M,class_11,vocational,cbse,73.43,50.78,90.0,86.92,4.0,4.55,2.15,3.19,3.78,3.94,2.46,1.65,3.79,2.49,1.8,Chef / Culinary Arts
STU270094,20,F,undergraduate,arts,cbse,57.53,56.05,49.93,62.0,4.1,4.52,2.4,3.71,4.17,2.06,2.13,3.96,3.93,1.71,3.25,Film Director
STU330088,14,F,class_9,vocational,cbse,69.62,29.36,87.35,71.79,3.84,4.9,2.99,4.25,3.06,5.0,3.95,1.78,1.81,2.19,2.04,Chef / Culinary Arts
STU080027,22,M,undergraduate,science_pcb,state,83.66,84.48,94.12,47.13,3.86,4.76,3.12,4.66,3.19,2.7,4.84,4.52,4.4,2.56,2.32,Doctor (MBBS)
STU060129,18,M,class_12,undecided,state,86.03,43.97,68.58,69.69,3.3,4.47,3.44,4.27,3.5,4.27,3.5,3.89,3.16,2.37,4.21,Mechanical Engineer
STU030038,17,F,class_11,science_pcm,cbse,80.29,60.79,82.93,58.77,3.92,3.36,2.08,3.35,2.86,2.7,4.85,3.33,1.3,3.46,4.2,AI/ML Engineer
STU070117,15,M,class_10,science_pcm,cbse,64.15,37.08,57.89,79.42,3.69,4.67,3.44,3.2,3.52,4.54,4.2,4.21,4.28,1.88,1.8,Civil Engineer
STU090076,18,M,class_12,science_pcb,cbse,62.64,94.3,77.9,52.46,3.5,4.73,3.28,4.2,1.2,2.5,4.92,3.23,4.42,2.26,3.12,Dentist
STU260049,18,F,class_12,arts,cbse,66.6,90.86,46.33,44.25,3.86,1.69,4.64,3.83,3.97,1.49,4.5,4.75,3.93,3.73,3.1,Journalist
STU310052,19,M,undergraduate,science_pcm,state,99.0,36.4,78.83,81.5,3.35,4.19,3.16,4.36,2.19,2.37,1.38,1.53,4.39,3.5,2.39,Environmental Scientist
STU230043,14,M,class_9,science_pcm,icse,69.79,54.0,67.42,86.24,4.37,1.83,2.4,3.53,3.73,1.74,3.61,3.8,2.77,4.49,2.09,Graphic Designer
STU330112,20,M,undergraduate,vocational,cbse,79.93,55.7,45.66,70.91,3.59,4.62,2.79,4.22,2.17,3.62,3.15,2.7,5.0,3.33,1.91,Chef / Culinary Arts
STU070096,16,M,class_10,science_pcm,cbse,60.86,68.68,70.32,77.78,3.3,3.69,2.0,2.66,3.81,4.05,2.1,4.48,2.42,3.62,3.63,Civil Engineer
STU140032,21,M,undergraduate,science_pcb,icse,73.19,53.75,99.95,57.17,4.2,4.15,4.62,2.55,1.67,2.9,3.41,3.14,3.78,3.18,4.09,Chartered Accountant
STU290098,14,M,class_9,science_pcm,cbse,98.53,74.78,91.72,100.0,3.43,4.21,4.86,4.84,1.56,2.32,3.26,2.29,5.0,4.5,2.1,IAS Officer
STU020012,18,F,undergraduate,science_pcm,cbse,100.0,67.48,77.07,67.03,3.18,4.58,2.92,3.22,2.24,3.46,3.68,3.65,1.96,3.86,2.58,Data Scientist
STU320149,18,F,class_12,science_pcm,state,76.9,49.33,78.05,63.87,3.65,3.67,3.2,2.75,3.11,2.69,2.09,1.79,4.67,4.88,4.21,Sports Manager
STU110001,17,F,class_11,science_pcm,cbse,87.72,72.31,85.41,81.32,3.72,3.03,4.28,3.67,1.2,2.23,4.13,2.35,4.49,2.92,3.62,Biomedical Engineer
STU260094,21,M,undergraduate,arts,state,48.85,100.0,65.67,78.05,4.96,4.14,3.67,4.65,2.58,3.13,3.67,4.01,3.85,4.36,1.78,Journalist
STU180064,16,F,class_10,science_pcm,state,23.15,68.47,80.46,33.87,3.06,4.92,4.05,4.8,1.03,3.62,3.94,3.67,2.47,4.71,3.74,Product Manager
STU240012,18,F,undergraduate,arts,cbse,69.63,64.35,55.97,76.23,4.02,2.56,2.4,4.09,1.81,1.93,1.76,4.45,3.95,2.07,1.96,Architect
STU070122,22,M,undergraduate,science_pcm,cbse,81.65,78.0,56.92,71.68,4.07,3.83,4.36,2.51,1.49,4.11,3.48,3.3,2.92,2.82,3.26,Civil Engineer
STU210074,18,M,undergraduate,arts,icse,93.44,78.27,45.0,65.32,3.97,3.8,4.96,2.35,2.55,1.37,3.71,4.0,4.11,5.0,2.92,Civil Lawyer
STU270044,18,M,undergraduate,arts,cbse,58.16,59.94,36.02,67.51,4.3,3.3,4.1,1.18,3.0,3.12,2.21,5.0,2.81,4.71,1.39,Film Director
STU110086,15,M,class_9,science_pcm,state,75.86,44.84,84.22,76.4,3.65,2.4,3.54,4.95,3.3,3.01,2.06,2.8,4.4,3.44,2.47,Biomedical Engineer
STU140006,17,F,class_11,science_pcm,cbse,37.22,74.89,80.48,59.73,3.18,3.73,2.59,3.0,3.85,2.27,3.18,2.32,3.35,4.33,4.15,Chartered Accountant
STU220003,20,M,undergraduate,undecided,state,70.43,90.5,35.73,73.26,4.43,4.39,4.51,3.5,4.5,2.68,3.6,4.02,4.11,2.54,1.98,UX/UI Designer
STU010035,20,M,undergraduate,science_pcm,icse,85.11,58.95,64.42,85.1,4.38,4.48,2.4,3.17,4.05,4.07,3.6,3.39,3.53,2.15,1.85,Software Engineer
STU270115,17,F,class_12,science_pcm,cbse,43.75,63.16,56.2,70.84,4.24,3.71,4.15,3.66,3.27,1.52,2.46,3.87,4.1,2.82,2.68,Film Director
STU060026,18,F,undergraduate,science_pcm,cbse,80.49,56.62,49.78,86.9,3.9,3.53,3.98,4.14,1.28,4.6,3.39,3.46,3.34,1.52,1.76,Mechanical Engineer
STU180007,17,F,class_11,commerce,state,62.07,34.34,92.0,84.91,3.89,3.17,5.0,3.95,2.24,2.85,3.72,4.09,3.03,4.45,2.69,Product Manager
STU100129,21,F,undergraduate,science_pcb,icse,75.66,43.38,77.82,81.2,2.97,3.8,3.34,3.5,3.32,1.8,3.74,3.7,4.22,2.23,2.6,Pharmacist
STU100014,17,F,class_11,science_pcb,cbse,56.72,97.0,93.95,69.87,4.14,4.18,3.04,4.11,2.88,2.7,3.72,2.59,3.68,1.2,2.98,Pharmacist
STU180063,18,F,class_12,science_pcm,cbse,93.0,80.79,56.33,76.23,3.2,1.61,1.0,3.46,2.28,1.46,4.58,2.85,4.85,3.92,3.06,Product Manager
STU190125,20,F,undergraduate,arts,icse,91.58,22.0,73.03,49.31,4.1,4.6,3.49,4.65,3.91,1.35,4.8,3.3,4.46,4.06,4.58,Entrepreneur
STU140092,21,F,undergraduate,undecided,cbse,79.77,81.94,93.03,46.35,3.97,4.82,1.41,2.64,2.18,3.08,3.2,2.13,2.13,3.76,4.6,Chartered Accountant
STU020092,14,F,class_9,undecided,cbse,77.62,68.06,89.87,15.68,4.85,4.74,2.25,4.01,4.43,4.56,3.99,2.34,3.12,1.6,2.01,Data Scientist
STU140112,17,F,class_11,commerce,state,75.94,80.67,89.58,56.23,3.23,3.75,3.27,3.91,3.09,3.07,4.13,1.85,4.0,4.38,4.6,Chartered Accountant
STU160114,17,F,class_12,science_pcm,cbse,67.59,89.01,58.35,41.51,2.8,4.79,4.53,3.11,1.6,1.62,3.59,2.03,4.09,4.23,4.38,Management Consultant
STU050001,15,F,class_10,science_pcm,state,86.22,63.0,92.28,69.27,4.34,3.39,3.76,4.29,2.78,3.23,4.06,3.5,1.02,3.64,1.99,Cloud Architect
STU170036,15,M,class_9,science_pcb,cbse,75.39,76.54,76.75,68.24,3.08,4.24,4.47,3.14,4.11,3.58,3.69,3.65,2.21,4.05,2.47,Digital Marketing Manager
STU200039,22,M,undergraduate,commerce,state,84.07,92.99,69.38,63.37,3.83,3.64,4.14,4.09,1.48,2.17,4.49,3.32,2.89,2.36,4.9,Corporate Lawyer
STU050047,18,M,class_12,science_pcb,cbse,87.3,68.25,39.98,88.48,3.16,4.04,2.58,2.91,2.43,2.96,4.0,3.65,2.76,2.91,2.42,Cloud Architect
STU260141,17,F,class_12,science_pcm,cbse,60.84,82.76,50.42,65.71,4.38,3.39,4.64,3.99,3.32,1.77,2.08,3.5,4.57,2.74,2.43,Journalist
STU240107,17,F,class_12,science_pcb,cbse,73.99,96.0,59.02,77.2,4.8,3.09,2.7,4.27,3.05,3.78,2.84,4.71,2.47,2.75,2.49,Architect
STU220053,17,M,class_12,arts,cbse,59.24,52.16,78.0,75.97,4.19,3.29,3.75,2.43,3.44,4.0,3.22,5.0,4.95,1.93,1.0,UX/UI Designer
STU110029,22,M,undergraduate,science_pcm,cbse,72.45,79.77,84.3,79.13,4.11,4.56,2.2,4.97,3.33,3.31,5.0,1.2,4.16,3.47,2.59,Biomedical Engineer
STU090068,18,F,class_12,science_pcb,state,72.67,88.63,62.0,53.35,2.53,3.5,2.94,4.27,3.9,3.49,4.5,2.36,5.0,2.83,1.92,Dentist
STU130100,15,F,class_9,undecided,ib,86.66,86.59,89.0,56.1,2.5,4.74,2.43,1.0,2.94,2.12,4.55,3.21,2.34,1.59,4.02,Physiotherapist
STU320009,15,F,class_10,commerce,icse,91.75,65.16,67.59,43.46,3.45,3.6,4.6,4.04,1.54,2.31,4.45,1.42,4.43,4.81,3.99,Sports Manager
STU210006,22,F,undergraduate,arts,state,80.58,91.44,52.01,67.69,4.33,4.96,2.38,2.0,1.0,1.71,3.64,2.7,3.91,3.46,4.85,Civil Lawyer
STU190035,18,F,class_12,science_pcm,cbse,70.51,87.38,54.0,41.94,3.13,4.45,3.93,3.38,1.2,1.4,4.57,3.31,2.37,4.29,3.14,Entrepreneur
STU020040,20,M,undergraduate,science_pcb,cbse,81.27,62.04,80.42,20.1,3.97,4.72,3.94,4.2,3.95,3.72,3.73,3.58,2.97,3.31,3.34,Data Scientist
STU130007,18,F,class_12,science_pcm,cbse,81.71,77.02,88.28,78.23,3.93,1.72,2.79,4.37,2.72,2.78,4.48,1.2,4.64,2.59,3.61,Physiotherapist
STU070076,16,M,class_10,science_pcm,cbse,88.0,50.84,59.43,41.09,2.09,4.9,3.84,3.04,2.99,3.95,2.36,1.74,4.12,3.42,3.72,Civil Engineer
STU190048,15,M,class_10,commerce,icse,76.0,22.12,69.77,81.92,4.45,3.88,4.11,3.85,2.22,1.72,4.48,3.27,3.08,3.98,2.95,Entrepreneur
STU140098,16,M,class_11,commerce,cbse,70.7,81.98,100.0,54.19,2.2,4.61,4.49,2.46,1.37,2.83,3.45,1.97,3.27,3.0,5.0,Chartered Accountant
STU180009,14,F,class_9,science_pcm,state,73.57,82.27,73.72,40.0,3.81,4.32,4.15,4.49,1.82,3.29,2.28,1.47,4.49,4.12,2.0,Product Manager
STU080033,14,F,class_9,science_pcb,ib,76.94,84.95,91.35,56.69,3.1,4.17,1.22,3.73,1.97,4.53,4.33,3.17,4.16,3.59,4.23,Doctor (MBBS)
STU040025,17,F,class_12,science_pcm,cbse,81.58,57.19,86.49,42.81,4.71,3.83,1.91,3.45,3.7,3.87,4.55,3.2,1.82,2.08,1.7,Cybersecurity Analyst
STU200055,15,M,class_9,undecided,state,82.49,75.39,37.01,70.87,2.19,4.65,2.93,4.34,3.82,2.93,4.77,4.0,2.36,5.0,1.66,Corporate Lawyer
STU330044,16,F,class_10,undecided,cbse,68.74,51.16,55.77,85.33,3.28,4.26,3.55,4.25,3.78,2.64,2.56,2.02,4.4,4.34,4.8,Chef / Culinary Arts
STU280068,18,M,undergraduate,arts,cbse,86.0,91.43,52.37,76.96,4.38,4.38,3.57,4.51,1.96,2.82,3.03,4.16,2.85,2.56,2.74,Content Writer
STU230086,18,O,class_12,arts,cbse,81.95,84.09,40.23,69.29,4.86,2.58,4.26,4.0,1.7,2.47,4.57,4.73,3.52,1.74,1.78,Graphic Designer
STU310056,20,F,undergraduate,science_pcm,cbse,99.0,82.53,81.03,79.23,3.3,4.41,4.52,4.43,3.09,4.17,3.07,2.91,4.47,4.62,3.88,Environmental Scientist
STU080135,21,F,undergraduate,science_pcm,cbse,90.52,82.52,97.39,53.05,4.21,4.73,4.4,4.69,3.22,2.83,4.38,2.64,5.0,1.82,4.3,Doctor (MBBS)
STU340102,16,M,class_10,undecided,cbse,87.72,66.01,56.55,68.95,4.02,3.28,4.58,4.69,2.95,4.05,3.37,1.41,4.24,4.18,3.25,Airline Pilot
STU170034,14,F,class_9,undecided,icse,85.14,73.59,81.9,68.84,4.75,3.1,3.3,4.04,3.64,1.59,2.95,3.43,2.47,4.92,2.7,Digital Marketing Manager
STU160142,15,F,class_10,commerce,cbse,65.82,72.79,89.15,77.55,2.8,3.38,3.78,2.79,1.32,3.2,2.64,4.02,3.48,4.86,4.11,Management Consultant
STU060020,15,M,class_9,science_pcm,state,80.91,49.51,77.6,82.92,3.79,4.9,4.1,2.99,3.92,3.5,2.89,3.07,1.68,4.83,3.36,Mechanical Engineer
STU120036,14,F,class_9,science_pcb,state,63.11,94.35,91.53,72.31,3.2,3.7,3.49,4.15,3.28,2.06,4.92,2.73,4.69,3.4,2.61,Clinical Psychologist
STU010131,17,M,class_11,science_pcm,state,91.06,77.23,89.91,88.24,4.55,3.64,3.38,2.92,2.67,4.54,4.89,2.7,1.44,1.86,2.87,Software Engineer
STU200070,15,M,class_9,commerce,cbse,84.86,77.79,61.19,77.17,2.42,4.95,3.51,4.39,1.9,2.29,4.61,3.02,3.67,4.21,4.03,Corporate Lawyer
STU220022,20,M,undergraduate,commerce,state,55.09,63.7,60.88,81.04,4.49,4.11,3.2,2.2,2.36,2.96,3.63,4.65,3.57,1.95,3.41,UX/UI Designer
STU230145,18,M,class_12,arts,cbse,47.88,77.7,53.89,77.41,4.28,2.58,3.28,3.79,3.57,3.56,2.07,4.24,3.16,4.66,3.5,Graphic Designer
STU300077,20,F,undergraduate,science_pcm,cbse,83.93,64.33,68.66,84.86,3.63,4.32,3.94,3.05,1.4,5.0,2.73,3.8,2.81,3.69,4.44,Defence Officer (Indian Armed Forces)
STU040017,19,F,undergraduate,science_pcm,cbse,70.14,79.77,83.87,56.64,3.7,4.74,3.79,2.42,2.22,4.59,4.8,2.19,1.75,4.0,2.4,Cybersecurity Analyst
STU210093,17,M,class_12,undecided,cbse,79.15,100.0,66.25,64.55,2.96,1.37,2.66,3.55,2.38,3.2,2.62,1.85,3.46,4.26,3.88,Civil Lawyer
STU260023,20,F,undergraduate,arts,cbse,63.05,99.64,63.48,85.0,4.58,3.64,3.85,3.53,4.52,3.38,1.64,5.0,4.33,4.05,1.47,Journalist
STU060111,16,F,class_10,science_pcm,cbse,70.03,48.5,67.25,93.98,3.55,4.46,3.14,4.14,3.26,4.52,3.24,1.81,3.77,2.29,3.66,Mechanical Engineer
